skip existing /home/cxc/MoEBench/dataset/paper_supplementary/topk_unixbench_aces-System-Product-Name.json
skip existing /home/cxc/MoEBench/dataset/paper_supplementary/topk_unixbench_iZbp1glgt48i9a8d49embxZ.json
skip existing /home/cxc/MoEBench/dataset/paper_supplementary/topk_unixbench_iZbp15n87643uk1sqjrdvdZ.json
skip existing /home/cxc/MoEBench/dataset/paper_supplementary/topk_unixbench_iZbp16krl0yc7euw7sb6slZ.json
skip existing /home/cxc/MoEBench/dataset/paper_supplementary/topk_unixbench_iZbp1acaw5wdllhz47922rZ.json
skip existing /home/cxc/MoEBench/dataset/paper_supplementary/topk_phoronix_cpu_aces-System-Product-Name.json
+ /home/cxc/dev/miniconda3/bin/python3 /home/cxc/MoEBench/scripts/paper_reconstruct_cv_extras.py --dataset-root /home/cxc/MoEBench/dataset --suites phoronix_cpu --cv-mode leave_one_session_out --seed 42 --model-type lightgbm --log1p-partial-value --train-aug 10 --train-k-max 12 --xi-ablations full --report-json /home/cxc/MoEBench/dataset/paper_supplementary/topk_phoronix_cpu_iZbp1glgt48i9a8d49embxZ.json --auto-install --glob-pts-cpu iZbp1glgt48i9a8d49embxZ_cpu_[0-9][0-9][0-9][0-9][0-9][0-9][0-9][0-9]T[0-9][0-9][0-9][0-9][0-9][0-9]Z/run-*.json --router-model-pts-cpu /home/cxc/MoEBench/dataset/experiments/router_recon_grid_cpu_iZbp1glgt48i9a8d49embxZ_20260525T134507Z/trained_models/router_mlp.pt --k-sweep 1,2,3,4,5 --policies router
[phoronix_cpu] leave_one_session_out needs >= 2 session dirs; got 1. Falling back to random_fold.
Requirement already satisfied: lightgbm in /home/cxc/dev/miniconda3/lib/python3.13/site-packages (4.6.0)
Requirement already satisfied: numpy>=1.17.0 in /home/cxc/dev/miniconda3/lib/python3.13/site-packages (from lightgbm) (2.4.4)
Requirement already satisfied: scipy in /home/cxc/dev/miniconda3/lib/python3.13/site-packages (from lightgbm) (1.17.1)
Requirement already satisfied: lightgbm in /home/cxc/dev/miniconda3/lib/python3.13/site-packages (4.6.0)
Requirement already satisfied: numpy>=1.17.0 in /home/cxc/dev/miniconda3/lib/python3.13/site-packages (from lightgbm) (2.4.4)
Requirement already satisfied: scipy in /home/cxc/dev/miniconda3/lib/python3.13/site-packages (from lightgbm) (1.17.1)
Requirement already satisfied: lightgbm in /home/cxc/dev/miniconda3/lib/python3.13/site-packages (4.6.0)
Requirement already satisfied: numpy>=1.17.0 in /home/cxc/dev/miniconda3/lib/python3.13/site-packages (from lightgbm) (2.4.4)
Requirement already satisfied: scipy in /home/cxc/dev/miniconda3/lib/python3.13/site-packages (from lightgbm) (1.17.1)
Requirement already satisfied: lightgbm in /home/cxc/dev/miniconda3/lib/python3.13/site-packages (4.6.0)
Requirement already satisfied: numpy>=1.17.0 in /home/cxc/dev/miniconda3/lib/python3.13/site-packages (from lightgbm) (2.4.4)
Requirement already satisfied: scipy in /home/cxc/dev/miniconda3/lib/python3.13/site-packages (from lightgbm) (1.17.1)
Requirement already satisfied: lightgbm in /home/cxc/dev/miniconda3/lib/python3.13/site-packages (4.6.0)
Requirement already satisfied: numpy>=1.17.0 in /home/cxc/dev/miniconda3/lib/python3.13/site-packages (from lightgbm) (2.4.4)
Requirement already satisfied: scipy in /home/cxc/dev/miniconda3/lib/python3.13/site-packages (from lightgbm) (1.17.1)
Requirement already satisfied: lightgbm in /home/cxc/dev/miniconda3/lib/python3.13/site-packages (4.6.0)
Requirement already satisfied: numpy>=1.17.0 in /home/cxc/dev/miniconda3/lib/python3.13/site-packages (from lightgbm) (2.4.4)
Requirement already satisfied: scipy in /home/cxc/dev/miniconda3/lib/python3.13/site-packages (from lightgbm) (1.17.1)
Requirement already satisfied: lightgbm in /home/cxc/dev/miniconda3/lib/python3.13/site-packages (4.6.0)
Requirement already satisfied: numpy>=1.17.0 in /home/cxc/dev/miniconda3/lib/python3.13/site-packages (from lightgbm) (2.4.4)
Requirement already satisfied: scipy in /home/cxc/dev/miniconda3/lib/python3.13/site-packages (from lightgbm) (1.17.1)
Requirement already satisfied: lightgbm in /home/cxc/dev/miniconda3/lib/python3.13/site-packages (4.6.0)
Requirement already satisfied: numpy>=1.17.0 in /home/cxc/dev/miniconda3/lib/python3.13/site-packages (from lightgbm) (2.4.4)
Requirement already satisfied: scipy in /home/cxc/dev/miniconda3/lib/python3.13/site-packages (from lightgbm) (1.17.1)
Requirement already satisfied: lightgbm in /home/cxc/dev/miniconda3/lib/python3.13/site-packages (4.6.0)
Requirement already satisfied: numpy>=1.17.0 in /home/cxc/dev/miniconda3/lib/python3.13/site-packages (from lightgbm) (2.4.4)
Requirement already satisfied: scipy in /home/cxc/dev/miniconda3/lib/python3.13/site-packages (from lightgbm) (1.17.1)
Requirement already satisfied: lightgbm in /home/cxc/dev/miniconda3/lib/python3.13/site-packages (4.6.0)
Requirement already satisfied: numpy>=1.17.0 in /home/cxc/dev/miniconda3/lib/python3.13/site-packages (from lightgbm) (2.4.4)
Requirement already satisfied: scipy in /home/cxc/dev/miniconda3/lib/python3.13/site-packages (from lightgbm) (1.17.1)
Requirement already satisfied: lightgbm in /home/cxc/dev/miniconda3/lib/python3.13/site-packages (4.6.0)
Requirement already satisfied: numpy>=1.17.0 in /home/cxc/dev/miniconda3/lib/python3.13/site-packages (from lightgbm) (2.4.4)
Requirement already satisfied: scipy in /home/cxc/dev/miniconda3/lib/python3.13/site-packages (from lightgbm) (1.17.1)
Requirement already satisfied: lightgbm in /home/cxc/dev/miniconda3/lib/python3.13/site-packages (4.6.0)
Requirement already satisfied: numpy>=1.17.0 in /home/cxc/dev/miniconda3/lib/python3.13/site-packages (from lightgbm) (2.4.4)
Requirement already satisfied: scipy in /home/cxc/dev/miniconda3/lib/python3.13/site-packages (from lightgbm) (1.17.1)
Requirement already satisfied: lightgbm in /home/cxc/dev/miniconda3/lib/python3.13/site-packages (4.6.0)
Requirement already satisfied: numpy>=1.17.0 in /home/cxc/dev/miniconda3/lib/python3.13/site-packages (from lightgbm) (2.4.4)
Requirement already satisfied: scipy in /home/cxc/dev/miniconda3/lib/python3.13/site-packages (from lightgbm) (1.17.1)
Requirement already satisfied: lightgbm in /home/cxc/dev/miniconda3/lib/python3.13/site-packages (4.6.0)
Requirement already satisfied: numpy>=1.17.0 in /home/cxc/dev/miniconda3/lib/python3.13/site-packages (from lightgbm) (2.4.4)
Requirement already satisfied: scipy in /home/cxc/dev/miniconda3/lib/python3.13/site-packages (from lightgbm) (1.17.1)
Requirement already satisfied: lightgbm in /home/cxc/dev/miniconda3/lib/python3.13/site-packages (4.6.0)
Requirement already satisfied: numpy>=1.17.0 in /home/cxc/dev/miniconda3/lib/python3.13/site-packages (from lightgbm) (2.4.4)
Requirement already satisfied: scipy in /home/cxc/dev/miniconda3/lib/python3.13/site-packages (from lightgbm) (1.17.1)
Requirement already satisfied: lightgbm in /home/cxc/dev/miniconda3/lib/python3.13/site-packages (4.6.0)
Requirement already satisfied: numpy>=1.17.0 in /home/cxc/dev/miniconda3/lib/python3.13/site-packages (from lightgbm) (2.4.4)
Requirement already satisfied: scipy in /home/cxc/dev/miniconda3/lib/python3.13/site-packages (from lightgbm) (1.17.1)
Requirement already satisfied: lightgbm in /home/cxc/dev/miniconda3/lib/python3.13/site-packages (4.6.0)
Requirement already satisfied: numpy>=1.17.0 in /home/cxc/dev/miniconda3/lib/python3.13/site-packages (from lightgbm) (2.4.4)
Requirement already satisfied: scipy in /home/cxc/dev/miniconda3/lib/python3.13/site-packages (from lightgbm) (1.17.1)
Requirement already satisfied: lightgbm in /home/cxc/dev/miniconda3/lib/python3.13/site-packages (4.6.0)
Requirement already satisfied: numpy>=1.17.0 in /home/cxc/dev/miniconda3/lib/python3.13/site-packages (from lightgbm) (2.4.4)
Requirement already satisfied: scipy in /home/cxc/dev/miniconda3/lib/python3.13/site-packages (from lightgbm) (1.17.1)
Requirement already satisfied: lightgbm in /home/cxc/dev/miniconda3/lib/python3.13/site-packages (4.6.0)
Requirement already satisfied: numpy>=1.17.0 in /home/cxc/dev/miniconda3/lib/python3.13/site-packages (from lightgbm) (2.4.4)
Requirement already satisfied: scipy in /home/cxc/dev/miniconda3/lib/python3.13/site-packages (from lightgbm) (1.17.1)
Requirement already satisfied: lightgbm in /home/cxc/dev/miniconda3/lib/python3.13/site-packages (4.6.0)
Requirement already satisfied: numpy>=1.17.0 in /home/cxc/dev/miniconda3/lib/python3.13/site-packages (from lightgbm) (2.4.4)
Requirement already satisfied: scipy in /home/cxc/dev/miniconda3/lib/python3.13/site-packages (from lightgbm) (1.17.1)
Requirement already satisfied: lightgbm in /home/cxc/dev/miniconda3/lib/python3.13/site-packages (4.6.0)
Requirement already satisfied: numpy>=1.17.0 in /home/cxc/dev/miniconda3/lib/python3.13/site-packages (from lightgbm) (2.4.4)
Requirement already satisfied: scipy in /home/cxc/dev/miniconda3/lib/python3.13/site-packages (from lightgbm) (1.17.1)
Requirement already satisfied: lightgbm in /home/cxc/dev/miniconda3/lib/python3.13/site-packages (4.6.0)
Requirement already satisfied: numpy>=1.17.0 in /home/cxc/dev/miniconda3/lib/python3.13/site-packages (from lightgbm) (2.4.4)
Requirement already satisfied: scipy in /home/cxc/dev/miniconda3/lib/python3.13/site-packages (from lightgbm) (1.17.1)
Requirement already satisfied: lightgbm in /home/cxc/dev/miniconda3/lib/python3.13/site-packages (4.6.0)
Requirement already satisfied: numpy>=1.17.0 in /home/cxc/dev/miniconda3/lib/python3.13/site-packages (from lightgbm) (2.4.4)
Requirement already satisfied: scipy in /home/cxc/dev/miniconda3/lib/python3.13/site-packages (from lightgbm) (1.17.1)
Requirement already satisfied: lightgbm in /home/cxc/dev/miniconda3/lib/python3.13/site-packages (4.6.0)
Requirement already satisfied: numpy>=1.17.0 in /home/cxc/dev/miniconda3/lib/python3.13/site-packages (from lightgbm) (2.4.4)
Requirement already satisfied: scipy in /home/cxc/dev/miniconda3/lib/python3.13/site-packages (from lightgbm) (1.17.1)
Requirement already satisfied: lightgbm in /home/cxc/dev/miniconda3/lib/python3.13/site-packages (4.6.0)
Requirement already satisfied: numpy>=1.17.0 in /home/cxc/dev/miniconda3/lib/python3.13/site-packages (from lightgbm) (2.4.4)
Requirement already satisfied: scipy in /home/cxc/dev/miniconda3/lib/python3.13/site-packages (from lightgbm) (1.17.1)
{
  "schema": "moebench.paper_reconstruct_cv_extras.v2",
  "dataset_root": "/home/cxc/MoEBench/dataset",
  "suites_requested": [
    "phoronix_cpu"
  ],
  "eval_partial_k_list": [
    1,
    2,
    3,
    4,
    5
  ],
  "train_k_range_requested": [
    2,
    12
  ],
  "pts_suite_target": "logmean",
  "model_type": "lightgbm",
  "policies": [
    "router"
  ],
  "xi_ablations": [
    "full"
  ],
  "suite_results": [
    {
      "suite_key": "phoronix_cpu",
      "pts_suite_filter": "cpu",
      "glob_pattern": "iZbp1glgt48i9a8d49embxZ_cpu_[0-9][0-9][0-9][0-9][0-9][0-9][0-9][0-9]T[0-9][0-9][0-9][0-9][0-9][0-9]Z/run-*.json",
      "cv_mode_effective": "random_fold",
      "folds_effective": 5,
      "sessions": [
        "iZbp1glgt48i9a8d49embxZ_cpu_20260525T050416Z"
      ],
      "n_samples": 5,
      "num_profiles_or_subtests": 5,
      "profile_ids_head": [
        "pts/asmfish-1.1.2",
        "pts/ctx-clock-1.0.0",
        "pts/namd-1.4.0",
        "pts/radiance-1.0.0",
        "pts/rodinia-1.3.2"
      ],
      "combinations": [
        {
          "suite_key": "phoronix_cpu",
          "xi_ablation": "full",
          "benchmark": "phoronix",
          "eval_partial_k": 1,
          "policy": "router",
          "oof_metrics": {
            "mae_all_targets": 6619.75820247029,
            "rmse_all_targets": 18583.144461386262,
            "mae_subtest_index_only": 7943.459776821774,
            "rmse_subtest_index_only": 20356.814811683977,
            "mae_suite_index": 1.250330712878099,
            "rmse_suite_index": 1.4319653737199356,
            "spearman_suite": -0.7,
            "kendall_tau_suite": -0.6,
            "median_bucket_accuracy_suite": 0.2
          },
          "per_fold_metrics": [
            {
              "mae_all_targets": 6366.560117411843,
              "rmse_all_targets": 15590.479035032029,
              "mae_subtest_index_only": 7639.690011116327,
              "rmse_subtest_index_only": 17078.514094741135,
              "mae_suite_index": 0.9106488894246922,
              "rmse_suite_index": 0.9106488894246922,
              "spearman_suite": NaN,
              "kendall_tau_suite": NaN,
              "fold": 0,
              "n_val": 1,
              "median_bucket_accuracy_suite": NaN,
              "mean_eval_wall_saved_fraction": 0.43691281794223313
            },
            {
              "mae_all_targets": 12570.378312056311,
              "rmse_all_targets": 30785.584869983744,
              "mae_subtest_index_only": 15084.098995469894,
              "rmse_subtest_index_only": 33723.91854921838,
              "mae_suite_index": 1.7748949883998648,
              "rmse_suite_index": 1.7748949883998648,
              "spearman_suite": NaN,
              "kendall_tau_suite": NaN,
              "fold": 1,
              "n_val": 1,
              "median_bucket_accuracy_suite": NaN,
              "mean_eval_wall_saved_fraction": 0.8314896507524718
            },
            {
              "mae_all_targets": 909.0885401297138,
              "rmse_all_targets": 2225.9495810858257,
              "mae_subtest_index_only": 1090.7868944072393,
              "rmse_subtest_index_only": 2438.4055802546077,
              "mae_suite_index": 0.5967687420860557,
              "rmse_suite_index": 0.5967687420860557,
              "spearman_suite": NaN,
              "kendall_tau_suite": NaN,
              "fold": 2,
              "n_val": 1,
              "median_bucket_accuracy_suite": NaN,
              "mean_eval_wall_saved_fraction": 0.4413946629665456
            },
            {
              "mae_all_targets": 7216.303141237266,
              "rmse_all_targets": 17672.421369489497,
              "mae_subtest_index_only": 8659.093142282509,
              "rmse_subtest_index_only": 19359.167631008753,
              "mae_suite_index": 2.353136011047809,
              "rmse_suite_index": 2.353136011047809,
              "spearman_suite": NaN,
              "kendall_tau_suite": NaN,
              "fold": 3,
              "n_val": 1,
              "median_bucket_accuracy_suite": NaN,
              "mean_eval_wall_saved_fraction": 0.4376715798340691
            },
            {
              "mae_all_targets": 6036.460901516316,
              "rmse_all_targets": 14784.508427292554,
              "mae_subtest_index_only": 7243.629840832893,
              "rmse_subtest_index_only": 16195.617532162205,
              "mae_suite_index": 0.6162049334320727,
              "rmse_suite_index": 0.6162049334320727,
              "spearman_suite": NaN,
              "kendall_tau_suite": NaN,
              "fold": 4,
              "n_val": 1,
              "median_bucket_accuracy_suite": NaN,
              "mean_eval_wall_saved_fraction": 0.4396866969756868
            }
          ],
          "time_savings": {
            "mean_fraction_wall_time_saved_vs_full_suite": 0.5174310816942013,
            "description": "Eval subset; PTS ti.by_test_id.time_s_total (or execution_cost)."
          },
          "n_oof": 5
        },
        {
          "suite_key": "phoronix_cpu",
          "xi_ablation": "full",
          "benchmark": "phoronix",
          "eval_partial_k": 2,
          "policy": "router",
          "oof_metrics": {
            "mae_all_targets": 6619.75611500013,
            "rmse_all_targets": 18583.144461102056,
            "mae_subtest_index_only": 7943.457271857582,
            "rmse_subtest_index_only": 20356.814811372642,
            "mae_suite_index": 1.250330712878099,
            "rmse_suite_index": 1.4319653737199356,
            "spearman_suite": -0.7,
            "kendall_tau_suite": -0.6,
            "median_bucket_accuracy_suite": 0.2
          },
          "per_fold_metrics": [
            {
              "mae_all_targets": 6366.560117411843,
              "rmse_all_targets": 15590.479035032029,
              "mae_subtest_index_only": 7639.690011116327,
              "rmse_subtest_index_only": 17078.514094741135,
              "mae_suite_index": 0.9106488894246922,
              "rmse_suite_index": 0.9106488894246922,
              "spearman_suite": NaN,
              "kendall_tau_suite": NaN,
              "fold": 0,
              "n_val": 1,
              "median_bucket_accuracy_suite": NaN,
              "mean_eval_wall_saved_fraction": 0.267606917450842
            },
            {
              "mae_all_targets": 12570.378312056311,
              "rmse_all_targets": 30785.584869983744,
              "mae_subtest_index_only": 15084.098995469894,
              "rmse_subtest_index_only": 33723.91854921838,
              "mae_suite_index": 1.7748949883998648,
              "rmse_suite_index": 1.7748949883998648,
              "spearman_suite": NaN,
              "kendall_tau_suite": NaN,
              "fold": 1,
              "n_val": 1,
              "median_bucket_accuracy_suite": NaN,
              "mean_eval_wall_saved_fraction": 0.2659220299760721
            },
            {
              "mae_all_targets": 909.0885401297138,
              "rmse_all_targets": 2225.9495810858257,
              "mae_subtest_index_only": 1090.7868944072393,
              "rmse_subtest_index_only": 2438.4055802546077,
              "mae_suite_index": 0.5967687420860557,
              "rmse_suite_index": 0.5967687420860557,
              "spearman_suite": NaN,
              "kendall_tau_suite": NaN,
              "fold": 2,
              "n_val": 1,
              "median_bucket_accuracy_suite": NaN,
              "mean_eval_wall_saved_fraction": 0.26368284460059327
            },
            {
              "mae_all_targets": 7216.303141237266,
              "rmse_all_targets": 17672.421369489497,
              "mae_subtest_index_only": 8659.093142282509,
              "rmse_subtest_index_only": 19359.167631008753,
              "mae_suite_index": 2.353136011047809,
              "rmse_suite_index": 2.353136011047809,
              "spearman_suite": NaN,
              "kendall_tau_suite": NaN,
              "fold": 3,
              "n_val": 1,
              "median_bucket_accuracy_suite": NaN,
              "mean_eval_wall_saved_fraction": 0.26425618541151646
            },
            {
              "mae_all_targets": 6036.4504641655185,
              "rmse_all_targets": 14784.508425506405,
              "mae_subtest_index_only": 7243.617316011936,
              "rmse_subtest_index_only": 16195.617530205574,
              "mae_suite_index": 0.6162049334320727,
              "rmse_suite_index": 0.6162049334320727,
              "spearman_suite": NaN,
              "kendall_tau_suite": NaN,
              "fold": 4,
              "n_val": 1,
              "median_bucket_accuracy_suite": NaN,
              "mean_eval_wall_saved_fraction": 0.26470722398771407
            }
          ],
          "time_savings": {
            "mean_fraction_wall_time_saved_vs_full_suite": 0.2652350402853475,
            "description": "Eval subset; PTS ti.by_test_id.time_s_total (or execution_cost)."
          },
          "n_oof": 5
        },
        {
          "suite_key": "phoronix_cpu",
          "xi_ablation": "full",
          "benchmark": "phoronix",
          "eval_partial_k": 3,
          "policy": "router",
          "oof_metrics": {
            "mae_all_targets": 6619.7559639852325,
            "rmse_all_targets": 18583.14446108094,
            "mae_subtest_index_only": 7943.457090639704,
            "rmse_subtest_index_only": 20356.814811349515,
            "mae_suite_index": 1.250330712878099,
            "rmse_suite_index": 1.4319653737199356,
            "spearman_suite": -0.7,
            "kendall_tau_suite": -0.6,
            "median_bucket_accuracy_suite": 0.2
          },
          "per_fold_metrics": [
            {
              "mae_all_targets": 6366.560117411843,
              "rmse_all_targets": 15590.479035032029,
              "mae_subtest_index_only": 7639.690011116327,
              "rmse_subtest_index_only": 17078.514094741135,
              "mae_suite_index": 0.9106488894246922,
              "rmse_suite_index": 0.9106488894246922,
              "spearman_suite": NaN,
              "kendall_tau_suite": NaN,
              "fold": 0,
              "n_val": 1,
              "median_bucket_accuracy_suite": NaN,
              "mean_eval_wall_saved_fraction": 0.06051440376100314
            },
            {
              "mae_all_targets": 12570.378312056311,
              "rmse_all_targets": 30785.584869983744,
              "mae_subtest_index_only": 15084.098995469894,
              "rmse_subtest_index_only": 33723.91854921838,
              "mae_suite_index": 1.7748949883998648,
              "rmse_suite_index": 1.7748949883998648,
              "spearman_suite": NaN,
              "kendall_tau_suite": NaN,
              "fold": 1,
              "n_val": 1,
              "median_bucket_accuracy_suite": NaN,
              "mean_eval_wall_saved_fraction": 0.060683221113347625
            },
            {
              "mae_all_targets": 909.0885401297138,
              "rmse_all_targets": 2225.9495810858257,
              "mae_subtest_index_only": 1090.7868944072393,
              "rmse_subtest_index_only": 2438.4055802546077,
              "mae_suite_index": 0.5967687420860557,
              "rmse_suite_index": 0.5967687420860557,
              "spearman_suite": NaN,
              "kendall_tau_suite": NaN,
              "fold": 2,
              "n_val": 1,
              "median_bucket_accuracy_suite": NaN,
              "mean_eval_wall_saved_fraction": 0.2629900183807175
            },
            {
              "mae_all_targets": 7216.303141237266,
              "rmse_all_targets": 17672.421369489497,
              "mae_subtest_index_only": 8659.093142282509,
              "rmse_subtest_index_only": 19359.167631008753,
              "mae_suite_index": 2.353136011047809,
              "rmse_suite_index": 2.353136011047809,
              "spearman_suite": NaN,
              "kendall_tau_suite": NaN,
              "fold": 3,
              "n_val": 1,
              "median_bucket_accuracy_suite": NaN,
              "mean_eval_wall_saved_fraction": 0.06044163487242143
            },
            {
              "mae_all_targets": 6036.449709091031,
              "rmse_all_targets": 14784.508425373708,
              "mae_subtest_index_only": 7243.616409922552,
              "rmse_subtest_index_only": 16195.617530060214,
              "mae_suite_index": 0.6162049334320727,
              "rmse_suite_index": 0.6162049334320727,
              "spearman_suite": NaN,
              "kendall_tau_suite": NaN,
              "fold": 4,
              "n_val": 1,
              "median_bucket_accuracy_suite": NaN,
              "mean_eval_wall_saved_fraction": 0.20514847872033082
            }
          ],
          "time_savings": {
            "mean_fraction_wall_time_saved_vs_full_suite": 0.1299555513695641,
            "description": "Eval subset; PTS ti.by_test_id.time_s_total (or execution_cost)."
          },
          "n_oof": 5
        },
        {
          "suite_key": "phoronix_cpu",
          "xi_ablation": "full",
          "benchmark": "phoronix",
          "eval_partial_k": 4,
          "policy": "router",
          "oof_metrics": {
            "mae_all_targets": 6619.756128840619,
            "rmse_all_targets": 18583.14446110955,
            "mae_subtest_index_only": 7943.457288466167,
            "rmse_subtest_index_only": 20356.814811380853,
            "mae_suite_index": 1.250330712878099,
            "rmse_suite_index": 1.4319653737199356,
            "spearman_suite": -0.7,
            "kendall_tau_suite": -0.6,
            "median_bucket_accuracy_suite": 0.2
          },
          "per_fold_metrics": [
            {
              "mae_all_targets": 6366.560117411843,
              "rmse_all_targets": 15590.479035032029,
              "mae_subtest_index_only": 7639.690011116327,
              "rmse_subtest_index_only": 17078.514094741135,
              "mae_suite_index": 0.9106488894246922,
              "rmse_suite_index": 0.9106488894246922,
              "spearman_suite": NaN,
              "kendall_tau_suite": NaN,
              "fold": 0,
              "n_val": 1,
              "median_bucket_accuracy_suite": NaN,
              "mean_eval_wall_saved_fraction": 0.0006949349495317457
            },
            {
              "mae_all_targets": 12570.378312056311,
              "rmse_all_targets": 30785.584869983744,
              "mae_subtest_index_only": 15084.098995469894,
              "rmse_subtest_index_only": 33723.91854921838,
              "mae_suite_index": 1.7748949883998648,
              "rmse_suite_index": 1.7748949883998648,
              "spearman_suite": NaN,
              "kendall_tau_suite": NaN,
              "fold": 1,
              "n_val": 1,
              "median_bucket_accuracy_suite": NaN,
              "mean_eval_wall_saved_fraction": 0.05997900792287809
            },
            {
              "mae_all_targets": 909.0885401297138,
              "rmse_all_targets": 2225.9495810858257,
              "mae_subtest_index_only": 1090.7868944072393,
              "rmse_subtest_index_only": 2438.4055802546077,
              "mae_suite_index": 0.5967687420860557,
              "rmse_suite_index": 0.5967687420860557,
              "spearman_suite": NaN,
              "kendall_tau_suite": NaN,
              "fold": 2,
              "n_val": 1,
              "median_bucket_accuracy_suite": NaN,
              "mean_eval_wall_saved_fraction": 0.059312360511934205
            },
            {
              "mae_all_targets": 7216.303141237266,
              "rmse_all_targets": 17672.421369489497,
              "mae_subtest_index_only": 8659.093142282509,
              "rmse_subtest_index_only": 19359.167631008753,
              "mae_suite_index": 2.353136011047809,
              "rmse_suite_index": 2.353136011047809,
              "spearman_suite": NaN,
              "kendall_tau_suite": NaN,
              "fold": 3,
              "n_val": 1,
              "median_bucket_accuracy_suite": NaN,
              "mean_eval_wall_saved_fraction": 0.05974345791112277
            },
            {
              "mae_all_targets": 6036.450533367962,
              "rmse_all_targets": 14784.5084255535,
              "mae_subtest_index_only": 7243.617399054868,
              "rmse_subtest_index_only": 16195.617530257166,
              "mae_suite_index": 0.6162049334320727,
              "rmse_suite_index": 0.6162049334320727,
              "spearman_suite": NaN,
              "kendall_tau_suite": NaN,
              "fold": 4,
              "n_val": 1,
              "median_bucket_accuracy_suite": NaN,
              "mean_eval_wall_saved_fraction": 0.2044528410905165
            }
          ],
          "time_savings": {
            "mean_fraction_wall_time_saved_vs_full_suite": 0.07683652047719666,
            "description": "Eval subset; PTS ti.by_test_id.time_s_total (or execution_cost)."
          },
          "n_oof": 5
        },
        {
          "suite_key": "phoronix_cpu",
          "xi_ablation": "full",
          "benchmark": "phoronix",
          "eval_partial_k": 5,
          "policy": "router",
          "oof_metrics": {
            "mae_all_targets": 6619.757672013833,
            "rmse_all_targets": 18583.14446128481,
            "mae_subtest_index_only": 7943.459140274025,
            "rmse_subtest_index_only": 20356.81481157284,
            "mae_suite_index": 1.250330712878099,
            "rmse_suite_index": 1.4319653737199356,
            "spearman_suite": -0.7,
            "kendall_tau_suite": -0.6,
            "median_bucket_accuracy_suite": 0.2
          },
          "per_fold_metrics": [
            {
              "mae_all_targets": 6366.560117411843,
              "rmse_all_targets": 15590.479035032029,
              "mae_subtest_index_only": 7639.690011116327,
              "rmse_subtest_index_only": 17078.514094741135,
              "mae_suite_index": 0.9106488894246922,
              "rmse_suite_index": 0.9106488894246922,
              "spearman_suite": NaN,
              "kendall_tau_suite": NaN,
              "fold": 0,
              "n_val": 1,
              "median_bucket_accuracy_suite": NaN,
              "mean_eval_wall_saved_fraction": 0.0
            },
            {
              "mae_all_targets": 12570.378312056311,
              "rmse_all_targets": 30785.584869983744,
              "mae_subtest_index_only": 15084.098995469894,
              "rmse_subtest_index_only": 33723.91854921838,
              "mae_suite_index": 1.7748949883998648,
              "rmse_suite_index": 1.7748949883998648,
              "spearman_suite": NaN,
              "kendall_tau_suite": NaN,
              "fold": 1,
              "n_val": 1,
              "median_bucket_accuracy_suite": NaN,
              "mean_eval_wall_saved_fraction": 0.0
            },
            {
              "mae_all_targets": 909.0885401297138,
              "rmse_all_targets": 2225.9495810858257,
              "mae_subtest_index_only": 1090.7868944072393,
              "rmse_subtest_index_only": 2438.4055802546077,
              "mae_suite_index": 0.5967687420860557,
              "rmse_suite_index": 0.5967687420860557,
              "spearman_suite": NaN,
              "kendall_tau_suite": NaN,
              "fold": 2,
              "n_val": 1,
              "median_bucket_accuracy_suite": NaN,
              "mean_eval_wall_saved_fraction": 0.0
            },
            {
              "mae_all_targets": 7216.303141237266,
              "rmse_all_targets": 17672.421369489497,
              "mae_subtest_index_only": 8659.093142282509,
              "rmse_subtest_index_only": 19359.167631008753,
              "mae_suite_index": 2.353136011047809,
              "rmse_suite_index": 2.353136011047809,
              "spearman_suite": NaN,
              "kendall_tau_suite": NaN,
              "fold": 3,
              "n_val": 1,
              "median_bucket_accuracy_suite": NaN,
              "mean_eval_wall_saved_fraction": 0.0
            },
            {
              "mae_all_targets": 6036.458249234034,
              "rmse_all_targets": 14784.508426654947,
              "mae_subtest_index_only": 7243.626658094155,
              "rmse_subtest_index_only": 16195.61753146374,
              "mae_suite_index": 0.6162049334320727,
              "rmse_suite_index": 0.6162049334320727,
              "spearman_suite": NaN,
              "kendall_tau_suite": NaN,
              "fold": 4,
              "n_val": 1,
              "median_bucket_accuracy_suite": NaN,
              "mean_eval_wall_saved_fraction": 0.0
            }
          ],
          "time_savings": {
            "mean_fraction_wall_time_saved_vs_full_suite": 0.0,
            "description": "Eval subset; PTS ti.by_test_id.time_s_total (or execution_cost)."
          },
          "n_oof": 5
        }
      ]
    }
  ]
}
+ /home/cxc/dev/miniconda3/bin/python3 /home/cxc/MoEBench/scripts/paper_reconstruct_cv_extras.py --dataset-root /home/cxc/MoEBench/dataset --suites phoronix_cpu --cv-mode leave_one_session_out --seed 42 --model-type lightgbm --log1p-partial-value --train-aug 10 --train-k-max 12 --xi-ablations full --report-json /home/cxc/MoEBench/dataset/paper_supplementary/topk_phoronix_cpu_iZbp15n87643uk1sqjrdvdZ.json --auto-install --glob-pts-cpu iZbp15n87643uk1sqjrdvdZ_cpu_[0-9][0-9][0-9][0-9][0-9][0-9][0-9][0-9]T[0-9][0-9][0-9][0-9][0-9][0-9]Z/run-*.json --router-model-pts-cpu /home/cxc/MoEBench/dataset/experiments/router_recon_grid_cpu_iZbp15n87643uk1sqjrdvdZ_20260529T040002Z/trained_models/router_mlp.pt --k-sweep 1,2,3,4,5 --policies router
[phoronix_cpu] leave_one_session_out needs >= 2 session dirs; got 1. Falling back to random_fold.
Requirement already satisfied: lightgbm in /home/cxc/dev/miniconda3/lib/python3.13/site-packages (4.6.0)
Requirement already satisfied: numpy>=1.17.0 in /home/cxc/dev/miniconda3/lib/python3.13/site-packages (from lightgbm) (2.4.4)
Requirement already satisfied: scipy in /home/cxc/dev/miniconda3/lib/python3.13/site-packages (from lightgbm) (1.17.1)
Requirement already satisfied: lightgbm in /home/cxc/dev/miniconda3/lib/python3.13/site-packages (4.6.0)
Requirement already satisfied: numpy>=1.17.0 in /home/cxc/dev/miniconda3/lib/python3.13/site-packages (from lightgbm) (2.4.4)
Requirement already satisfied: scipy in /home/cxc/dev/miniconda3/lib/python3.13/site-packages (from lightgbm) (1.17.1)
Requirement already satisfied: lightgbm in /home/cxc/dev/miniconda3/lib/python3.13/site-packages (4.6.0)
Requirement already satisfied: numpy>=1.17.0 in /home/cxc/dev/miniconda3/lib/python3.13/site-packages (from lightgbm) (2.4.4)
Requirement already satisfied: scipy in /home/cxc/dev/miniconda3/lib/python3.13/site-packages (from lightgbm) (1.17.1)
Requirement already satisfied: lightgbm in /home/cxc/dev/miniconda3/lib/python3.13/site-packages (4.6.0)
Requirement already satisfied: numpy>=1.17.0 in /home/cxc/dev/miniconda3/lib/python3.13/site-packages (from lightgbm) (2.4.4)
Requirement already satisfied: scipy in /home/cxc/dev/miniconda3/lib/python3.13/site-packages (from lightgbm) (1.17.1)
Requirement already satisfied: lightgbm in /home/cxc/dev/miniconda3/lib/python3.13/site-packages (4.6.0)
Requirement already satisfied: numpy>=1.17.0 in /home/cxc/dev/miniconda3/lib/python3.13/site-packages (from lightgbm) (2.4.4)
Requirement already satisfied: scipy in /home/cxc/dev/miniconda3/lib/python3.13/site-packages (from lightgbm) (1.17.1)
Requirement already satisfied: lightgbm in /home/cxc/dev/miniconda3/lib/python3.13/site-packages (4.6.0)
Requirement already satisfied: numpy>=1.17.0 in /home/cxc/dev/miniconda3/lib/python3.13/site-packages (from lightgbm) (2.4.4)
Requirement already satisfied: scipy in /home/cxc/dev/miniconda3/lib/python3.13/site-packages (from lightgbm) (1.17.1)
Requirement already satisfied: lightgbm in /home/cxc/dev/miniconda3/lib/python3.13/site-packages (4.6.0)
Requirement already satisfied: numpy>=1.17.0 in /home/cxc/dev/miniconda3/lib/python3.13/site-packages (from lightgbm) (2.4.4)
Requirement already satisfied: scipy in /home/cxc/dev/miniconda3/lib/python3.13/site-packages (from lightgbm) (1.17.1)
Requirement already satisfied: lightgbm in /home/cxc/dev/miniconda3/lib/python3.13/site-packages (4.6.0)
Requirement already satisfied: numpy>=1.17.0 in /home/cxc/dev/miniconda3/lib/python3.13/site-packages (from lightgbm) (2.4.4)
Requirement already satisfied: scipy in /home/cxc/dev/miniconda3/lib/python3.13/site-packages (from lightgbm) (1.17.1)
Requirement already satisfied: lightgbm in /home/cxc/dev/miniconda3/lib/python3.13/site-packages (4.6.0)
Requirement already satisfied: numpy>=1.17.0 in /home/cxc/dev/miniconda3/lib/python3.13/site-packages (from lightgbm) (2.4.4)
Requirement already satisfied: scipy in /home/cxc/dev/miniconda3/lib/python3.13/site-packages (from lightgbm) (1.17.1)
Requirement already satisfied: lightgbm in /home/cxc/dev/miniconda3/lib/python3.13/site-packages (4.6.0)
Requirement already satisfied: numpy>=1.17.0 in /home/cxc/dev/miniconda3/lib/python3.13/site-packages (from lightgbm) (2.4.4)
Requirement already satisfied: scipy in /home/cxc/dev/miniconda3/lib/python3.13/site-packages (from lightgbm) (1.17.1)
Requirement already satisfied: lightgbm in /home/cxc/dev/miniconda3/lib/python3.13/site-packages (4.6.0)
Requirement already satisfied: numpy>=1.17.0 in /home/cxc/dev/miniconda3/lib/python3.13/site-packages (from lightgbm) (2.4.4)
Requirement already satisfied: scipy in /home/cxc/dev/miniconda3/lib/python3.13/site-packages (from lightgbm) (1.17.1)
Requirement already satisfied: lightgbm in /home/cxc/dev/miniconda3/lib/python3.13/site-packages (4.6.0)
Requirement already satisfied: numpy>=1.17.0 in /home/cxc/dev/miniconda3/lib/python3.13/site-packages (from lightgbm) (2.4.4)
Requirement already satisfied: scipy in /home/cxc/dev/miniconda3/lib/python3.13/site-packages (from lightgbm) (1.17.1)
Requirement already satisfied: lightgbm in /home/cxc/dev/miniconda3/lib/python3.13/site-packages (4.6.0)
Requirement already satisfied: numpy>=1.17.0 in /home/cxc/dev/miniconda3/lib/python3.13/site-packages (from lightgbm) (2.4.4)
Requirement already satisfied: scipy in /home/cxc/dev/miniconda3/lib/python3.13/site-packages (from lightgbm) (1.17.1)
Requirement already satisfied: lightgbm in /home/cxc/dev/miniconda3/lib/python3.13/site-packages (4.6.0)
Requirement already satisfied: numpy>=1.17.0 in /home/cxc/dev/miniconda3/lib/python3.13/site-packages (from lightgbm) (2.4.4)
Requirement already satisfied: scipy in /home/cxc/dev/miniconda3/lib/python3.13/site-packages (from lightgbm) (1.17.1)
Requirement already satisfied: lightgbm in /home/cxc/dev/miniconda3/lib/python3.13/site-packages (4.6.0)
Requirement already satisfied: numpy>=1.17.0 in /home/cxc/dev/miniconda3/lib/python3.13/site-packages (from lightgbm) (2.4.4)
Requirement already satisfied: scipy in /home/cxc/dev/miniconda3/lib/python3.13/site-packages (from lightgbm) (1.17.1)
Requirement already satisfied: lightgbm in /home/cxc/dev/miniconda3/lib/python3.13/site-packages (4.6.0)
Requirement already satisfied: numpy>=1.17.0 in /home/cxc/dev/miniconda3/lib/python3.13/site-packages (from lightgbm) (2.4.4)
Requirement already satisfied: scipy in /home/cxc/dev/miniconda3/lib/python3.13/site-packages (from lightgbm) (1.17.1)
Requirement already satisfied: lightgbm in /home/cxc/dev/miniconda3/lib/python3.13/site-packages (4.6.0)
Requirement already satisfied: numpy>=1.17.0 in /home/cxc/dev/miniconda3/lib/python3.13/site-packages (from lightgbm) (2.4.4)
Requirement already satisfied: scipy in /home/cxc/dev/miniconda3/lib/python3.13/site-packages (from lightgbm) (1.17.1)
Requirement already satisfied: lightgbm in /home/cxc/dev/miniconda3/lib/python3.13/site-packages (4.6.0)
Requirement already satisfied: numpy>=1.17.0 in /home/cxc/dev/miniconda3/lib/python3.13/site-packages (from lightgbm) (2.4.4)
Requirement already satisfied: scipy in /home/cxc/dev/miniconda3/lib/python3.13/site-packages (from lightgbm) (1.17.1)
Requirement already satisfied: lightgbm in /home/cxc/dev/miniconda3/lib/python3.13/site-packages (4.6.0)
Requirement already satisfied: numpy>=1.17.0 in /home/cxc/dev/miniconda3/lib/python3.13/site-packages (from lightgbm) (2.4.4)
Requirement already satisfied: scipy in /home/cxc/dev/miniconda3/lib/python3.13/site-packages (from lightgbm) (1.17.1)
Requirement already satisfied: lightgbm in /home/cxc/dev/miniconda3/lib/python3.13/site-packages (4.6.0)
Requirement already satisfied: numpy>=1.17.0 in /home/cxc/dev/miniconda3/lib/python3.13/site-packages (from lightgbm) (2.4.4)
Requirement already satisfied: scipy in /home/cxc/dev/miniconda3/lib/python3.13/site-packages (from lightgbm) (1.17.1)
Requirement already satisfied: lightgbm in /home/cxc/dev/miniconda3/lib/python3.13/site-packages (4.6.0)
Requirement already satisfied: numpy>=1.17.0 in /home/cxc/dev/miniconda3/lib/python3.13/site-packages (from lightgbm) (2.4.4)
Requirement already satisfied: scipy in /home/cxc/dev/miniconda3/lib/python3.13/site-packages (from lightgbm) (1.17.1)
Requirement already satisfied: lightgbm in /home/cxc/dev/miniconda3/lib/python3.13/site-packages (4.6.0)
Requirement already satisfied: numpy>=1.17.0 in /home/cxc/dev/miniconda3/lib/python3.13/site-packages (from lightgbm) (2.4.4)
Requirement already satisfied: scipy in /home/cxc/dev/miniconda3/lib/python3.13/site-packages (from lightgbm) (1.17.1)
Requirement already satisfied: lightgbm in /home/cxc/dev/miniconda3/lib/python3.13/site-packages (4.6.0)
Requirement already satisfied: numpy>=1.17.0 in /home/cxc/dev/miniconda3/lib/python3.13/site-packages (from lightgbm) (2.4.4)
Requirement already satisfied: scipy in /home/cxc/dev/miniconda3/lib/python3.13/site-packages (from lightgbm) (1.17.1)
Requirement already satisfied: lightgbm in /home/cxc/dev/miniconda3/lib/python3.13/site-packages (4.6.0)
Requirement already satisfied: numpy>=1.17.0 in /home/cxc/dev/miniconda3/lib/python3.13/site-packages (from lightgbm) (2.4.4)
Requirement already satisfied: scipy in /home/cxc/dev/miniconda3/lib/python3.13/site-packages (from lightgbm) (1.17.1)
Requirement already satisfied: lightgbm in /home/cxc/dev/miniconda3/lib/python3.13/site-packages (4.6.0)
Requirement already satisfied: numpy>=1.17.0 in /home/cxc/dev/miniconda3/lib/python3.13/site-packages (from lightgbm) (2.4.4)
Requirement already satisfied: scipy in /home/cxc/dev/miniconda3/lib/python3.13/site-packages (from lightgbm) (1.17.1)
{
  "schema": "moebench.paper_reconstruct_cv_extras.v2",
  "dataset_root": "/home/cxc/MoEBench/dataset",
  "suites_requested": [
    "phoronix_cpu"
  ],
  "eval_partial_k_list": [
    1,
    2,
    3,
    4,
    5
  ],
  "train_k_range_requested": [
    2,
    12
  ],
  "pts_suite_target": "logmean",
  "model_type": "lightgbm",
  "policies": [
    "router"
  ],
  "xi_ablations": [
    "full"
  ],
  "suite_results": [
    {
      "suite_key": "phoronix_cpu",
      "pts_suite_filter": "cpu",
      "glob_pattern": "iZbp15n87643uk1sqjrdvdZ_cpu_[0-9][0-9][0-9][0-9][0-9][0-9][0-9][0-9]T[0-9][0-9][0-9][0-9][0-9][0-9]Z/run-*.json",
      "cv_mode_effective": "random_fold",
      "folds_effective": 5,
      "sessions": [
        "iZbp15n87643uk1sqjrdvdZ_cpu_20260526T174649Z"
      ],
      "n_samples": 5,
      "num_profiles_or_subtests": 11,
      "profile_ids_head": [
        "pts/asmfish-1.1.2",
        "pts/build-linux-kernel-1.18.0",
        "pts/compress-7zip-1.13.0",
        "pts/ctx-clock-1.0.0",
        "pts/namd-1.4.0",
        "pts/radiance-1.0.0",
        "pts/rodinia-1.3.2",
        "pts/stockfish-1.7.0"
      ],
      "combinations": [
        {
          "suite_key": "phoronix_cpu",
          "xi_ablation": "full",
          "benchmark": "phoronix",
          "eval_partial_k": 1,
          "policy": "router",
          "oof_metrics": {
            "mae_all_targets": 12699.207589143982,
            "rmse_all_targets": 45113.46397786865,
            "mae_subtest_index_only": 13853.374210690941,
            "rmse_subtest_index_only": 47119.47635395142,
            "mae_suite_index": 3.3747521274343852,
            "rmse_suite_index": 3.7964426110694207,
            "spearman_suite": -0.9999999999999999,
            "kendall_tau_suite": -1.0,
            "median_bucket_accuracy_suite": 0.2
          },
          "per_fold_metrics": [
            {
              "mae_all_targets": 9444.145664571097,
              "rmse_all_targets": 28920.434727986798,
              "mae_subtest_index_only": 10302.594079480648,
              "rmse_subtest_index_only": 30206.40891779173,
              "mae_suite_index": 1.2131005660353367,
              "rmse_suite_index": 1.2131005660353367,
              "spearman_suite": NaN,
              "kendall_tau_suite": NaN,
              "fold": 0,
              "n_val": 1,
              "median_bucket_accuracy_suite": NaN,
              "mean_eval_wall_saved_fraction": 0.9729971112524727
            },
            {
              "mae_all_targets": 13928.661879078274,
              "rmse_all_targets": 46865.000594661644,
              "mae_subtest_index_only": 15194.686223715049,
              "rmse_subtest_index_only": 48948.896693964016,
              "mae_suite_index": 2.394088073761168,
              "rmse_suite_index": 2.394088073761168,
              "spearman_suite": NaN,
              "kendall_tau_suite": NaN,
              "fold": 1,
              "n_val": 1,
              "median_bucket_accuracy_suite": NaN,
              "mean_eval_wall_saved_fraction": 0.9725514252741693
            },
            {
              "mae_all_targets": 18520.22977764095,
              "rmse_all_targets": 59389.53500191809,
              "mae_subtest_index_only": 20203.402375718524,
              "rmse_subtest_index_only": 62030.34622776981,
              "mae_suite_index": 5.3311987876275,
              "rmse_suite_index": 5.3311987876275,
              "spearman_suite": NaN,
              "kendall_tau_suite": NaN,
              "fold": 2,
              "n_val": 1,
              "median_bucket_accuracy_suite": NaN,
              "mean_eval_wall_saved_fraction": 0.9740804334676451
            },
            {
              "mae_all_targets": 18531.61419220875,
              "rmse_all_targets": 59409.5543013207,
              "mae_subtest_index_only": 20215.802603176424,
              "rmse_subtest_index_only": 62051.255702383765,
              "mae_suite_index": 5.541671564345279,
              "rmse_suite_index": 5.541671564345279,
              "spearman_suite": NaN,
              "kendall_tau_suite": NaN,
              "fold": 3,
              "n_val": 1,
              "median_bucket_accuracy_suite": NaN,
              "mean_eval_wall_saved_fraction": 0.9723171287642537
            },
            {
              "mae_all_targets": 3071.386432220844,
              "rmse_all_targets": 9316.186172101425,
              "mae_subtest_index_only": 3350.3857713640664,
              "rmse_subtest_index_only": 9730.439080951719,
              "mae_suite_index": 2.3937016454026434,
              "rmse_suite_index": 2.3937016454026434,
              "spearman_suite": NaN,
              "kendall_tau_suite": NaN,
              "fold": 4,
              "n_val": 1,
              "median_bucket_accuracy_suite": NaN,
              "mean_eval_wall_saved_fraction": 0.9729952534604381
            }
          ],
          "time_savings": {
            "mean_fraction_wall_time_saved_vs_full_suite": 0.9729882704437959,
            "description": "Eval subset; PTS ti.by_test_id.time_s_total (or execution_cost)."
          },
          "n_oof": 5
        },
        {
          "suite_key": "phoronix_cpu",
          "xi_ablation": "full",
          "benchmark": "phoronix",
          "eval_partial_k": 2,
          "policy": "router",
          "oof_metrics": {
            "mae_all_targets": 12695.064596690721,
            "rmse_all_targets": 45112.18065814497,
            "mae_subtest_index_only": 13848.85461753537,
            "rmse_subtest_index_only": 47118.13597021588,
            "mae_suite_index": 3.3743673996059442,
            "rmse_suite_index": 3.7963197721119606,
            "spearman_suite": -0.9999999999999999,
            "kendall_tau_suite": -1.0,
            "median_bucket_accuracy_suite": 0.2
          },
          "per_fold_metrics": [
            {
              "mae_all_targets": 9423.433521425275,
              "rmse_all_targets": 28910.42377970408,
              "mae_subtest_index_only": 10279.999189106946,
              "rmse_subtest_index_only": 30195.95282333229,
              "mae_suite_index": 1.2111769268931312,
              "rmse_suite_index": 1.2111769268931312,
              "spearman_suite": NaN,
              "kendall_tau_suite": NaN,
              "fold": 0,
              "n_val": 1,
              "median_bucket_accuracy_suite": NaN,
              "mean_eval_wall_saved_fraction": 0.9444154053843969
            },
            {
              "mae_all_targets": 13928.659059957796,
              "rmse_all_targets": 46865.000594522426,
              "mae_subtest_index_only": 15194.68314831089,
              "rmse_subtest_index_only": 48948.896693818606,
              "mae_suite_index": 2.394088073761168,
              "rmse_suite_index": 2.394088073761168,
              "spearman_suite": NaN,
              "kendall_tau_suite": NaN,
              "fold": 1,
              "n_val": 1,
              "median_bucket_accuracy_suite": NaN,
              "mean_eval_wall_saved_fraction": 0.9439806563820763
            },
            {
              "mae_all_targets": 18520.22977764095,
              "rmse_all_targets": 59389.53500191809,
              "mae_subtest_index_only": 20203.402375718524,
              "rmse_subtest_index_only": 62030.34622776981,
              "mae_suite_index": 5.3311987876275,
              "rmse_suite_index": 5.3311987876275,
              "spearman_suite": NaN,
              "kendall_tau_suite": NaN,
              "fold": 2,
              "n_val": 1,
              "median_bucket_accuracy_suite": NaN,
              "mean_eval_wall_saved_fraction": 0.9451792566657171
            },
            {
              "mae_all_targets": 18531.61419220875,
              "rmse_all_targets": 59409.5543013207,
              "mae_subtest_index_only": 20215.802603176424,
              "rmse_subtest_index_only": 62051.255702383765,
              "mae_suite_index": 5.541671564345279,
              "rmse_suite_index": 5.541671564345279,
              "spearman_suite": NaN,
              "kendall_tau_suite": NaN,
              "fold": 3,
              "n_val": 1,
              "median_bucket_accuracy_suite": NaN,
              "mean_eval_wall_saved_fraction": 0.9439926524985133
            },
            {
              "mae_all_targets": 3071.386432220844,
              "rmse_all_targets": 9316.186172101425,
              "mae_subtest_index_only": 3350.3857713640664,
              "rmse_subtest_index_only": 9730.439080951719,
              "mae_suite_index": 2.3937016454026434,
              "rmse_suite_index": 2.3937016454026434,
              "spearman_suite": NaN,
              "kendall_tau_suite": NaN,
              "fold": 4,
              "n_val": 1,
              "median_bucket_accuracy_suite": NaN,
              "mean_eval_wall_saved_fraction": 0.9444786167000211
            }
          ],
          "time_savings": {
            "mean_fraction_wall_time_saved_vs_full_suite": 0.944409317526145,
            "description": "Eval subset; PTS ti.by_test_id.time_s_total (or execution_cost)."
          },
          "n_oof": 5
        },
        {
          "suite_key": "phoronix_cpu",
          "xi_ablation": "full",
          "benchmark": "phoronix",
          "eval_partial_k": 3,
          "policy": "router",
          "oof_metrics": {
            "mae_all_targets": 12695.064561008365,
            "rmse_all_targets": 45112.180658141624,
            "mae_subtest_index_only": 13848.854636058588,
            "rmse_subtest_index_only": 47118.13597021682,
            "mae_suite_index": 3.3737354559148116,
            "rmse_suite_index": 3.7957135339813974,
            "spearman_suite": -0.9999999999999999,
            "kendall_tau_suite": -1.0,
            "median_bucket_accuracy_suite": 0.2
          },
          "per_fold_metrics": [
            {
              "mae_all_targets": 9423.433402038765,
              "rmse_all_targets": 28910.423779699227,
              "mae_subtest_index_only": 10279.999184847647,
              "rmse_subtest_index_only": 30195.95282333227,
              "mae_suite_index": 1.2097911410642155,
              "rmse_suite_index": 1.2097911410642155,
              "spearman_suite": NaN,
              "kendall_tau_suite": NaN,
              "fold": 0,
              "n_val": 1,
              "median_bucket_accuracy_suite": NaN,
              "mean_eval_wall_saved_fraction": 0.8946241693462801
            },
            {
              "mae_all_targets": 13928.659148760244,
              "rmse_all_targets": 46865.000594526784,
              "mae_subtest_index_only": 15194.683245186288,
              "rmse_subtest_index_only": 48948.89669382315,
              "mae_suite_index": 2.394088073761168,
              "rmse_suite_index": 2.394088073761168,
              "spearman_suite": NaN,
              "kendall_tau_suite": NaN,
              "fold": 1,
              "n_val": 1,
              "median_bucket_accuracy_suite": NaN,
              "mean_eval_wall_saved_fraction": 0.9381567114894133
            },
            {
              "mae_all_targets": 18520.22977764095,
              "rmse_all_targets": 59389.53500191809,
              "mae_subtest_index_only": 20203.402375718524,
              "rmse_subtest_index_only": 62030.34622776981,
              "mae_suite_index": 5.3311987876275,
              "rmse_suite_index": 5.3311987876275,
              "spearman_suite": NaN,
              "kendall_tau_suite": NaN,
              "fold": 2,
              "n_val": 1,
              "median_bucket_accuracy_suite": NaN,
              "mean_eval_wall_saved_fraction": 0.8955124225093372
            },
            {
              "mae_all_targets": 18531.614044381033,
              "rmse_all_targets": 59409.55430130691,
              "mae_subtest_index_only": 20215.802603176424,
              "rmse_subtest_index_only": 62051.255702383765,
              "mae_suite_index": 5.539897631718532,
              "rmse_suite_index": 5.539897631718532,
              "spearman_suite": NaN,
              "kendall_tau_suite": NaN,
              "fold": 3,
              "n_val": 1,
              "median_bucket_accuracy_suite": NaN,
              "mean_eval_wall_saved_fraction": 0.8911483744165614
            },
            {
              "mae_all_targets": 3071.386432220844,
              "rmse_all_targets": 9316.186172101425,
              "mae_subtest_index_only": 3350.3857713640664,
              "rmse_subtest_index_only": 9730.439080951719,
              "mae_suite_index": 2.3937016454026434,
              "rmse_suite_index": 2.3937016454026434,
              "spearman_suite": NaN,
              "kendall_tau_suite": NaN,
              "fold": 4,
              "n_val": 1,
              "median_bucket_accuracy_suite": NaN,
              "mean_eval_wall_saved_fraction": 0.9385695131315623
            }
          ],
          "time_savings": {
            "mean_fraction_wall_time_saved_vs_full_suite": 0.9116022381786308,
            "description": "Eval subset; PTS ti.by_test_id.time_s_total (or execution_cost)."
          },
          "n_oof": 5
        },
        {
          "suite_key": "phoronix_cpu",
          "xi_ablation": "full",
          "benchmark": "phoronix",
          "eval_partial_k": 4,
          "policy": "router",
          "oof_metrics": {
            "mae_all_targets": 12695.064511558614,
            "rmse_all_targets": 45112.18065814418,
            "mae_subtest_index_only": 13848.854634822086,
            "rmse_subtest_index_only": 47118.13597021682,
            "mae_suite_index": 3.373155660399334,
            "rmse_suite_index": 3.7960783462958894,
            "spearman_suite": -0.9999999999999999,
            "kendall_tau_suite": -1.0,
            "median_bucket_accuracy_suite": 0.2
          },
          "per_fold_metrics": [
            {
              "mae_all_targets": 9423.43295408328,
              "rmse_all_targets": 28910.423779680747,
              "mae_subtest_index_only": 10279.999178353768,
              "rmse_subtest_index_only": 30195.95282333224,
              "mae_suite_index": 1.204487107906516,
              "rmse_suite_index": 1.204487107906516,
              "spearman_suite": NaN,
              "kendall_tau_suite": NaN,
              "fold": 0,
              "n_val": 1,
              "median_bucket_accuracy_suite": NaN,
              "mean_eval_wall_saved_fraction": 0.8887510965660231
            },
            {
              "mae_all_targets": 13928.659148760244,
              "rmse_all_targets": 46865.000594526784,
              "mae_subtest_index_only": 15194.683245186288,
              "rmse_subtest_index_only": 48948.89669382315,
              "mae_suite_index": 2.394088073761168,
              "rmse_suite_index": 2.394088073761168,
              "spearman_suite": NaN,
              "kendall_tau_suite": NaN,
              "fold": 1,
              "n_val": 1,
              "median_bucket_accuracy_suite": NaN,
              "mean_eval_wall_saved_fraction": 0.8886989593729088
            },
            {
              "mae_all_targets": 18520.22977764095,
              "rmse_all_targets": 59389.53500191809,
              "mae_subtest_index_only": 20203.402375718524,
              "rmse_subtest_index_only": 62030.34622776981,
              "mae_suite_index": 5.3311987876275,
              "rmse_suite_index": 5.3311987876275,
              "spearman_suite": NaN,
              "kendall_tau_suite": NaN,
              "fold": 2,
              "n_val": 1,
              "median_bucket_accuracy_suite": NaN,
              "mean_eval_wall_saved_fraction": 0.8897092239892209
            },
            {
              "mae_all_targets": 18531.614245087752,
              "rmse_all_targets": 59409.5543013256,
              "mae_subtest_index_only": 20215.802603487795,
              "rmse_subtest_index_only": 62051.255702383765,
              "mae_suite_index": 5.542302687298843,
              "rmse_suite_index": 5.542302687298843,
              "spearman_suite": NaN,
              "kendall_tau_suite": NaN,
              "fold": 3,
              "n_val": 1,
              "median_bucket_accuracy_suite": NaN,
              "mean_eval_wall_saved_fraction": 0.8805005702279493
            },
            {
              "mae_all_targets": 3071.386432220844,
              "rmse_all_targets": 9316.186172101425,
              "mae_subtest_index_only": 3350.3857713640664,
              "rmse_subtest_index_only": 9730.439080951719,
              "mae_suite_index": 2.3937016454026434,
              "rmse_suite_index": 2.3937016454026434,
              "spearman_suite": NaN,
              "kendall_tau_suite": NaN,
              "fold": 4,
              "n_val": 1,
              "median_bucket_accuracy_suite": NaN,
              "mean_eval_wall_saved_fraction": 0.8890065687651437
            }
          ],
          "time_savings": {
            "mean_fraction_wall_time_saved_vs_full_suite": 0.8873332837842491,
            "description": "Eval subset; PTS ti.by_test_id.time_s_total (or execution_cost)."
          },
          "n_oof": 5
        },
        {
          "suite_key": "phoronix_cpu",
          "xi_ablation": "full",
          "benchmark": "phoronix",
          "eval_partial_k": 5,
          "policy": "router",
          "oof_metrics": {
            "mae_all_targets": 12695.064607683544,
            "rmse_all_targets": 45112.18065814696,
            "mae_subtest_index_only": 13848.854650586194,
            "rmse_subtest_index_only": 47118.13597021757,
            "mae_suite_index": 3.3741357543919093,
            "rmse_suite_index": 3.7963728353391133,
            "spearman_suite": -0.9999999999999999,
            "kendall_tau_suite": -1.0,
            "median_bucket_accuracy_suite": 0.2
          },
          "per_fold_metrics": [
            {
              "mae_all_targets": 9423.433372086685,
              "rmse_all_targets": 28910.42377969807,
              "mae_subtest_index_only": 10279.999182044907,
              "rmse_subtest_index_only": 30195.952823332256,
              "mae_suite_index": 1.2094625462445947,
              "rmse_suite_index": 1.2094625462445947,
              "spearman_suite": NaN,
              "kendall_tau_suite": NaN,
              "fold": 0,
              "n_val": 1,
              "median_bucket_accuracy_suite": NaN,
              "mean_eval_wall_saved_fraction": 0.8780428219938228
            },
            {
              "mae_all_targets": 13928.659218933853,
              "rmse_all_targets": 46865.000594530225,
              "mae_subtest_index_only": 15194.683321739316,
              "rmse_subtest_index_only": 48948.89669382675,
              "mae_suite_index": 2.394088073761168,
              "rmse_suite_index": 2.394088073761168,
              "spearman_suite": NaN,
              "kendall_tau_suite": NaN,
              "fold": 1,
              "n_val": 1,
              "median_bucket_accuracy_suite": NaN,
              "mean_eval_wall_saved_fraction": 0.8779503376335517
            },
            {
              "mae_all_targets": 18520.22977764095,
              "rmse_all_targets": 59389.53500191809,
              "mae_subtest_index_only": 20203.402375718524,
              "rmse_subtest_index_only": 62030.34622776981,
              "mae_suite_index": 5.3311987876275,
              "rmse_suite_index": 5.3311987876275,
              "spearman_suite": NaN,
              "kendall_tau_suite": NaN,
              "fold": 2,
              "n_val": 1,
              "median_bucket_accuracy_suite": NaN,
              "mean_eval_wall_saved_fraction": 0.8789073376496606
            },
            {
              "mae_all_targets": 18531.614237535392,
              "rmse_all_targets": 59409.55430132501,
              "mae_subtest_index_only": 20215.80260206416,
              "rmse_subtest_index_only": 62051.25570238376,
              "mae_suite_index": 5.542227718923641,
              "rmse_suite_index": 5.542227718923641,
              "spearman_suite": NaN,
              "kendall_tau_suite": NaN,
              "fold": 3,
              "n_val": 1,
              "median_bucket_accuracy_suite": NaN,
              "mean_eval_wall_saved_fraction": 0.8746172847685254
            },
            {
              "mae_all_targets": 3071.386432220844,
              "rmse_all_targets": 9316.186172101425,
              "mae_subtest_index_only": 3350.3857713640664,
              "rmse_subtest_index_only": 9730.439080951719,
              "mae_suite_index": 2.3937016454026434,
              "rmse_suite_index": 2.3937016454026434,
              "spearman_suite": NaN,
              "kendall_tau_suite": NaN,
              "fold": 4,
              "n_val": 1,
              "median_bucket_accuracy_suite": NaN,
              "mean_eval_wall_saved_fraction": 0.8782637930142715
            }
          ],
          "time_savings": {
            "mean_fraction_wall_time_saved_vs_full_suite": 0.8775563150119664,
            "description": "Eval subset; PTS ti.by_test_id.time_s_total (or execution_cost)."
          },
          "n_oof": 5
        }
      ]
    }
  ]
}
+ /home/cxc/dev/miniconda3/bin/python3 /home/cxc/MoEBench/scripts/paper_reconstruct_cv_extras.py --dataset-root /home/cxc/MoEBench/dataset --suites phoronix_cpu --cv-mode leave_one_session_out --seed 42 --model-type lightgbm --log1p-partial-value --train-aug 10 --train-k-max 12 --xi-ablations full --report-json /home/cxc/MoEBench/dataset/paper_supplementary/topk_phoronix_cpu_iZbp16krl0yc7euw7sb6slZ.json --auto-install --glob-pts-cpu iZbp16krl0yc7euw7sb6slZ_cpu_[0-9][0-9][0-9][0-9][0-9][0-9][0-9][0-9]T[0-9][0-9][0-9][0-9][0-9][0-9]Z/run-*.json --router-model-pts-cpu /home/cxc/MoEBench/dataset/experiments/router_recon_grid_cpu_iZbp16krl0yc7euw7sb6slZ_20260527T035712Z/trained_models/router_mlp.pt --k-sweep 1,2,3,4,5 --policies router
[phoronix_cpu] leave_one_session_out needs >= 2 session dirs; got 1. Falling back to random_fold.
Requirement already satisfied: lightgbm in /home/cxc/dev/miniconda3/lib/python3.13/site-packages (4.6.0)
Requirement already satisfied: numpy>=1.17.0 in /home/cxc/dev/miniconda3/lib/python3.13/site-packages (from lightgbm) (2.4.4)
Requirement already satisfied: scipy in /home/cxc/dev/miniconda3/lib/python3.13/site-packages (from lightgbm) (1.17.1)
Requirement already satisfied: lightgbm in /home/cxc/dev/miniconda3/lib/python3.13/site-packages (4.6.0)
Requirement already satisfied: numpy>=1.17.0 in /home/cxc/dev/miniconda3/lib/python3.13/site-packages (from lightgbm) (2.4.4)
Requirement already satisfied: scipy in /home/cxc/dev/miniconda3/lib/python3.13/site-packages (from lightgbm) (1.17.1)
Requirement already satisfied: lightgbm in /home/cxc/dev/miniconda3/lib/python3.13/site-packages (4.6.0)
Requirement already satisfied: numpy>=1.17.0 in /home/cxc/dev/miniconda3/lib/python3.13/site-packages (from lightgbm) (2.4.4)
Requirement already satisfied: scipy in /home/cxc/dev/miniconda3/lib/python3.13/site-packages (from lightgbm) (1.17.1)
Requirement already satisfied: lightgbm in /home/cxc/dev/miniconda3/lib/python3.13/site-packages (4.6.0)
Requirement already satisfied: numpy>=1.17.0 in /home/cxc/dev/miniconda3/lib/python3.13/site-packages (from lightgbm) (2.4.4)
Requirement already satisfied: scipy in /home/cxc/dev/miniconda3/lib/python3.13/site-packages (from lightgbm) (1.17.1)
Requirement already satisfied: lightgbm in /home/cxc/dev/miniconda3/lib/python3.13/site-packages (4.6.0)
Requirement already satisfied: numpy>=1.17.0 in /home/cxc/dev/miniconda3/lib/python3.13/site-packages (from lightgbm) (2.4.4)
Requirement already satisfied: scipy in /home/cxc/dev/miniconda3/lib/python3.13/site-packages (from lightgbm) (1.17.1)
Requirement already satisfied: lightgbm in /home/cxc/dev/miniconda3/lib/python3.13/site-packages (4.6.0)
Requirement already satisfied: numpy>=1.17.0 in /home/cxc/dev/miniconda3/lib/python3.13/site-packages (from lightgbm) (2.4.4)
Requirement already satisfied: scipy in /home/cxc/dev/miniconda3/lib/python3.13/site-packages (from lightgbm) (1.17.1)
Requirement already satisfied: lightgbm in /home/cxc/dev/miniconda3/lib/python3.13/site-packages (4.6.0)
Requirement already satisfied: numpy>=1.17.0 in /home/cxc/dev/miniconda3/lib/python3.13/site-packages (from lightgbm) (2.4.4)
Requirement already satisfied: scipy in /home/cxc/dev/miniconda3/lib/python3.13/site-packages (from lightgbm) (1.17.1)
Requirement already satisfied: lightgbm in /home/cxc/dev/miniconda3/lib/python3.13/site-packages (4.6.0)
Requirement already satisfied: numpy>=1.17.0 in /home/cxc/dev/miniconda3/lib/python3.13/site-packages (from lightgbm) (2.4.4)
Requirement already satisfied: scipy in /home/cxc/dev/miniconda3/lib/python3.13/site-packages (from lightgbm) (1.17.1)
Requirement already satisfied: lightgbm in /home/cxc/dev/miniconda3/lib/python3.13/site-packages (4.6.0)
Requirement already satisfied: numpy>=1.17.0 in /home/cxc/dev/miniconda3/lib/python3.13/site-packages (from lightgbm) (2.4.4)
Requirement already satisfied: scipy in /home/cxc/dev/miniconda3/lib/python3.13/site-packages (from lightgbm) (1.17.1)
Requirement already satisfied: lightgbm in /home/cxc/dev/miniconda3/lib/python3.13/site-packages (4.6.0)
Requirement already satisfied: numpy>=1.17.0 in /home/cxc/dev/miniconda3/lib/python3.13/site-packages (from lightgbm) (2.4.4)
Requirement already satisfied: scipy in /home/cxc/dev/miniconda3/lib/python3.13/site-packages (from lightgbm) (1.17.1)
Requirement already satisfied: lightgbm in /home/cxc/dev/miniconda3/lib/python3.13/site-packages (4.6.0)
Requirement already satisfied: numpy>=1.17.0 in /home/cxc/dev/miniconda3/lib/python3.13/site-packages (from lightgbm) (2.4.4)
Requirement already satisfied: scipy in /home/cxc/dev/miniconda3/lib/python3.13/site-packages (from lightgbm) (1.17.1)
Requirement already satisfied: lightgbm in /home/cxc/dev/miniconda3/lib/python3.13/site-packages (4.6.0)
Requirement already satisfied: numpy>=1.17.0 in /home/cxc/dev/miniconda3/lib/python3.13/site-packages (from lightgbm) (2.4.4)
Requirement already satisfied: scipy in /home/cxc/dev/miniconda3/lib/python3.13/site-packages (from lightgbm) (1.17.1)
Requirement already satisfied: lightgbm in /home/cxc/dev/miniconda3/lib/python3.13/site-packages (4.6.0)
Requirement already satisfied: numpy>=1.17.0 in /home/cxc/dev/miniconda3/lib/python3.13/site-packages (from lightgbm) (2.4.4)
Requirement already satisfied: scipy in /home/cxc/dev/miniconda3/lib/python3.13/site-packages (from lightgbm) (1.17.1)
Requirement already satisfied: lightgbm in /home/cxc/dev/miniconda3/lib/python3.13/site-packages (4.6.0)
Requirement already satisfied: numpy>=1.17.0 in /home/cxc/dev/miniconda3/lib/python3.13/site-packages (from lightgbm) (2.4.4)
Requirement already satisfied: scipy in /home/cxc/dev/miniconda3/lib/python3.13/site-packages (from lightgbm) (1.17.1)
Requirement already satisfied: lightgbm in /home/cxc/dev/miniconda3/lib/python3.13/site-packages (4.6.0)
Requirement already satisfied: numpy>=1.17.0 in /home/cxc/dev/miniconda3/lib/python3.13/site-packages (from lightgbm) (2.4.4)
Requirement already satisfied: scipy in /home/cxc/dev/miniconda3/lib/python3.13/site-packages (from lightgbm) (1.17.1)
Requirement already satisfied: lightgbm in /home/cxc/dev/miniconda3/lib/python3.13/site-packages (4.6.0)
Requirement already satisfied: numpy>=1.17.0 in /home/cxc/dev/miniconda3/lib/python3.13/site-packages (from lightgbm) (2.4.4)
Requirement already satisfied: scipy in /home/cxc/dev/miniconda3/lib/python3.13/site-packages (from lightgbm) (1.17.1)
Requirement already satisfied: lightgbm in /home/cxc/dev/miniconda3/lib/python3.13/site-packages (4.6.0)
Requirement already satisfied: numpy>=1.17.0 in /home/cxc/dev/miniconda3/lib/python3.13/site-packages (from lightgbm) (2.4.4)
Requirement already satisfied: scipy in /home/cxc/dev/miniconda3/lib/python3.13/site-packages (from lightgbm) (1.17.1)
Requirement already satisfied: lightgbm in /home/cxc/dev/miniconda3/lib/python3.13/site-packages (4.6.0)
Requirement already satisfied: numpy>=1.17.0 in /home/cxc/dev/miniconda3/lib/python3.13/site-packages (from lightgbm) (2.4.4)
Requirement already satisfied: scipy in /home/cxc/dev/miniconda3/lib/python3.13/site-packages (from lightgbm) (1.17.1)
Requirement already satisfied: lightgbm in /home/cxc/dev/miniconda3/lib/python3.13/site-packages (4.6.0)
Requirement already satisfied: numpy>=1.17.0 in /home/cxc/dev/miniconda3/lib/python3.13/site-packages (from lightgbm) (2.4.4)
Requirement already satisfied: scipy in /home/cxc/dev/miniconda3/lib/python3.13/site-packages (from lightgbm) (1.17.1)
Requirement already satisfied: lightgbm in /home/cxc/dev/miniconda3/lib/python3.13/site-packages (4.6.0)
Requirement already satisfied: numpy>=1.17.0 in /home/cxc/dev/miniconda3/lib/python3.13/site-packages (from lightgbm) (2.4.4)
Requirement already satisfied: scipy in /home/cxc/dev/miniconda3/lib/python3.13/site-packages (from lightgbm) (1.17.1)
Requirement already satisfied: lightgbm in /home/cxc/dev/miniconda3/lib/python3.13/site-packages (4.6.0)
Requirement already satisfied: numpy>=1.17.0 in /home/cxc/dev/miniconda3/lib/python3.13/site-packages (from lightgbm) (2.4.4)
Requirement already satisfied: scipy in /home/cxc/dev/miniconda3/lib/python3.13/site-packages (from lightgbm) (1.17.1)
Requirement already satisfied: lightgbm in /home/cxc/dev/miniconda3/lib/python3.13/site-packages (4.6.0)
Requirement already satisfied: numpy>=1.17.0 in /home/cxc/dev/miniconda3/lib/python3.13/site-packages (from lightgbm) (2.4.4)
Requirement already satisfied: scipy in /home/cxc/dev/miniconda3/lib/python3.13/site-packages (from lightgbm) (1.17.1)
Requirement already satisfied: lightgbm in /home/cxc/dev/miniconda3/lib/python3.13/site-packages (4.6.0)
Requirement already satisfied: numpy>=1.17.0 in /home/cxc/dev/miniconda3/lib/python3.13/site-packages (from lightgbm) (2.4.4)
Requirement already satisfied: scipy in /home/cxc/dev/miniconda3/lib/python3.13/site-packages (from lightgbm) (1.17.1)
Requirement already satisfied: lightgbm in /home/cxc/dev/miniconda3/lib/python3.13/site-packages (4.6.0)
Requirement already satisfied: numpy>=1.17.0 in /home/cxc/dev/miniconda3/lib/python3.13/site-packages (from lightgbm) (2.4.4)
Requirement already satisfied: scipy in /home/cxc/dev/miniconda3/lib/python3.13/site-packages (from lightgbm) (1.17.1)
Requirement already satisfied: lightgbm in /home/cxc/dev/miniconda3/lib/python3.13/site-packages (4.6.0)
Requirement already satisfied: numpy>=1.17.0 in /home/cxc/dev/miniconda3/lib/python3.13/site-packages (from lightgbm) (2.4.4)
Requirement already satisfied: scipy in /home/cxc/dev/miniconda3/lib/python3.13/site-packages (from lightgbm) (1.17.1)
{
  "schema": "moebench.paper_reconstruct_cv_extras.v2",
  "dataset_root": "/home/cxc/MoEBench/dataset",
  "suites_requested": [
    "phoronix_cpu"
  ],
  "eval_partial_k_list": [
    1,
    2,
    3,
    4,
    5
  ],
  "train_k_range_requested": [
    2,
    12
  ],
  "pts_suite_target": "logmean",
  "model_type": "lightgbm",
  "policies": [
    "router"
  ],
  "xi_ablations": [
    "full"
  ],
  "suite_results": [
    {
      "suite_key": "phoronix_cpu",
      "pts_suite_filter": "cpu",
      "glob_pattern": "iZbp16krl0yc7euw7sb6slZ_cpu_[0-9][0-9][0-9][0-9][0-9][0-9][0-9][0-9]T[0-9][0-9][0-9][0-9][0-9][0-9]Z/run-*.json",
      "cv_mode_effective": "random_fold",
      "folds_effective": 5,
      "sessions": [
        "iZbp16krl0yc7euw7sb6slZ_cpu_20260525T045459Z"
      ],
      "n_samples": 5,
      "num_profiles_or_subtests": 10,
      "profile_ids_head": [
        "pts/asmfish-1.1.2",
        "pts/build-linux-kernel-1.18.0",
        "pts/compress-7zip-1.13.0",
        "pts/ctx-clock-1.0.0",
        "pts/namd-1.4.0",
        "pts/openssl-4.0.0",
        "pts/radiance-1.0.0",
        "pts/rodinia-1.3.2"
      ],
      "combinations": [
        {
          "suite_key": "phoronix_cpu",
          "xi_ablation": "full",
          "benchmark": "phoronix",
          "eval_partial_k": 1,
          "policy": "router",
          "oof_metrics": {
            "mae_all_targets": 208343.8431736157,
            "rmse_all_targets": 700975.5357607617,
            "mae_subtest_index_only": 229174.9972847189,
            "rmse_subtest_index_only": 735189.3441755163,
            "mae_suite_index": 32.30206258265862,
            "rmse_suite_index": 34.54992384737082,
            "spearman_suite": -0.8999999999999998,
            "kendall_tau_suite": -0.8,
            "median_bucket_accuracy_suite": 0.2
          },
          "per_fold_metrics": [
            {
              "mae_all_targets": 244294.75749410735,
              "rmse_all_targets": 745739.9750457401,
              "mae_subtest_index_only": 268720.4518095659,
              "rmse_subtest_index_only": 782138.6841707492,
              "mae_suite_index": 37.81433952173575,
              "rmse_suite_index": 37.81433952173575,
              "spearman_suite": NaN,
              "kendall_tau_suite": NaN,
              "fold": 0,
              "n_val": 1,
              "median_bucket_accuracy_suite": NaN,
              "mean_eval_wall_saved_fraction": 0.994920341722466
            },
            {
              "mae_all_targets": 19511.370304522807,
              "rmse_all_targets": 57262.891631405604,
              "mae_subtest_index_only": 21460.75934381427,
              "rmse_subtest_index_only": 60057.82716044913,
              "mae_suite_index": 17.479911608215843,
              "rmse_suite_index": 17.479911608215843,
              "spearman_suite": NaN,
              "kendall_tau_suite": NaN,
              "fold": 1,
              "n_val": 1,
              "median_bucket_accuracy_suite": NaN,
              "mean_eval_wall_saved_fraction": 0.9949412592098393
            },
            {
              "mae_all_targets": 225646.6460995418,
              "rmse_all_targets": 690982.0087625422,
              "mae_subtest_index_only": 248206.15891165854,
              "rmse_subtest_index_only": 724708.0445334241,
              "mae_suite_index": 51.51797837450613,
              "rmse_suite_index": 51.51797837450613,
              "spearman_suite": NaN,
              "kendall_tau_suite": NaN,
              "fold": 2,
              "n_val": 1,
              "median_bucket_accuracy_suite": NaN,
              "mean_eval_wall_saved_fraction": 0.9949238821750723
            },
            {
              "mae_all_targets": 303713.2227548832,
              "rmse_all_targets": 927339.0201394317,
              "mae_subtest_index_only": 334082.45422380976,
              "rmse_subtest_index_only": 972601.3695532012,
              "mae_suite_index": 20.90806561754107,
              "rmse_suite_index": 20.90806561754107,
              "spearman_suite": NaN,
              "kendall_tau_suite": NaN,
              "fold": 3,
              "n_val": 1,
              "median_bucket_accuracy_suite": NaN,
              "mean_eval_wall_saved_fraction": 0.9949387395963507
            },
            {
              "mae_all_targets": 248553.21921502298,
              "rmse_all_targets": 748339.8725375682,
              "mae_subtest_index_only": 273405.1621347462,
              "rmse_subtest_index_only": 784865.4796831886,
              "mae_suite_index": 33.790017791294304,
              "rmse_suite_index": 33.790017791294304,
              "spearman_suite": NaN,
              "kendall_tau_suite": NaN,
              "fold": 4,
              "n_val": 1,
              "median_bucket_accuracy_suite": NaN,
              "mean_eval_wall_saved_fraction": 0.9853027072807452
            }
          ],
          "time_savings": {
            "mean_fraction_wall_time_saved_vs_full_suite": 0.9930053859968947,
            "description": "Eval subset; PTS ti.by_test_id.time_s_total (or execution_cost)."
          },
          "n_oof": 5
        },
        {
          "suite_key": "phoronix_cpu",
          "xi_ablation": "full",
          "benchmark": "phoronix",
          "eval_partial_k": 2,
          "policy": "router",
          "oof_metrics": {
            "mae_all_targets": 202962.34397198132,
            "rmse_all_targets": 685003.5866113185,
            "mae_subtest_index_only": 223255.34816292117,
            "rmse_subtest_index_only": 718437.8225831636,
            "mae_suite_index": 32.30206258265862,
            "rmse_suite_index": 34.54992384737082,
            "spearman_suite": -0.8999999999999998,
            "kendall_tau_suite": -0.8,
            "median_bucket_accuracy_suite": 0.2
          },
          "per_fold_metrics": [
            {
              "mae_all_targets": 244294.43040777202,
              "rmse_all_targets": 745739.9748327566,
              "mae_subtest_index_only": 268720.09201459703,
              "rmse_subtest_index_only": 782138.68394737,
              "mae_suite_index": 37.81433952173575,
              "rmse_suite_index": 37.81433952173575,
              "spearman_suite": NaN,
              "kendall_tau_suite": NaN,
              "fold": 0,
              "n_val": 1,
              "median_bucket_accuracy_suite": NaN,
              "mean_eval_wall_saved_fraction": 0.9802127079113916
            },
            {
              "mae_all_targets": 19477.880942603562,
              "rmse_all_targets": 57135.007664727484,
              "mae_subtest_index_only": 21423.921045703097,
              "rmse_subtest_index_only": 59923.70132408865,
              "mae_suite_index": 17.479911608215843,
              "rmse_suite_index": 17.479911608215843,
              "spearman_suite": NaN,
              "kendall_tau_suite": NaN,
              "fold": 1,
              "n_val": 1,
              "median_bucket_accuracy_suite": NaN,
              "mean_eval_wall_saved_fraction": 0.973188157877341
            },
            {
              "mae_all_targets": 198772.96653962487,
              "rmse_all_targets": 605629.2810661782,
              "mae_subtest_index_only": 218645.1113957499,
              "rmse_subtest_index_only": 635189.3484842133,
              "mae_suite_index": 51.51797837450613,
              "rmse_suite_index": 51.51797837450613,
              "spearman_suite": NaN,
              "kendall_tau_suite": NaN,
              "fold": 2,
              "n_val": 1,
              "median_bucket_accuracy_suite": NaN,
              "mean_eval_wall_saved_fraction": 0.9801437312929687
            },
            {
              "mae_all_targets": 303713.2227548832,
              "rmse_all_targets": 927339.0201394317,
              "mae_subtest_index_only": 334082.45422380976,
              "rmse_subtest_index_only": 972601.3695532012,
              "mae_suite_index": 20.90806561754107,
              "rmse_suite_index": 20.90806561754107,
              "spearman_suite": NaN,
              "kendall_tau_suite": NaN,
              "fold": 3,
              "n_val": 1,
              "median_bucket_accuracy_suite": NaN,
              "mean_eval_wall_saved_fraction": 0.9802995163768784
            },
            {
              "mae_all_targets": 248553.21921502298,
              "rmse_all_targets": 748339.8725375682,
              "mae_subtest_index_only": 273405.1621347462,
              "rmse_subtest_index_only": 784865.4796831886,
              "mae_suite_index": 33.790017791294304,
              "rmse_suite_index": 33.790017791294304,
              "spearman_suite": NaN,
              "kendall_tau_suite": NaN,
              "fold": 4,
              "n_val": 1,
              "median_bucket_accuracy_suite": NaN,
              "mean_eval_wall_saved_fraction": 0.9803648816636044
            }
          ],
          "time_savings": {
            "mean_fraction_wall_time_saved_vs_full_suite": 0.9788417990244367,
            "description": "Eval subset; PTS ti.by_test_id.time_s_total (or execution_cost)."
          },
          "n_oof": 5
        },
        {
          "suite_key": "phoronix_cpu",
          "xi_ablation": "full",
          "benchmark": "phoronix",
          "eval_partial_k": 3,
          "policy": "router",
          "oof_metrics": {
            "mae_all_targets": 201789.10697320235,
            "rmse_all_targets": 682581.3385322103,
            "mae_subtest_index_only": 221964.7874642643,
            "rmse_subtest_index_only": 715897.3473650371,
            "mae_suite_index": 32.30206258265862,
            "rmse_suite_index": 34.54992384737082,
            "spearman_suite": -0.8999999999999998,
            "kendall_tau_suite": -0.8,
            "median_bucket_accuracy_suite": 0.2
          },
          "per_fold_metrics": [
            {
              "mae_all_targets": 244294.48966669792,
              "rmse_all_targets": 745739.9748712255,
              "mae_subtest_index_only": 268720.1571994155,
              "rmse_subtest_index_only": 782138.6839877166,
              "mae_suite_index": 37.81433952173575,
              "rmse_suite_index": 37.81433952173575,
              "spearman_suite": NaN,
              "kendall_tau_suite": NaN,
              "fold": 0,
              "n_val": 1,
              "median_bucket_accuracy_suite": NaN,
              "mean_eval_wall_saved_fraction": 0.8194872892619887
            },
            {
              "mae_all_targets": 19027.447674919953,
              "rmse_all_targets": 55723.634491240446,
              "mae_subtest_index_only": 20928.444451251125,
              "rmse_subtest_index_only": 58443.440645208146,
              "mae_suite_index": 17.479911608215843,
              "rmse_suite_index": 17.479911608215843,
              "spearman_suite": NaN,
              "kendall_tau_suite": NaN,
              "fold": 1,
              "n_val": 1,
              "median_bucket_accuracy_suite": NaN,
              "mean_eval_wall_saved_fraction": 0.9676702351082673
            },
            {
              "mae_all_targets": 193357.15555448766,
              "rmse_all_targets": 591931.551699658,
              "mae_subtest_index_only": 212687.71931209898,
              "rmse_subtest_index_only": 620823.0487199322,
              "mae_suite_index": 51.51797837450613,
              "rmse_suite_index": 51.51797837450613,
              "spearman_suite": NaN,
              "kendall_tau_suite": NaN,
              "fold": 2,
              "n_val": 1,
              "median_bucket_accuracy_suite": NaN,
              "mean_eval_wall_saved_fraction": 0.9566555531151996
            },
            {
              "mae_all_targets": 303713.2227548832,
              "rmse_all_targets": 927339.0201394317,
              "mae_subtest_index_only": 334082.45422380976,
              "rmse_subtest_index_only": 972601.3695532012,
              "mae_suite_index": 20.90806561754107,
              "rmse_suite_index": 20.90806561754107,
              "spearman_suite": NaN,
              "kendall_tau_suite": NaN,
              "fold": 3,
              "n_val": 1,
              "median_bucket_accuracy_suite": NaN,
              "mean_eval_wall_saved_fraction": 0.957012156000852
            },
            {
              "mae_all_targets": 248553.21921502298,
              "rmse_all_targets": 748339.8725375682,
              "mae_subtest_index_only": 273405.1621347462,
              "rmse_subtest_index_only": 784865.4796831886,
              "mae_suite_index": 33.790017791294304,
              "rmse_suite_index": 33.790017791294304,
              "spearman_suite": NaN,
              "kendall_tau_suite": NaN,
              "fold": 4,
              "n_val": 1,
              "median_bucket_accuracy_suite": NaN,
              "mean_eval_wall_saved_fraction": 0.941833969700702
            }
          ],
          "time_savings": {
            "mean_fraction_wall_time_saved_vs_full_suite": 0.9285318406374019,
            "description": "Eval subset; PTS ti.by_test_id.time_s_total (or execution_cost)."
          },
          "n_oof": 5
        },
        {
          "suite_key": "phoronix_cpu",
          "xi_ablation": "full",
          "benchmark": "phoronix",
          "eval_partial_k": 4,
          "policy": "router",
          "oof_metrics": {
            "mae_all_targets": 211712.95614732837,
            "rmse_all_targets": 713643.7465170084,
            "mae_subtest_index_only": 232881.0215558029,
            "rmse_subtest_index_only": 748475.8757085933,
            "mae_suite_index": 32.30206258265862,
            "rmse_suite_index": 34.54992384737082,
            "spearman_suite": -0.8999999999999998,
            "kendall_tau_suite": -0.8,
            "median_bucket_accuracy_suite": 0.2
          },
          "per_fold_metrics": [
            {
              "mae_all_targets": 244294.54445704262,
              "rmse_all_targets": 745739.9749068397,
              "mae_subtest_index_only": 268720.2174687947,
              "rmse_subtest_index_only": 782138.684025069,
              "mae_suite_index": 37.81433952173575,
              "rmse_suite_index": 37.81433952173575,
              "spearman_suite": NaN,
              "kendall_tau_suite": NaN,
              "fold": 0,
              "n_val": 1,
              "median_bucket_accuracy_suite": NaN,
              "mean_eval_wall_saved_fraction": 0.7944504241041441
            },
            {
              "mae_all_targets": 19256.731438227474,
              "rmse_all_targets": 56463.364694312295,
              "mae_subtest_index_only": 21180.6565908894,
              "rmse_subtest_index_only": 59219.27623087328,
              "mae_suite_index": 17.479911608215843,
              "rmse_suite_index": 17.479911608215843,
              "spearman_suite": NaN,
              "kendall_tau_suite": NaN,
              "fold": 1,
              "n_val": 1,
              "median_bucket_accuracy_suite": NaN,
              "mean_eval_wall_saved_fraction": 0.952743596201043
            },
            {
              "mae_all_targets": 242750.87457278548,
              "rmse_all_targets": 753105.7668102663,
              "mae_subtest_index_only": 267020.8102322266,
              "rmse_subtest_index_only": 789863.991670564,
              "mae_suite_index": 51.51797837450613,
              "rmse_suite_index": 51.51797837450613,
              "spearman_suite": NaN,
              "kendall_tau_suite": NaN,
              "fold": 2,
              "n_val": 1,
              "median_bucket_accuracy_suite": NaN,
              "mean_eval_wall_saved_fraction": 0.9511079287166339
            },
            {
              "mae_all_targets": 303713.2227548832,
              "rmse_all_targets": 927339.0201394317,
              "mae_subtest_index_only": 334082.45422380976,
              "rmse_subtest_index_only": 972601.3695532012,
              "mae_suite_index": 20.90806561754107,
              "rmse_suite_index": 20.90806561754107,
              "spearman_suite": NaN,
              "kendall_tau_suite": NaN,
              "fold": 3,
              "n_val": 1,
              "median_bucket_accuracy_suite": NaN,
              "mean_eval_wall_saved_fraction": 0.7968643826204143
            },
            {
              "mae_all_targets": 248549.40751370278,
              "rmse_all_targets": 748328.0087711961,
              "mae_subtest_index_only": 273400.96926329396,
              "rmse_subtest_index_only": 784853.0368600438,
              "mae_suite_index": 33.790017791294304,
              "rmse_suite_index": 33.790017791294304,
              "spearman_suite": NaN,
              "kendall_tau_suite": NaN,
              "fold": 4,
              "n_val": 1,
              "median_bucket_accuracy_suite": NaN,
              "mean_eval_wall_saved_fraction": 0.7811862336405758
            }
          ],
          "time_savings": {
            "mean_fraction_wall_time_saved_vs_full_suite": 0.8552705130565622,
            "description": "Eval subset; PTS ti.by_test_id.time_s_total (or execution_cost)."
          },
          "n_oof": 5
        },
        {
          "suite_key": "phoronix_cpu",
          "xi_ablation": "full",
          "benchmark": "phoronix",
          "eval_partial_k": 5,
          "policy": "router",
          "oof_metrics": {
            "mae_all_targets": 211708.85540015376,
            "rmse_all_targets": 713642.7970458703,
            "mae_subtest_index_only": 232876.51073391087,
            "rmse_subtest_index_only": 748474.8798948626,
            "mae_suite_index": 32.30206258265862,
            "rmse_suite_index": 34.54992384737082,
            "spearman_suite": -0.8999999999999998,
            "kendall_tau_suite": -0.8,
            "median_bucket_accuracy_suite": 0.2
          },
          "per_fold_metrics": [
            {
              "mae_all_targets": 244294.54445704262,
              "rmse_all_targets": 745739.9749068397,
              "mae_subtest_index_only": 268720.2174687947,
              "rmse_subtest_index_only": 782138.684025069,
              "mae_suite_index": 37.81433952173575,
              "rmse_suite_index": 37.81433952173575,
              "spearman_suite": NaN,
              "kendall_tau_suite": NaN,
              "fold": 0,
              "n_val": 1,
              "median_bucket_accuracy_suite": NaN,
              "mean_eval_wall_saved_fraction": 0.7698261184125069
            },
            {
              "mae_all_targets": 19258.764719082603,
              "rmse_all_targets": 56463.46101297382,
              "mae_subtest_index_only": 21182.893199830043,
              "rmse_subtest_index_only": 59219.377250738165,
              "mae_suite_index": 17.479911608215843,
              "rmse_suite_index": 17.479911608215843,
              "spearman_suite": NaN,
              "kendall_tau_suite": NaN,
              "fold": 1,
              "n_val": 1,
              "median_bucket_accuracy_suite": NaN,
              "mean_eval_wall_saved_fraction": 0.7895805030815819
            },
            {
              "mae_all_targets": 242728.3375560575,
              "rmse_all_targets": 753101.2609795739,
              "mae_subtest_index_only": 266996.01951382577,
              "rmse_subtest_index_only": 789859.2659154646,
              "mae_suite_index": 51.51797837450613,
              "rmse_suite_index": 51.51797837450613,
              "spearman_suite": NaN,
              "kendall_tau_suite": NaN,
              "fold": 2,
              "n_val": 1,
              "median_bucket_accuracy_suite": NaN,
              "mean_eval_wall_saved_fraction": 0.9259552716797255
            },
            {
              "mae_all_targets": 303713.2227548832,
              "rmse_all_targets": 927339.0201394317,
              "mae_subtest_index_only": 334082.45422380976,
              "rmse_subtest_index_only": 972601.3695532012,
              "mae_suite_index": 20.90806561754107,
              "rmse_suite_index": 20.90806561754107,
              "spearman_suite": NaN,
              "kendall_tau_suite": NaN,
              "fold": 3,
              "n_val": 1,
              "median_bucket_accuracy_suite": NaN,
              "mean_eval_wall_saved_fraction": 0.7717660429691968
            },
            {
              "mae_all_targets": 248549.40751370278,
              "rmse_all_targets": 748328.0087711961,
              "mae_subtest_index_only": 273400.96926329396,
              "rmse_subtest_index_only": 784853.0368600438,
              "mae_suite_index": 33.790017791294304,
              "rmse_suite_index": 33.790017791294304,
              "spearman_suite": NaN,
              "kendall_tau_suite": NaN,
              "fold": 4,
              "n_val": 1,
              "median_bucket_accuracy_suite": NaN,
              "mean_eval_wall_saved_fraction": 0.7757725609903205
            }
          ],
          "time_savings": {
            "mean_fraction_wall_time_saved_vs_full_suite": 0.8065800994266663,
            "description": "Eval subset; PTS ti.by_test_id.time_s_total (or execution_cost)."
          },
          "n_oof": 5
        }
      ]
    }
  ]
}
+ /home/cxc/dev/miniconda3/bin/python3 /home/cxc/MoEBench/scripts/paper_reconstruct_cv_extras.py --dataset-root /home/cxc/MoEBench/dataset --suites phoronix_cpu --cv-mode leave_one_session_out --seed 42 --model-type lightgbm --log1p-partial-value --train-aug 10 --train-k-max 12 --xi-ablations full --report-json /home/cxc/MoEBench/dataset/paper_supplementary/topk_phoronix_cpu_iZbp1acaw5wdllhz47922rZ.json --auto-install --glob-pts-cpu iZbp1acaw5wdllhz47922rZ_cpu_[0-9][0-9][0-9][0-9][0-9][0-9][0-9][0-9]T[0-9][0-9][0-9][0-9][0-9][0-9]Z/run-*.json --router-model-pts-cpu /home/cxc/MoEBench/dataset/experiments/router_recon_grid_cpu_iZbp1acaw5wdllhz47922rZ_20260525T073952Z/trained_models/router_mlp.pt --k-sweep 1,2,3,4,5 --policies router
[phoronix_cpu] leave_one_session_out needs >= 2 session dirs; got 1. Falling back to random_fold.
Requirement already satisfied: lightgbm in /home/cxc/dev/miniconda3/lib/python3.13/site-packages (4.6.0)
Requirement already satisfied: numpy>=1.17.0 in /home/cxc/dev/miniconda3/lib/python3.13/site-packages (from lightgbm) (2.4.4)
Requirement already satisfied: scipy in /home/cxc/dev/miniconda3/lib/python3.13/site-packages (from lightgbm) (1.17.1)
Requirement already satisfied: lightgbm in /home/cxc/dev/miniconda3/lib/python3.13/site-packages (4.6.0)
Requirement already satisfied: numpy>=1.17.0 in /home/cxc/dev/miniconda3/lib/python3.13/site-packages (from lightgbm) (2.4.4)
Requirement already satisfied: scipy in /home/cxc/dev/miniconda3/lib/python3.13/site-packages (from lightgbm) (1.17.1)
Requirement already satisfied: lightgbm in /home/cxc/dev/miniconda3/lib/python3.13/site-packages (4.6.0)
Requirement already satisfied: numpy>=1.17.0 in /home/cxc/dev/miniconda3/lib/python3.13/site-packages (from lightgbm) (2.4.4)
Requirement already satisfied: scipy in /home/cxc/dev/miniconda3/lib/python3.13/site-packages (from lightgbm) (1.17.1)
Requirement already satisfied: lightgbm in /home/cxc/dev/miniconda3/lib/python3.13/site-packages (4.6.0)
Requirement already satisfied: numpy>=1.17.0 in /home/cxc/dev/miniconda3/lib/python3.13/site-packages (from lightgbm) (2.4.4)
Requirement already satisfied: scipy in /home/cxc/dev/miniconda3/lib/python3.13/site-packages (from lightgbm) (1.17.1)
Requirement already satisfied: lightgbm in /home/cxc/dev/miniconda3/lib/python3.13/site-packages (4.6.0)
Requirement already satisfied: numpy>=1.17.0 in /home/cxc/dev/miniconda3/lib/python3.13/site-packages (from lightgbm) (2.4.4)
Requirement already satisfied: scipy in /home/cxc/dev/miniconda3/lib/python3.13/site-packages (from lightgbm) (1.17.1)
Requirement already satisfied: lightgbm in /home/cxc/dev/miniconda3/lib/python3.13/site-packages (4.6.0)
Requirement already satisfied: numpy>=1.17.0 in /home/cxc/dev/miniconda3/lib/python3.13/site-packages (from lightgbm) (2.4.4)
Requirement already satisfied: scipy in /home/cxc/dev/miniconda3/lib/python3.13/site-packages (from lightgbm) (1.17.1)
Requirement already satisfied: lightgbm in /home/cxc/dev/miniconda3/lib/python3.13/site-packages (4.6.0)
Requirement already satisfied: numpy>=1.17.0 in /home/cxc/dev/miniconda3/lib/python3.13/site-packages (from lightgbm) (2.4.4)
Requirement already satisfied: scipy in /home/cxc/dev/miniconda3/lib/python3.13/site-packages (from lightgbm) (1.17.1)
Requirement already satisfied: lightgbm in /home/cxc/dev/miniconda3/lib/python3.13/site-packages (4.6.0)
Requirement already satisfied: numpy>=1.17.0 in /home/cxc/dev/miniconda3/lib/python3.13/site-packages (from lightgbm) (2.4.4)
Requirement already satisfied: scipy in /home/cxc/dev/miniconda3/lib/python3.13/site-packages (from lightgbm) (1.17.1)
Requirement already satisfied: lightgbm in /home/cxc/dev/miniconda3/lib/python3.13/site-packages (4.6.0)
Requirement already satisfied: numpy>=1.17.0 in /home/cxc/dev/miniconda3/lib/python3.13/site-packages (from lightgbm) (2.4.4)
Requirement already satisfied: scipy in /home/cxc/dev/miniconda3/lib/python3.13/site-packages (from lightgbm) (1.17.1)
Requirement already satisfied: lightgbm in /home/cxc/dev/miniconda3/lib/python3.13/site-packages (4.6.0)
Requirement already satisfied: numpy>=1.17.0 in /home/cxc/dev/miniconda3/lib/python3.13/site-packages (from lightgbm) (2.4.4)
Requirement already satisfied: scipy in /home/cxc/dev/miniconda3/lib/python3.13/site-packages (from lightgbm) (1.17.1)
Requirement already satisfied: lightgbm in /home/cxc/dev/miniconda3/lib/python3.13/site-packages (4.6.0)
Requirement already satisfied: numpy>=1.17.0 in /home/cxc/dev/miniconda3/lib/python3.13/site-packages (from lightgbm) (2.4.4)
Requirement already satisfied: scipy in /home/cxc/dev/miniconda3/lib/python3.13/site-packages (from lightgbm) (1.17.1)
Requirement already satisfied: lightgbm in /home/cxc/dev/miniconda3/lib/python3.13/site-packages (4.6.0)
Requirement already satisfied: numpy>=1.17.0 in /home/cxc/dev/miniconda3/lib/python3.13/site-packages (from lightgbm) (2.4.4)
Requirement already satisfied: scipy in /home/cxc/dev/miniconda3/lib/python3.13/site-packages (from lightgbm) (1.17.1)
Requirement already satisfied: lightgbm in /home/cxc/dev/miniconda3/lib/python3.13/site-packages (4.6.0)
Requirement already satisfied: numpy>=1.17.0 in /home/cxc/dev/miniconda3/lib/python3.13/site-packages (from lightgbm) (2.4.4)
Requirement already satisfied: scipy in /home/cxc/dev/miniconda3/lib/python3.13/site-packages (from lightgbm) (1.17.1)
Requirement already satisfied: lightgbm in /home/cxc/dev/miniconda3/lib/python3.13/site-packages (4.6.0)
Requirement already satisfied: numpy>=1.17.0 in /home/cxc/dev/miniconda3/lib/python3.13/site-packages (from lightgbm) (2.4.4)
Requirement already satisfied: scipy in /home/cxc/dev/miniconda3/lib/python3.13/site-packages (from lightgbm) (1.17.1)
Requirement already satisfied: lightgbm in /home/cxc/dev/miniconda3/lib/python3.13/site-packages (4.6.0)
Requirement already satisfied: numpy>=1.17.0 in /home/cxc/dev/miniconda3/lib/python3.13/site-packages (from lightgbm) (2.4.4)
Requirement already satisfied: scipy in /home/cxc/dev/miniconda3/lib/python3.13/site-packages (from lightgbm) (1.17.1)
Requirement already satisfied: lightgbm in /home/cxc/dev/miniconda3/lib/python3.13/site-packages (4.6.0)
Requirement already satisfied: numpy>=1.17.0 in /home/cxc/dev/miniconda3/lib/python3.13/site-packages (from lightgbm) (2.4.4)
Requirement already satisfied: scipy in /home/cxc/dev/miniconda3/lib/python3.13/site-packages (from lightgbm) (1.17.1)
Requirement already satisfied: lightgbm in /home/cxc/dev/miniconda3/lib/python3.13/site-packages (4.6.0)
Requirement already satisfied: numpy>=1.17.0 in /home/cxc/dev/miniconda3/lib/python3.13/site-packages (from lightgbm) (2.4.4)
Requirement already satisfied: scipy in /home/cxc/dev/miniconda3/lib/python3.13/site-packages (from lightgbm) (1.17.1)
Requirement already satisfied: lightgbm in /home/cxc/dev/miniconda3/lib/python3.13/site-packages (4.6.0)
Requirement already satisfied: numpy>=1.17.0 in /home/cxc/dev/miniconda3/lib/python3.13/site-packages (from lightgbm) (2.4.4)
Requirement already satisfied: scipy in /home/cxc/dev/miniconda3/lib/python3.13/site-packages (from lightgbm) (1.17.1)
Requirement already satisfied: lightgbm in /home/cxc/dev/miniconda3/lib/python3.13/site-packages (4.6.0)
Requirement already satisfied: numpy>=1.17.0 in /home/cxc/dev/miniconda3/lib/python3.13/site-packages (from lightgbm) (2.4.4)
Requirement already satisfied: scipy in /home/cxc/dev/miniconda3/lib/python3.13/site-packages (from lightgbm) (1.17.1)
Requirement already satisfied: lightgbm in /home/cxc/dev/miniconda3/lib/python3.13/site-packages (4.6.0)
Requirement already satisfied: numpy>=1.17.0 in /home/cxc/dev/miniconda3/lib/python3.13/site-packages (from lightgbm) (2.4.4)
Requirement already satisfied: scipy in /home/cxc/dev/miniconda3/lib/python3.13/site-packages (from lightgbm) (1.17.1)
Traceback (most recent call last):
  File "/home/cxc/MoEBench/scripts/paper_reconstruct_cv_extras.py", line 789, in <module>
    raise SystemExit(main())
                     ~~~~^^
  File "/home/cxc/MoEBench/scripts/paper_reconstruct_cv_extras.py", line 745, in main
    block = run_suite_block(
        suite_key=suite_key,
    ...<7 lines>...
        args=args,
    )
  File "/home/cxc/MoEBench/scripts/paper_reconstruct_cv_extras.py", line 535, in run_suite_block
    raise ValueError(f"K={eval_k} invalid for {suite_key} (num_profiles={len(test_ids)})")
ValueError: K=5 invalid for phoronix_cpu (num_profiles=4)
Traceback (most recent call last):
  File "/home/cxc/MoEBench/scripts/run_paper_supplementary_all_machines.py", line 322, in <module>
    raise SystemExit(main())
                     ~~~~^^
  File "/home/cxc/MoEBench/scripts/run_paper_supplementary_all_machines.py", line 310, in main
    _, summary_path = run_mode(
                      ~~~~~~~~^
        mode, eval_k=eval_k, auto_install=args.auto_install, skip_existing=skip_existing
        ^^^^^^^^^^^^^^^^^^^^^^^^^^^^^^^^^^^^^^^^^^^^^^^^^^^^^^^^^^^^^^^^^^^^^^^^^^^^^^^^
    )
    ^
  File "/home/cxc/MoEBench/scripts/run_paper_supplementary_all_machines.py", line 264, in run_mode
    _run_cv(
    ~~~~~~~^
        machine=machine,
        ^^^^^^^^^^^^^^^^
    ...<8 lines>...
        skip_existing=skip_existing,
        ^^^^^^^^^^^^^^^^^^^^^^^^^^^^
    )
    ^
  File "/home/cxc/MoEBench/scripts/run_paper_supplementary_all_machines.py", line 163, in _run_cv
    subprocess.check_call(cmd)
    ~~~~~~~~~~~~~~~~~~~~~^^^^^
  File "/home/cxc/dev/miniconda3/lib/python3.13/subprocess.py", line 419, in check_call
    raise CalledProcessError(retcode, cmd)
subprocess.CalledProcessError: Command '['/home/cxc/dev/miniconda3/bin/python3', '/home/cxc/MoEBench/scripts/paper_reconstruct_cv_extras.py', '--dataset-root', '/home/cxc/MoEBench/dataset', '--suites', 'phoronix_cpu', '--cv-mode', 'leave_one_session_out', '--seed', '42', '--model-type', 'lightgbm', '--log1p-partial-value', '--train-aug', '10', '--train-k-max', '12', '--xi-ablations', 'full', '--report-json', '/home/cxc/MoEBench/dataset/paper_supplementary/topk_phoronix_cpu_iZbp1acaw5wdllhz47922rZ.json', '--auto-install', '--glob-pts-cpu', 'iZbp1acaw5wdllhz47922rZ_cpu_[0-9][0-9][0-9][0-9][0-9][0-9][0-9][0-9]T[0-9][0-9][0-9][0-9][0-9][0-9]Z/run-*.json', '--router-model-pts-cpu', '/home/cxc/MoEBench/dataset/experiments/router_recon_grid_cpu_iZbp1acaw5wdllhz47922rZ_20260525T073952Z/trained_models/router_mlp.pt', '--k-sweep', '1,2,3,4,5', '--policies', 'router']' returned non-zero exit status 1.
skip existing /home/cxc/MoEBench/dataset/paper_supplementary/topk_unixbench_aces-System-Product-Name.json
skip existing /home/cxc/MoEBench/dataset/paper_supplementary/topk_unixbench_iZbp1glgt48i9a8d49embxZ.json
skip existing /home/cxc/MoEBench/dataset/paper_supplementary/topk_unixbench_iZbp15n87643uk1sqjrdvdZ.json
skip existing /home/cxc/MoEBench/dataset/paper_supplementary/topk_unixbench_iZbp16krl0yc7euw7sb6slZ.json
skip existing /home/cxc/MoEBench/dataset/paper_supplementary/topk_unixbench_iZbp1acaw5wdllhz47922rZ.json
skip existing /home/cxc/MoEBench/dataset/paper_supplementary/topk_phoronix_cpu_aces-System-Product-Name.json
skip existing /home/cxc/MoEBench/dataset/paper_supplementary/topk_phoronix_cpu_iZbp1glgt48i9a8d49embxZ.json
skip existing /home/cxc/MoEBench/dataset/paper_supplementary/topk_phoronix_cpu_iZbp15n87643uk1sqjrdvdZ.json
skip existing /home/cxc/MoEBench/dataset/paper_supplementary/topk_phoronix_cpu_iZbp16krl0yc7euw7sb6slZ.json
+ /home/cxc/dev/miniconda3/bin/python3 /home/cxc/MoEBench/scripts/paper_reconstruct_cv_extras.py --dataset-root /home/cxc/MoEBench/dataset --suites phoronix_cpu --cv-mode leave_one_session_out --seed 42 --model-type lightgbm --log1p-partial-value --train-aug 10 --train-k-max 12 --xi-ablations full --report-json /home/cxc/MoEBench/dataset/paper_supplementary/topk_phoronix_cpu_iZbp1acaw5wdllhz47922rZ.json --auto-install --glob-pts-cpu iZbp1acaw5wdllhz47922rZ_cpu_[0-9][0-9][0-9][0-9][0-9][0-9][0-9][0-9]T[0-9][0-9][0-9][0-9][0-9][0-9]Z/run-*.json --router-model-pts-cpu /home/cxc/MoEBench/dataset/experiments/router_recon_grid_cpu_iZbp1acaw5wdllhz47922rZ_20260525T073952Z/trained_models/router_mlp.pt --k-sweep 1,2,3,4 --policies router
[phoronix_cpu] leave_one_session_out needs >= 2 session dirs; got 1. Falling back to random_fold.
Requirement already satisfied: lightgbm in /home/cxc/dev/miniconda3/lib/python3.13/site-packages (4.6.0)
Requirement already satisfied: numpy>=1.17.0 in /home/cxc/dev/miniconda3/lib/python3.13/site-packages (from lightgbm) (2.4.4)
Requirement already satisfied: scipy in /home/cxc/dev/miniconda3/lib/python3.13/site-packages (from lightgbm) (1.17.1)
Requirement already satisfied: lightgbm in /home/cxc/dev/miniconda3/lib/python3.13/site-packages (4.6.0)
Requirement already satisfied: numpy>=1.17.0 in /home/cxc/dev/miniconda3/lib/python3.13/site-packages (from lightgbm) (2.4.4)
Requirement already satisfied: scipy in /home/cxc/dev/miniconda3/lib/python3.13/site-packages (from lightgbm) (1.17.1)
Requirement already satisfied: lightgbm in /home/cxc/dev/miniconda3/lib/python3.13/site-packages (4.6.0)
Requirement already satisfied: numpy>=1.17.0 in /home/cxc/dev/miniconda3/lib/python3.13/site-packages (from lightgbm) (2.4.4)
Requirement already satisfied: scipy in /home/cxc/dev/miniconda3/lib/python3.13/site-packages (from lightgbm) (1.17.1)
Requirement already satisfied: lightgbm in /home/cxc/dev/miniconda3/lib/python3.13/site-packages (4.6.0)
Requirement already satisfied: numpy>=1.17.0 in /home/cxc/dev/miniconda3/lib/python3.13/site-packages (from lightgbm) (2.4.4)
Requirement already satisfied: scipy in /home/cxc/dev/miniconda3/lib/python3.13/site-packages (from lightgbm) (1.17.1)
Requirement already satisfied: lightgbm in /home/cxc/dev/miniconda3/lib/python3.13/site-packages (4.6.0)
Requirement already satisfied: numpy>=1.17.0 in /home/cxc/dev/miniconda3/lib/python3.13/site-packages (from lightgbm) (2.4.4)
Requirement already satisfied: scipy in /home/cxc/dev/miniconda3/lib/python3.13/site-packages (from lightgbm) (1.17.1)
Requirement already satisfied: lightgbm in /home/cxc/dev/miniconda3/lib/python3.13/site-packages (4.6.0)
Requirement already satisfied: numpy>=1.17.0 in /home/cxc/dev/miniconda3/lib/python3.13/site-packages (from lightgbm) (2.4.4)
Requirement already satisfied: scipy in /home/cxc/dev/miniconda3/lib/python3.13/site-packages (from lightgbm) (1.17.1)
Requirement already satisfied: lightgbm in /home/cxc/dev/miniconda3/lib/python3.13/site-packages (4.6.0)
Requirement already satisfied: numpy>=1.17.0 in /home/cxc/dev/miniconda3/lib/python3.13/site-packages (from lightgbm) (2.4.4)
Requirement already satisfied: scipy in /home/cxc/dev/miniconda3/lib/python3.13/site-packages (from lightgbm) (1.17.1)
Requirement already satisfied: lightgbm in /home/cxc/dev/miniconda3/lib/python3.13/site-packages (4.6.0)
Requirement already satisfied: numpy>=1.17.0 in /home/cxc/dev/miniconda3/lib/python3.13/site-packages (from lightgbm) (2.4.4)
Requirement already satisfied: scipy in /home/cxc/dev/miniconda3/lib/python3.13/site-packages (from lightgbm) (1.17.1)
Requirement already satisfied: lightgbm in /home/cxc/dev/miniconda3/lib/python3.13/site-packages (4.6.0)
Requirement already satisfied: numpy>=1.17.0 in /home/cxc/dev/miniconda3/lib/python3.13/site-packages (from lightgbm) (2.4.4)
Requirement already satisfied: scipy in /home/cxc/dev/miniconda3/lib/python3.13/site-packages (from lightgbm) (1.17.1)
Requirement already satisfied: lightgbm in /home/cxc/dev/miniconda3/lib/python3.13/site-packages (4.6.0)
Requirement already satisfied: numpy>=1.17.0 in /home/cxc/dev/miniconda3/lib/python3.13/site-packages (from lightgbm) (2.4.4)
Requirement already satisfied: scipy in /home/cxc/dev/miniconda3/lib/python3.13/site-packages (from lightgbm) (1.17.1)
Requirement already satisfied: lightgbm in /home/cxc/dev/miniconda3/lib/python3.13/site-packages (4.6.0)
Requirement already satisfied: numpy>=1.17.0 in /home/cxc/dev/miniconda3/lib/python3.13/site-packages (from lightgbm) (2.4.4)
Requirement already satisfied: scipy in /home/cxc/dev/miniconda3/lib/python3.13/site-packages (from lightgbm) (1.17.1)
Requirement already satisfied: lightgbm in /home/cxc/dev/miniconda3/lib/python3.13/site-packages (4.6.0)
Requirement already satisfied: numpy>=1.17.0 in /home/cxc/dev/miniconda3/lib/python3.13/site-packages (from lightgbm) (2.4.4)
Requirement already satisfied: scipy in /home/cxc/dev/miniconda3/lib/python3.13/site-packages (from lightgbm) (1.17.1)
Requirement already satisfied: lightgbm in /home/cxc/dev/miniconda3/lib/python3.13/site-packages (4.6.0)
Requirement already satisfied: numpy>=1.17.0 in /home/cxc/dev/miniconda3/lib/python3.13/site-packages (from lightgbm) (2.4.4)
Requirement already satisfied: scipy in /home/cxc/dev/miniconda3/lib/python3.13/site-packages (from lightgbm) (1.17.1)
Requirement already satisfied: lightgbm in /home/cxc/dev/miniconda3/lib/python3.13/site-packages (4.6.0)
Requirement already satisfied: numpy>=1.17.0 in /home/cxc/dev/miniconda3/lib/python3.13/site-packages (from lightgbm) (2.4.4)
Requirement already satisfied: scipy in /home/cxc/dev/miniconda3/lib/python3.13/site-packages (from lightgbm) (1.17.1)
Requirement already satisfied: lightgbm in /home/cxc/dev/miniconda3/lib/python3.13/site-packages (4.6.0)
Requirement already satisfied: numpy>=1.17.0 in /home/cxc/dev/miniconda3/lib/python3.13/site-packages (from lightgbm) (2.4.4)
Requirement already satisfied: scipy in /home/cxc/dev/miniconda3/lib/python3.13/site-packages (from lightgbm) (1.17.1)
Requirement already satisfied: lightgbm in /home/cxc/dev/miniconda3/lib/python3.13/site-packages (4.6.0)
Requirement already satisfied: numpy>=1.17.0 in /home/cxc/dev/miniconda3/lib/python3.13/site-packages (from lightgbm) (2.4.4)
Requirement already satisfied: scipy in /home/cxc/dev/miniconda3/lib/python3.13/site-packages (from lightgbm) (1.17.1)
Requirement already satisfied: lightgbm in /home/cxc/dev/miniconda3/lib/python3.13/site-packages (4.6.0)
Requirement already satisfied: numpy>=1.17.0 in /home/cxc/dev/miniconda3/lib/python3.13/site-packages (from lightgbm) (2.4.4)
Requirement already satisfied: scipy in /home/cxc/dev/miniconda3/lib/python3.13/site-packages (from lightgbm) (1.17.1)
Requirement already satisfied: lightgbm in /home/cxc/dev/miniconda3/lib/python3.13/site-packages (4.6.0)
Requirement already satisfied: numpy>=1.17.0 in /home/cxc/dev/miniconda3/lib/python3.13/site-packages (from lightgbm) (2.4.4)
Requirement already satisfied: scipy in /home/cxc/dev/miniconda3/lib/python3.13/site-packages (from lightgbm) (1.17.1)
Requirement already satisfied: lightgbm in /home/cxc/dev/miniconda3/lib/python3.13/site-packages (4.6.0)
Requirement already satisfied: numpy>=1.17.0 in /home/cxc/dev/miniconda3/lib/python3.13/site-packages (from lightgbm) (2.4.4)
Requirement already satisfied: scipy in /home/cxc/dev/miniconda3/lib/python3.13/site-packages (from lightgbm) (1.17.1)
Requirement already satisfied: lightgbm in /home/cxc/dev/miniconda3/lib/python3.13/site-packages (4.6.0)
Requirement already satisfied: numpy>=1.17.0 in /home/cxc/dev/miniconda3/lib/python3.13/site-packages (from lightgbm) (2.4.4)
Requirement already satisfied: scipy in /home/cxc/dev/miniconda3/lib/python3.13/site-packages (from lightgbm) (1.17.1)
{
  "schema": "moebench.paper_reconstruct_cv_extras.v2",
  "dataset_root": "/home/cxc/MoEBench/dataset",
  "suites_requested": [
    "phoronix_cpu"
  ],
  "eval_partial_k_list": [
    1,
    2,
    3,
    4
  ],
  "train_k_range_requested": [
    2,
    12
  ],
  "pts_suite_target": "logmean",
  "model_type": "lightgbm",
  "policies": [
    "router"
  ],
  "xi_ablations": [
    "full"
  ],
  "suite_results": [
    {
      "suite_key": "phoronix_cpu",
      "pts_suite_filter": "cpu",
      "glob_pattern": "iZbp1acaw5wdllhz47922rZ_cpu_[0-9][0-9][0-9][0-9][0-9][0-9][0-9][0-9]T[0-9][0-9][0-9][0-9][0-9][0-9]Z/run-*.json",
      "cv_mode_effective": "random_fold",
      "folds_effective": 5,
      "sessions": [
        "iZbp1acaw5wdllhz47922rZ_cpu_20260525T045422Z"
      ],
      "n_samples": 5,
      "num_profiles_or_subtests": 4,
      "profile_ids_head": [
        "pts/namd-1.4.0",
        "pts/rodinia-1.3.2",
        "pts/stockfish-1.7.0",
        "pts/x264-2.7.0"
      ],
      "combinations": [
        {
          "suite_key": "phoronix_cpu",
          "xi_ablation": "full",
          "benchmark": "phoronix",
          "eval_partial_k": 1,
          "policy": "router",
          "oof_metrics": {
            "mae_all_targets": 4612.16802814435,
            "rmse_all_targets": 11882.947754454915,
            "mae_subtest_index_only": 5765.016302354903,
            "rmse_subtest_index_only": 13285.539467031105,
            "mae_suite_index": 0.774931302134803,
            "rmse_suite_index": 0.9774256221907787,
            "spearman_suite": -0.7,
            "kendall_tau_suite": -0.6,
            "median_bucket_accuracy_suite": 0.4
          },
          "per_fold_metrics": [
            {
              "mae_all_targets": 101.20840448644434,
              "rmse_all_targets": 225.48875265904195,
              "mae_subtest_index_only": 126.16870887853513,
              "rmse_subtest_index_only": 252.1031627521678,
              "mae_suite_index": 1.3671869180811882,
              "rmse_suite_index": 1.3671869180811882,
              "spearman_suite": NaN,
              "kendall_tau_suite": NaN,
              "fold": 0,
              "n_val": 1,
              "median_bucket_accuracy_suite": NaN,
              "mean_eval_wall_saved_fraction": 0.8020123875744559
            },
            {
              "mae_all_targets": 3737.474213914542,
              "rmse_all_targets": 8357.03036841612,
              "mae_subtest_index_only": 4671.782659042618,
              "rmse_subtest_index_only": 9343.4439961309,
              "mae_suite_index": 0.2404334022352259,
              "rmse_suite_index": 0.2404334022352259,
              "spearman_suite": NaN,
              "kendall_tau_suite": NaN,
              "fold": 1,
              "n_val": 1,
              "median_bucket_accuracy_suite": NaN,
              "mean_eval_wall_saved_fraction": 0.5210042938931299
            },
            {
              "mae_all_targets": 6932.5027053488175,
              "rmse_all_targets": 15501.351946655675,
              "mae_subtest_index_only": 8665.560597141937,
              "rmse_subtest_index_only": 17331.03834740516,
              "mae_suite_index": 0.2711381763344889,
              "rmse_suite_index": 0.2711381763344889,
              "spearman_suite": NaN,
              "kendall_tau_suite": NaN,
              "fold": 2,
              "n_val": 1,
              "median_bucket_accuracy_suite": NaN,
              "mean_eval_wall_saved_fraction": 0.8052395191746388
            },
            {
              "mae_all_targets": 4792.8372808377335,
              "rmse_all_targets": 10716.175199626901,
              "mae_subtest_index_only": 5990.640541568388,
              "rmse_subtest_index_only": 11981.048075057379,
              "mae_suite_index": 1.624237915118556,
              "rmse_suite_index": 1.624237915118556,
              "spearman_suite": NaN,
              "kendall_tau_suite": NaN,
              "fold": 3,
              "n_val": 1,
              "median_bucket_accuracy_suite": NaN,
              "mean_eval_wall_saved_fraction": 0.7891545896536044
            },
            {
              "mae_all_targets": 7496.81753613421,
              "rmse_all_targets": 16763.147432273454,
              "mae_subtest_index_only": 9370.929005143036,
              "rmse_subtest_index_only": 18741.76858678597,
              "mae_suite_index": 0.371660098904556,
              "rmse_suite_index": 0.371660098904556,
              "spearman_suite": NaN,
              "kendall_tau_suite": NaN,
              "fold": 4,
              "n_val": 1,
              "median_bucket_accuracy_suite": NaN,
              "mean_eval_wall_saved_fraction": 0.521983089473465
            }
          ],
          "time_savings": {
            "mean_fraction_wall_time_saved_vs_full_suite": 0.6878787759538587,
            "description": "Eval subset; PTS ti.by_test_id.time_s_total (or execution_cost)."
          },
          "n_oof": 5
        },
        {
          "suite_key": "phoronix_cpu",
          "xi_ablation": "full",
          "benchmark": "phoronix",
          "eval_partial_k": 2,
          "policy": "router",
          "oof_metrics": {
            "mae_all_targets": 4428.691281450984,
            "rmse_all_targets": 11424.37616866086,
            "mae_subtest_index_only": 5535.670368988196,
            "rmse_subtest_index_only": 12772.840847477608,
            "mae_suite_index": 0.774931302134803,
            "rmse_suite_index": 0.9774256221907787,
            "spearman_suite": -0.7,
            "kendall_tau_suite": -0.6,
            "median_bucket_accuracy_suite": 0.4
          },
          "per_fold_metrics": [
            {
              "mae_all_targets": 326.4659160831985,
              "rmse_all_targets": 729.1792285187715,
              "mae_subtest_index_only": 407.7405983744778,
              "rmse_subtest_index_only": 815.2468747741516,
              "mae_suite_index": 1.3671869180811882,
              "rmse_suite_index": 1.3671869180811882,
              "spearman_suite": NaN,
              "kendall_tau_suite": NaN,
              "fold": 0,
              "n_val": 1,
              "median_bucket_accuracy_suite": NaN,
              "mean_eval_wall_saved_fraction": 0.32559505446261183
            },
            {
              "mae_all_targets": 3052.1210989111723,
              "rmse_all_targets": 6824.534214913671,
              "mae_subtest_index_only": 3815.0912652884067,
              "rmse_subtest_index_only": 7630.061208713017,
              "mae_suite_index": 0.2404334022352259,
              "rmse_suite_index": 0.2404334022352259,
              "spearman_suite": NaN,
              "kendall_tau_suite": NaN,
              "fold": 1,
              "n_val": 1,
              "median_bucket_accuracy_suite": NaN,
              "mean_eval_wall_saved_fraction": 0.24481750954198483
            },
            {
              "mae_all_targets": 6475.214575288605,
              "rmse_all_targets": 14478.824602579642,
              "mae_subtest_index_only": 8093.950434566674,
              "rmse_subtest_index_only": 16187.818022264548,
              "mae_suite_index": 0.2711381763344889,
              "rmse_suite_index": 0.2711381763344889,
              "spearman_suite": NaN,
              "kendall_tau_suite": NaN,
              "fold": 2,
              "n_val": 1,
              "median_bucket_accuracy_suite": NaN,
              "mean_eval_wall_saved_fraction": 0.5293725205208545
            },
            {
              "mae_all_targets": 4792.8372808377335,
              "rmse_all_targets": 10716.175199626901,
              "mae_subtest_index_only": 5990.640541568388,
              "rmse_subtest_index_only": 11981.048075057379,
              "mae_suite_index": 1.624237915118556,
              "rmse_suite_index": 1.624237915118556,
              "spearman_suite": NaN,
              "kendall_tau_suite": NaN,
              "fold": 3,
              "n_val": 1,
              "median_bucket_accuracy_suite": NaN,
              "mean_eval_wall_saved_fraction": 0.5191444461285546
            },
            {
              "mae_all_targets": 7496.81753613421,
              "rmse_all_targets": 16763.147432273454,
              "mae_subtest_index_only": 9370.929005143036,
              "rmse_subtest_index_only": 18741.76858678597,
              "mae_suite_index": 0.371660098904556,
              "rmse_suite_index": 0.371660098904556,
              "spearman_suite": NaN,
              "kendall_tau_suite": NaN,
              "fold": 4,
              "n_val": 1,
              "median_bucket_accuracy_suite": NaN,
              "mean_eval_wall_saved_fraction": 0.24639267884875132
            }
          ],
          "time_savings": {
            "mean_fraction_wall_time_saved_vs_full_suite": 0.37306444190055144,
            "description": "Eval subset; PTS ti.by_test_id.time_s_total (or execution_cost)."
          },
          "n_oof": 5
        },
        {
          "suite_key": "phoronix_cpu",
          "xi_ablation": "full",
          "benchmark": "phoronix",
          "eval_partial_k": 3,
          "policy": "router",
          "oof_metrics": {
            "mae_all_targets": 4076.8942812353343,
            "rmse_all_targets": 11031.19758954628,
            "mae_subtest_index_only": 5095.924118718634,
            "rmse_subtest_index_only": 12333.25383204588,
            "mae_suite_index": 0.774931302134803,
            "rmse_suite_index": 0.9774256221907787,
            "spearman_suite": -0.7,
            "kendall_tau_suite": -0.6,
            "median_bucket_accuracy_suite": 0.4
          },
          "per_fold_metrics": [
            {
              "mae_all_targets": 637.693568731476,
              "rmse_all_targets": 1425.1052780423663,
              "mae_subtest_index_only": 796.7751641848248,
              "rmse_subtest_index_only": 1593.3159917543805,
              "mae_suite_index": 1.3671869180811882,
              "rmse_suite_index": 1.3671869180811882,
              "spearman_suite": NaN,
              "kendall_tau_suite": NaN,
              "fold": 0,
              "n_val": 1,
              "median_bucket_accuracy_suite": NaN,
              "mean_eval_wall_saved_fraction": 0.05098008970312527
            },
            {
              "mae_all_targets": 1053.658586763932,
              "rmse_all_targets": 2355.836189711907,
              "mae_subtest_index_only": 1317.013125104356,
              "rmse_subtest_index_only": 2633.9049292814916,
              "mae_suite_index": 0.2404334022352259,
              "rmse_suite_index": 0.2404334022352259,
              "spearman_suite": NaN,
              "kendall_tau_suite": NaN,
              "fold": 1,
              "n_val": 1,
              "median_bucket_accuracy_suite": NaN,
              "mean_eval_wall_saved_fraction": 0.05119274809160314
            },
            {
              "mae_all_targets": 6403.4644337093205,
              "rmse_all_targets": 14318.386408620321,
              "mae_subtest_index_only": 8004.262757592567,
              "rmse_subtest_index_only": 16008.442668318019,
              "mae_suite_index": 0.2711381763344889,
              "rmse_suite_index": 0.2711381763344889,
              "spearman_suite": NaN,
              "kendall_tau_suite": NaN,
              "fold": 2,
              "n_val": 1,
              "median_bucket_accuracy_suite": NaN,
              "mean_eval_wall_saved_fraction": 0.051191937001870566
            },
            {
              "mae_all_targets": 4792.8372808377335,
              "rmse_all_targets": 10716.175199626901,
              "mae_subtest_index_only": 5990.640541568388,
              "rmse_subtest_index_only": 11981.048075057379,
              "mae_suite_index": 1.624237915118556,
              "rmse_suite_index": 1.624237915118556,
              "spearman_suite": NaN,
              "kendall_tau_suite": NaN,
              "fold": 3,
              "n_val": 1,
              "median_bucket_accuracy_suite": NaN,
              "mean_eval_wall_saved_fraction": 0.05009385675477157
            },
            {
              "mae_all_targets": 7496.81753613421,
              "rmse_all_targets": 16763.147432273454,
              "mae_subtest_index_only": 9370.929005143036,
              "rmse_subtest_index_only": 18741.76858678597,
              "mae_suite_index": 0.371660098904556,
              "rmse_suite_index": 0.371660098904556,
              "spearman_suite": NaN,
              "kendall_tau_suite": NaN,
              "fold": 4,
              "n_val": 1,
              "median_bucket_accuracy_suite": NaN,
              "mean_eval_wall_saved_fraction": 0.05132065143013535
            }
          ],
          "time_savings": {
            "mean_fraction_wall_time_saved_vs_full_suite": 0.05095585659630118,
            "description": "Eval subset; PTS ti.by_test_id.time_s_total (or execution_cost)."
          },
          "n_oof": 5
        },
        {
          "suite_key": "phoronix_cpu",
          "xi_ablation": "full",
          "benchmark": "phoronix",
          "eval_partial_k": 4,
          "policy": "router",
          "oof_metrics": {
            "mae_all_targets": 4100.214664122981,
            "rmse_all_targets": 10996.796158227184,
            "mae_subtest_index_only": 5125.074597328193,
            "rmse_subtest_index_only": 12294.791862539194,
            "mae_suite_index": 0.774931302134803,
            "rmse_suite_index": 0.9774256221907787,
            "spearman_suite": -0.7,
            "kendall_tau_suite": -0.6,
            "median_bucket_accuracy_suite": 0.4
          },
          "per_fold_metrics": [
            {
              "mae_all_targets": 836.9295864537402,
              "rmse_all_targets": 1870.6105227303665,
              "mae_subtest_index_only": 1045.8201863376548,
              "rmse_subtest_index_only": 2091.4060324066563,
              "mae_suite_index": 1.3671869180811882,
              "rmse_suite_index": 1.3671869180811882,
              "spearman_suite": NaN,
              "kendall_tau_suite": NaN,
              "fold": 0,
              "n_val": 1,
              "median_bucket_accuracy_suite": NaN,
              "mean_eval_wall_saved_fraction": 0.0
            },
            {
              "mae_all_targets": 1053.658586763932,
              "rmse_all_targets": 2355.836189711907,
              "mae_subtest_index_only": 1317.013125104356,
              "rmse_subtest_index_only": 2633.9049292814916,
              "mae_suite_index": 0.2404334022352259,
              "rmse_suite_index": 0.2404334022352259,
              "spearman_suite": NaN,
              "kendall_tau_suite": NaN,
              "fold": 1,
              "n_val": 1,
              "median_bucket_accuracy_suite": NaN,
              "mean_eval_wall_saved_fraction": 0.0
            },
            {
              "mae_all_targets": 6320.8303304252895,
              "rmse_all_targets": 14133.61093642598,
              "mae_subtest_index_only": 7900.970128487528,
              "rmse_subtest_index_only": 15801.857410109928,
              "mae_suite_index": 0.2711381763344889,
              "rmse_suite_index": 0.2711381763344889,
              "spearman_suite": NaN,
              "kendall_tau_suite": NaN,
              "fold": 2,
              "n_val": 1,
              "median_bucket_accuracy_suite": NaN,
              "mean_eval_wall_saved_fraction": 1.354398285917345e-16
            },
            {
              "mae_all_targets": 4792.8372808377335,
              "rmse_all_targets": 10716.175199626901,
              "mae_subtest_index_only": 5990.640541568388,
              "rmse_subtest_index_only": 11981.048075057379,
              "mae_suite_index": 1.624237915118556,
              "rmse_suite_index": 1.624237915118556,
              "spearman_suite": NaN,
              "kendall_tau_suite": NaN,
              "fold": 3,
              "n_val": 1,
              "median_bucket_accuracy_suite": NaN,
              "mean_eval_wall_saved_fraction": 0.0
            },
            {
              "mae_all_targets": 7496.81753613421,
              "rmse_all_targets": 16763.147432273454,
              "mae_subtest_index_only": 9370.929005143036,
              "rmse_subtest_index_only": 18741.76858678597,
              "mae_suite_index": 0.371660098904556,
              "rmse_suite_index": 0.371660098904556,
              "spearman_suite": NaN,
              "kendall_tau_suite": NaN,
              "fold": 4,
              "n_val": 1,
              "median_bucket_accuracy_suite": NaN,
              "mean_eval_wall_saved_fraction": -1.3529234947027095e-16
            }
          ],
          "time_savings": {
            "mean_fraction_wall_time_saved_vs_full_suite": 2.949582429271081e-20,
            "description": "Eval subset; PTS ti.by_test_id.time_s_total (or execution_cost)."
          },
          "n_oof": 5
        }
      ]
    }
  ]
}
+ /home/cxc/dev/miniconda3/bin/python3 /home/cxc/MoEBench/scripts/paper_reconstruct_cv_extras.py --dataset-root /home/cxc/MoEBench/dataset --suites phoronix_gpu --cv-mode leave_one_session_out --seed 42 --model-type lightgbm --log1p-partial-value --train-aug 10 --train-k-max 12 --xi-ablations full --report-json /home/cxc/MoEBench/dataset/paper_supplementary/topk_phoronix_gpu_aces-System-Product-Name.json --auto-install --glob-pts-gpu aces-System-Product-Name_pts_nvidia-gpu-compute_[0-9][0-9][0-9][0-9][0-9][0-9][0-9][0-9]T[0-9][0-9][0-9][0-9][0-9][0-9]Z/run-*.json --router-model-pts-gpu /home/cxc/MoEBench/dataset/experiments/router_recon_grid_pts_nvidia-gpu-compute_aces-System-Product-Name_20260526T174453Z/trained_models/router_lgbm.pkl --k-sweep 1,2,3,4,5 --policies router
[phoronix_gpu] leave_one_session_out needs >= 2 session dirs; got 1. Falling back to random_fold.
/home/cxc/dev/miniconda3/lib/python3.13/site-packages/sklearn/utils/validation.py:2691: UserWarning: X does not have valid feature names, but LGBMRanker was fitted with feature names
  warnings.warn(
Requirement already satisfied: lightgbm in /home/cxc/dev/miniconda3/lib/python3.13/site-packages (4.6.0)
Requirement already satisfied: numpy>=1.17.0 in /home/cxc/dev/miniconda3/lib/python3.13/site-packages (from lightgbm) (2.4.4)
Requirement already satisfied: scipy in /home/cxc/dev/miniconda3/lib/python3.13/site-packages (from lightgbm) (1.17.1)
/home/cxc/dev/miniconda3/lib/python3.13/site-packages/sklearn/utils/validation.py:2691: UserWarning: X does not have valid feature names, but LGBMRanker was fitted with feature names
  warnings.warn(
Requirement already satisfied: lightgbm in /home/cxc/dev/miniconda3/lib/python3.13/site-packages (4.6.0)
Requirement already satisfied: numpy>=1.17.0 in /home/cxc/dev/miniconda3/lib/python3.13/site-packages (from lightgbm) (2.4.4)
Requirement already satisfied: scipy in /home/cxc/dev/miniconda3/lib/python3.13/site-packages (from lightgbm) (1.17.1)
/home/cxc/dev/miniconda3/lib/python3.13/site-packages/sklearn/utils/validation.py:2691: UserWarning: X does not have valid feature names, but LGBMRanker was fitted with feature names
  warnings.warn(
Requirement already satisfied: lightgbm in /home/cxc/dev/miniconda3/lib/python3.13/site-packages (4.6.0)
Requirement already satisfied: numpy>=1.17.0 in /home/cxc/dev/miniconda3/lib/python3.13/site-packages (from lightgbm) (2.4.4)
Requirement already satisfied: scipy in /home/cxc/dev/miniconda3/lib/python3.13/site-packages (from lightgbm) (1.17.1)
/home/cxc/dev/miniconda3/lib/python3.13/site-packages/sklearn/utils/validation.py:2691: UserWarning: X does not have valid feature names, but LGBMRanker was fitted with feature names
  warnings.warn(
Requirement already satisfied: lightgbm in /home/cxc/dev/miniconda3/lib/python3.13/site-packages (4.6.0)
Requirement already satisfied: numpy>=1.17.0 in /home/cxc/dev/miniconda3/lib/python3.13/site-packages (from lightgbm) (2.4.4)
Requirement already satisfied: scipy in /home/cxc/dev/miniconda3/lib/python3.13/site-packages (from lightgbm) (1.17.1)
/home/cxc/dev/miniconda3/lib/python3.13/site-packages/sklearn/utils/validation.py:2691: UserWarning: X does not have valid feature names, but LGBMRanker was fitted with feature names
  warnings.warn(
Requirement already satisfied: lightgbm in /home/cxc/dev/miniconda3/lib/python3.13/site-packages (4.6.0)
Requirement already satisfied: numpy>=1.17.0 in /home/cxc/dev/miniconda3/lib/python3.13/site-packages (from lightgbm) (2.4.4)
Requirement already satisfied: scipy in /home/cxc/dev/miniconda3/lib/python3.13/site-packages (from lightgbm) (1.17.1)
/home/cxc/dev/miniconda3/lib/python3.13/site-packages/sklearn/utils/validation.py:2691: UserWarning: X does not have valid feature names, but LGBMRanker was fitted with feature names
  warnings.warn(
Requirement already satisfied: lightgbm in /home/cxc/dev/miniconda3/lib/python3.13/site-packages (4.6.0)
Requirement already satisfied: numpy>=1.17.0 in /home/cxc/dev/miniconda3/lib/python3.13/site-packages (from lightgbm) (2.4.4)
Requirement already satisfied: scipy in /home/cxc/dev/miniconda3/lib/python3.13/site-packages (from lightgbm) (1.17.1)
/home/cxc/dev/miniconda3/lib/python3.13/site-packages/sklearn/utils/validation.py:2691: UserWarning: X does not have valid feature names, but LGBMRanker was fitted with feature names
  warnings.warn(
Requirement already satisfied: lightgbm in /home/cxc/dev/miniconda3/lib/python3.13/site-packages (4.6.0)
Requirement already satisfied: numpy>=1.17.0 in /home/cxc/dev/miniconda3/lib/python3.13/site-packages (from lightgbm) (2.4.4)
Requirement already satisfied: scipy in /home/cxc/dev/miniconda3/lib/python3.13/site-packages (from lightgbm) (1.17.1)
/home/cxc/dev/miniconda3/lib/python3.13/site-packages/sklearn/utils/validation.py:2691: UserWarning: X does not have valid feature names, but LGBMRanker was fitted with feature names
  warnings.warn(
Requirement already satisfied: lightgbm in /home/cxc/dev/miniconda3/lib/python3.13/site-packages (4.6.0)
Requirement already satisfied: numpy>=1.17.0 in /home/cxc/dev/miniconda3/lib/python3.13/site-packages (from lightgbm) (2.4.4)
Requirement already satisfied: scipy in /home/cxc/dev/miniconda3/lib/python3.13/site-packages (from lightgbm) (1.17.1)
/home/cxc/dev/miniconda3/lib/python3.13/site-packages/sklearn/utils/validation.py:2691: UserWarning: X does not have valid feature names, but LGBMRanker was fitted with feature names
  warnings.warn(
Requirement already satisfied: lightgbm in /home/cxc/dev/miniconda3/lib/python3.13/site-packages (4.6.0)
Requirement already satisfied: numpy>=1.17.0 in /home/cxc/dev/miniconda3/lib/python3.13/site-packages (from lightgbm) (2.4.4)
Requirement already satisfied: scipy in /home/cxc/dev/miniconda3/lib/python3.13/site-packages (from lightgbm) (1.17.1)
/home/cxc/dev/miniconda3/lib/python3.13/site-packages/sklearn/utils/validation.py:2691: UserWarning: X does not have valid feature names, but LGBMRanker was fitted with feature names
  warnings.warn(
Requirement already satisfied: lightgbm in /home/cxc/dev/miniconda3/lib/python3.13/site-packages (4.6.0)
Requirement already satisfied: numpy>=1.17.0 in /home/cxc/dev/miniconda3/lib/python3.13/site-packages (from lightgbm) (2.4.4)
Requirement already satisfied: scipy in /home/cxc/dev/miniconda3/lib/python3.13/site-packages (from lightgbm) (1.17.1)
/home/cxc/dev/miniconda3/lib/python3.13/site-packages/sklearn/utils/validation.py:2691: UserWarning: X does not have valid feature names, but LGBMRanker was fitted with feature names
  warnings.warn(
Requirement already satisfied: lightgbm in /home/cxc/dev/miniconda3/lib/python3.13/site-packages (4.6.0)
Requirement already satisfied: numpy>=1.17.0 in /home/cxc/dev/miniconda3/lib/python3.13/site-packages (from lightgbm) (2.4.4)
Requirement already satisfied: scipy in /home/cxc/dev/miniconda3/lib/python3.13/site-packages (from lightgbm) (1.17.1)
/home/cxc/dev/miniconda3/lib/python3.13/site-packages/sklearn/utils/validation.py:2691: UserWarning: X does not have valid feature names, but LGBMRanker was fitted with feature names
  warnings.warn(
Requirement already satisfied: lightgbm in /home/cxc/dev/miniconda3/lib/python3.13/site-packages (4.6.0)
Requirement already satisfied: numpy>=1.17.0 in /home/cxc/dev/miniconda3/lib/python3.13/site-packages (from lightgbm) (2.4.4)
Requirement already satisfied: scipy in /home/cxc/dev/miniconda3/lib/python3.13/site-packages (from lightgbm) (1.17.1)
/home/cxc/dev/miniconda3/lib/python3.13/site-packages/sklearn/utils/validation.py:2691: UserWarning: X does not have valid feature names, but LGBMRanker was fitted with feature names
  warnings.warn(
Requirement already satisfied: lightgbm in /home/cxc/dev/miniconda3/lib/python3.13/site-packages (4.6.0)
Requirement already satisfied: numpy>=1.17.0 in /home/cxc/dev/miniconda3/lib/python3.13/site-packages (from lightgbm) (2.4.4)
Requirement already satisfied: scipy in /home/cxc/dev/miniconda3/lib/python3.13/site-packages (from lightgbm) (1.17.1)
/home/cxc/dev/miniconda3/lib/python3.13/site-packages/sklearn/utils/validation.py:2691: UserWarning: X does not have valid feature names, but LGBMRanker was fitted with feature names
  warnings.warn(
Requirement already satisfied: lightgbm in /home/cxc/dev/miniconda3/lib/python3.13/site-packages (4.6.0)
Requirement already satisfied: numpy>=1.17.0 in /home/cxc/dev/miniconda3/lib/python3.13/site-packages (from lightgbm) (2.4.4)
Requirement already satisfied: scipy in /home/cxc/dev/miniconda3/lib/python3.13/site-packages (from lightgbm) (1.17.1)
/home/cxc/dev/miniconda3/lib/python3.13/site-packages/sklearn/utils/validation.py:2691: UserWarning: X does not have valid feature names, but LGBMRanker was fitted with feature names
  warnings.warn(
Requirement already satisfied: lightgbm in /home/cxc/dev/miniconda3/lib/python3.13/site-packages (4.6.0)
Requirement already satisfied: numpy>=1.17.0 in /home/cxc/dev/miniconda3/lib/python3.13/site-packages (from lightgbm) (2.4.4)
Requirement already satisfied: scipy in /home/cxc/dev/miniconda3/lib/python3.13/site-packages (from lightgbm) (1.17.1)
/home/cxc/dev/miniconda3/lib/python3.13/site-packages/sklearn/utils/validation.py:2691: UserWarning: X does not have valid feature names, but LGBMRanker was fitted with feature names
  warnings.warn(
Requirement already satisfied: lightgbm in /home/cxc/dev/miniconda3/lib/python3.13/site-packages (4.6.0)
Requirement already satisfied: numpy>=1.17.0 in /home/cxc/dev/miniconda3/lib/python3.13/site-packages (from lightgbm) (2.4.4)
Requirement already satisfied: scipy in /home/cxc/dev/miniconda3/lib/python3.13/site-packages (from lightgbm) (1.17.1)
/home/cxc/dev/miniconda3/lib/python3.13/site-packages/sklearn/utils/validation.py:2691: UserWarning: X does not have valid feature names, but LGBMRanker was fitted with feature names
  warnings.warn(
Requirement already satisfied: lightgbm in /home/cxc/dev/miniconda3/lib/python3.13/site-packages (4.6.0)
Requirement already satisfied: numpy>=1.17.0 in /home/cxc/dev/miniconda3/lib/python3.13/site-packages (from lightgbm) (2.4.4)
Requirement already satisfied: scipy in /home/cxc/dev/miniconda3/lib/python3.13/site-packages (from lightgbm) (1.17.1)
/home/cxc/dev/miniconda3/lib/python3.13/site-packages/sklearn/utils/validation.py:2691: UserWarning: X does not have valid feature names, but LGBMRanker was fitted with feature names
  warnings.warn(
Requirement already satisfied: lightgbm in /home/cxc/dev/miniconda3/lib/python3.13/site-packages (4.6.0)
Requirement already satisfied: numpy>=1.17.0 in /home/cxc/dev/miniconda3/lib/python3.13/site-packages (from lightgbm) (2.4.4)
Requirement already satisfied: scipy in /home/cxc/dev/miniconda3/lib/python3.13/site-packages (from lightgbm) (1.17.1)
/home/cxc/dev/miniconda3/lib/python3.13/site-packages/sklearn/utils/validation.py:2691: UserWarning: X does not have valid feature names, but LGBMRanker was fitted with feature names
  warnings.warn(
Requirement already satisfied: lightgbm in /home/cxc/dev/miniconda3/lib/python3.13/site-packages (4.6.0)
Requirement already satisfied: numpy>=1.17.0 in /home/cxc/dev/miniconda3/lib/python3.13/site-packages (from lightgbm) (2.4.4)
Requirement already satisfied: scipy in /home/cxc/dev/miniconda3/lib/python3.13/site-packages (from lightgbm) (1.17.1)
/home/cxc/dev/miniconda3/lib/python3.13/site-packages/sklearn/utils/validation.py:2691: UserWarning: X does not have valid feature names, but LGBMRanker was fitted with feature names
  warnings.warn(
Requirement already satisfied: lightgbm in /home/cxc/dev/miniconda3/lib/python3.13/site-packages (4.6.0)
Requirement already satisfied: numpy>=1.17.0 in /home/cxc/dev/miniconda3/lib/python3.13/site-packages (from lightgbm) (2.4.4)
Requirement already satisfied: scipy in /home/cxc/dev/miniconda3/lib/python3.13/site-packages (from lightgbm) (1.17.1)
/home/cxc/dev/miniconda3/lib/python3.13/site-packages/sklearn/utils/validation.py:2691: UserWarning: X does not have valid feature names, but LGBMRanker was fitted with feature names
  warnings.warn(
Requirement already satisfied: lightgbm in /home/cxc/dev/miniconda3/lib/python3.13/site-packages (4.6.0)
Requirement already satisfied: numpy>=1.17.0 in /home/cxc/dev/miniconda3/lib/python3.13/site-packages (from lightgbm) (2.4.4)
Requirement already satisfied: scipy in /home/cxc/dev/miniconda3/lib/python3.13/site-packages (from lightgbm) (1.17.1)
/home/cxc/dev/miniconda3/lib/python3.13/site-packages/sklearn/utils/validation.py:2691: UserWarning: X does not have valid feature names, but LGBMRanker was fitted with feature names
  warnings.warn(
Requirement already satisfied: lightgbm in /home/cxc/dev/miniconda3/lib/python3.13/site-packages (4.6.0)
Requirement already satisfied: numpy>=1.17.0 in /home/cxc/dev/miniconda3/lib/python3.13/site-packages (from lightgbm) (2.4.4)
Requirement already satisfied: scipy in /home/cxc/dev/miniconda3/lib/python3.13/site-packages (from lightgbm) (1.17.1)
/home/cxc/dev/miniconda3/lib/python3.13/site-packages/sklearn/utils/validation.py:2691: UserWarning: X does not have valid feature names, but LGBMRanker was fitted with feature names
  warnings.warn(
Requirement already satisfied: lightgbm in /home/cxc/dev/miniconda3/lib/python3.13/site-packages (4.6.0)
Requirement already satisfied: numpy>=1.17.0 in /home/cxc/dev/miniconda3/lib/python3.13/site-packages (from lightgbm) (2.4.4)
Requirement already satisfied: scipy in /home/cxc/dev/miniconda3/lib/python3.13/site-packages (from lightgbm) (1.17.1)
/home/cxc/dev/miniconda3/lib/python3.13/site-packages/sklearn/utils/validation.py:2691: UserWarning: X does not have valid feature names, but LGBMRanker was fitted with feature names
  warnings.warn(
Requirement already satisfied: lightgbm in /home/cxc/dev/miniconda3/lib/python3.13/site-packages (4.6.0)
Requirement already satisfied: numpy>=1.17.0 in /home/cxc/dev/miniconda3/lib/python3.13/site-packages (from lightgbm) (2.4.4)
Requirement already satisfied: scipy in /home/cxc/dev/miniconda3/lib/python3.13/site-packages (from lightgbm) (1.17.1)
/home/cxc/dev/miniconda3/lib/python3.13/site-packages/sklearn/utils/validation.py:2691: UserWarning: X does not have valid feature names, but LGBMRanker was fitted with feature names
  warnings.warn(
Requirement already satisfied: lightgbm in /home/cxc/dev/miniconda3/lib/python3.13/site-packages (4.6.0)
Requirement already satisfied: numpy>=1.17.0 in /home/cxc/dev/miniconda3/lib/python3.13/site-packages (from lightgbm) (2.4.4)
Requirement already satisfied: scipy in /home/cxc/dev/miniconda3/lib/python3.13/site-packages (from lightgbm) (1.17.1)
{
  "schema": "moebench.paper_reconstruct_cv_extras.v2",
  "dataset_root": "/home/cxc/MoEBench/dataset",
  "suites_requested": [
    "phoronix_gpu"
  ],
  "eval_partial_k_list": [
    1,
    2,
    3,
    4,
    5
  ],
  "train_k_range_requested": [
    2,
    12
  ],
  "pts_suite_target": "logmean",
  "model_type": "lightgbm",
  "policies": [
    "router"
  ],
  "xi_ablations": [
    "full"
  ],
  "suite_results": [
    {
      "suite_key": "phoronix_gpu",
      "pts_suite_filter": "pts/nvidia-gpu-compute",
      "glob_pattern": "aces-System-Product-Name_pts_nvidia-gpu-compute_[0-9][0-9][0-9][0-9][0-9][0-9][0-9][0-9]T[0-9][0-9][0-9][0-9][0-9][0-9]Z/run-*.json",
      "cv_mode_effective": "random_fold",
      "folds_effective": 5,
      "sessions": [
        "aces-System-Product-Name_pts_nvidia-gpu-compute_20260522T041557Z"
      ],
      "n_samples": 5,
      "num_profiles_or_subtests": 10,
      "profile_ids_head": [
        "pts/blender-5.1.0",
        "pts/cl-mem-1.0.1",
        "pts/clpeak-1.1.0",
        "pts/fahbench-1.0.2",
        "pts/financebench-1.1.1",
        "pts/hashcat-1.3.1",
        "pts/luxcorerender-1.4.0",
        "pts/ncnn-1.6.0"
      ],
      "combinations": [
        {
          "suite_key": "phoronix_gpu",
          "xi_ablation": "full",
          "benchmark": "phoronix",
          "eval_partial_k": 1,
          "policy": "router",
          "oof_metrics": {
            "mae_all_targets": 5009.32421081965,
            "rmse_all_targets": 22301.522462461005,
            "mae_subtest_index_only": 5510.03901082955,
            "rmse_subtest_index_only": 23390.03407108258,
            "mae_suite_index": 2.1762107206451504,
            "rmse_suite_index": 2.667609559314022,
            "spearman_suite": -0.8999999999999998,
            "kendall_tau_suite": -0.8,
            "median_bucket_accuracy_suite": 0.0
          },
          "per_fold_metrics": [
            {
              "mae_all_targets": 2032.883359621438,
              "rmse_all_targets": 6733.11837728831,
              "mae_subtest_index_only": 2235.8787545758987,
              "rmse_subtest_index_only": 7061.754069117033,
              "mae_suite_index": 2.929410076829953,
              "rmse_suite_index": 2.929410076829953,
              "spearman_suite": NaN,
              "kendall_tau_suite": NaN,
              "fold": 0,
              "n_val": 1,
              "median_bucket_accuracy_suite": NaN,
              "mean_eval_wall_saved_fraction": 0.9578063222807619
            },
            {
              "mae_all_targets": 669.6395287122236,
              "rmse_all_targets": 2211.7970184929286,
              "mae_subtest_index_only": 736.1149733521185,
              "rmse_subtest_index_only": 2319.7517689857914,
              "mae_suite_index": 4.885082313276371,
              "rmse_suite_index": 4.885082313276371,
              "spearman_suite": NaN,
              "kendall_tau_suite": NaN,
              "fold": 1,
              "n_val": 1,
              "median_bucket_accuracy_suite": NaN,
              "mean_eval_wall_saved_fraction": 0.9862945657934865
            },
            {
              "mae_all_targets": 5257.299080339374,
              "rmse_all_targets": 17428.89327148178,
              "mae_subtest_index_only": 5782.927791182743,
              "rmse_subtest_index_only": 18279.57747414213,
              "mae_suite_index": 1.011971905690018,
              "rmse_suite_index": 1.011971905690018,
              "spearman_suite": NaN,
              "kendall_tau_suite": NaN,
              "fold": 2,
              "n_val": 1,
              "median_bucket_accuracy_suite": NaN,
              "mean_eval_wall_saved_fraction": 0.9686087185660919
            },
            {
              "mae_all_targets": 3643.1932149941717,
              "rmse_all_targets": 12074.966715678502,
              "mae_subtest_index_only": 4007.4113488615285,
              "rmse_subtest_index_only": 12664.331928721256,
              "mae_suite_index": 1.0118763206053245,
              "rmse_suite_index": 1.0118763206053245,
              "spearman_suite": NaN,
              "kendall_tau_suite": NaN,
              "fold": 3,
              "n_val": 1,
              "median_bucket_accuracy_suite": NaN,
              "mean_eval_wall_saved_fraction": 0.9562179208221807
            },
            {
              "mae_all_targets": 13443.60587043104,
              "rmse_all_targets": 44575.68226882485,
              "mae_subtest_index_only": 14787.862186175462,
              "rmse_subtest_index_only": 46751.36997560204,
              "mae_suite_index": 1.0427129868240854,
              "rmse_suite_index": 1.0427129868240854,
              "spearman_suite": NaN,
              "kendall_tau_suite": NaN,
              "fold": 4,
              "n_val": 1,
              "median_bucket_accuracy_suite": NaN,
              "mean_eval_wall_saved_fraction": 0.9720933285303474
            }
          ],
          "time_savings": {
            "mean_fraction_wall_time_saved_vs_full_suite": 0.9682041711985736,
            "description": "Eval subset; PTS ti.by_test_id.time_s_total (or execution_cost)."
          },
          "n_oof": 5
        },
        {
          "suite_key": "phoronix_gpu",
          "xi_ablation": "full",
          "benchmark": "phoronix",
          "eval_partial_k": 2,
          "policy": "router",
          "oof_metrics": {
            "mae_all_targets": 5009.324220114454,
            "rmse_all_targets": 22301.522462461624,
            "mae_subtest_index_only": 5510.039021053834,
            "rmse_subtest_index_only": 23390.03407108323,
            "mae_suite_index": 2.1762107206451504,
            "rmse_suite_index": 2.667609559314022,
            "spearman_suite": -0.8999999999999998,
            "kendall_tau_suite": -0.8,
            "median_bucket_accuracy_suite": 0.0
          },
          "per_fold_metrics": [
            {
              "mae_all_targets": 2032.883359621438,
              "rmse_all_targets": 6733.11837728831,
              "mae_subtest_index_only": 2235.8787545758987,
              "rmse_subtest_index_only": 7061.754069117033,
              "mae_suite_index": 2.929410076829953,
              "rmse_suite_index": 2.929410076829953,
              "spearman_suite": NaN,
              "kendall_tau_suite": NaN,
              "fold": 0,
              "n_val": 1,
              "median_bucket_accuracy_suite": NaN,
              "mean_eval_wall_saved_fraction": 0.9547831461402421
            },
            {
              "mae_all_targets": 669.6395287122236,
              "rmse_all_targets": 2211.7970184929286,
              "mae_subtest_index_only": 736.1149733521185,
              "rmse_subtest_index_only": 2319.7517689857914,
              "mae_suite_index": 4.885082313276371,
              "rmse_suite_index": 4.885082313276371,
              "spearman_suite": NaN,
              "kendall_tau_suite": NaN,
              "fold": 1,
              "n_val": 1,
              "median_bucket_accuracy_suite": NaN,
              "mean_eval_wall_saved_fraction": 0.9853241188993607
            },
            {
              "mae_all_targets": 5257.299126813395,
              "rmse_all_targets": 17428.893271485747,
              "mae_subtest_index_only": 5782.927842304165,
              "rmse_subtest_index_only": 18279.577474146292,
              "mae_suite_index": 1.011971905690018,
              "rmse_suite_index": 1.011971905690018,
              "spearman_suite": NaN,
              "kendall_tau_suite": NaN,
              "fold": 2,
              "n_val": 1,
              "median_bucket_accuracy_suite": NaN,
              "mean_eval_wall_saved_fraction": 0.9663551047753878
            },
            {
              "mae_all_targets": 3643.1932149941717,
              "rmse_all_targets": 12074.966715678502,
              "mae_subtest_index_only": 4007.4113488615285,
              "rmse_subtest_index_only": 12664.331928721256,
              "mae_suite_index": 1.0118763206053245,
              "rmse_suite_index": 1.0118763206053245,
              "spearman_suite": NaN,
              "kendall_tau_suite": NaN,
              "fold": 3,
              "n_val": 1,
              "median_bucket_accuracy_suite": NaN,
              "mean_eval_wall_saved_fraction": 0.9531073210570554
            },
            {
              "mae_all_targets": 13443.60587043104,
              "rmse_all_targets": 44575.68226882485,
              "mae_subtest_index_only": 14787.862186175462,
              "rmse_subtest_index_only": 46751.36997560204,
              "mae_suite_index": 1.0427129868240854,
              "rmse_suite_index": 1.0427129868240854,
              "spearman_suite": NaN,
              "kendall_tau_suite": NaN,
              "fold": 4,
              "n_val": 1,
              "median_bucket_accuracy_suite": NaN,
              "mean_eval_wall_saved_fraction": 0.9700998858273244
            }
          ],
          "time_savings": {
            "mean_fraction_wall_time_saved_vs_full_suite": 0.965933915339874,
            "description": "Eval subset; PTS ti.by_test_id.time_s_total (or execution_cost)."
          },
          "n_oof": 5
        },
        {
          "suite_key": "phoronix_gpu",
          "xi_ablation": "full",
          "benchmark": "phoronix",
          "eval_partial_k": 3,
          "policy": "router",
          "oof_metrics": {
            "mae_all_targets": 5009.324203655671,
            "rmse_all_targets": 22301.52246246053,
            "mae_subtest_index_only": 5510.039002949173,
            "rmse_subtest_index_only": 23390.034071082082,
            "mae_suite_index": 2.1762107206451504,
            "rmse_suite_index": 2.667609559314022,
            "spearman_suite": -0.8999999999999998,
            "kendall_tau_suite": -0.8,
            "median_bucket_accuracy_suite": 0.0
          },
          "per_fold_metrics": [
            {
              "mae_all_targets": 2032.883359621438,
              "rmse_all_targets": 6733.11837728831,
              "mae_subtest_index_only": 2235.8787545758987,
              "rmse_subtest_index_only": 7061.754069117033,
              "mae_suite_index": 2.929410076829953,
              "rmse_suite_index": 2.929410076829953,
              "spearman_suite": NaN,
              "kendall_tau_suite": NaN,
              "fold": 0,
              "n_val": 1,
              "median_bucket_accuracy_suite": NaN,
              "mean_eval_wall_saved_fraction": 0.9495400420374264
            },
            {
              "mae_all_targets": 669.6395287122236,
              "rmse_all_targets": 2211.7970184929286,
              "mae_subtest_index_only": 736.1149733521185,
              "rmse_subtest_index_only": 2319.7517689857914,
              "mae_suite_index": 4.885082313276371,
              "rmse_suite_index": 4.885082313276371,
              "spearman_suite": NaN,
              "kendall_tau_suite": NaN,
              "fold": 1,
              "n_val": 1,
              "median_bucket_accuracy_suite": NaN,
              "mean_eval_wall_saved_fraction": 0.9835901205397195
            },
            {
              "mae_all_targets": 5257.299044519481,
              "rmse_all_targets": 17428.893271478722,
              "mae_subtest_index_only": 5782.9277517808605,
              "rmse_subtest_index_only": 18279.577474138925,
              "mae_suite_index": 1.011971905690018,
              "rmse_suite_index": 1.011971905690018,
              "spearman_suite": NaN,
              "kendall_tau_suite": NaN,
              "fold": 2,
              "n_val": 1,
              "median_bucket_accuracy_suite": NaN,
              "mean_eval_wall_saved_fraction": 0.9622965332065729
            },
            {
              "mae_all_targets": 3643.1932149941717,
              "rmse_all_targets": 12074.966715678502,
              "mae_subtest_index_only": 4007.4113488615285,
              "rmse_subtest_index_only": 12664.331928721256,
              "mae_suite_index": 1.0118763206053245,
              "rmse_suite_index": 1.0118763206053245,
              "spearman_suite": NaN,
              "kendall_tau_suite": NaN,
              "fold": 3,
              "n_val": 1,
              "median_bucket_accuracy_suite": NaN,
              "mean_eval_wall_saved_fraction": 0.9475144412187255
            },
            {
              "mae_all_targets": 13443.60587043104,
              "rmse_all_targets": 44575.68226882485,
              "mae_subtest_index_only": 14787.862186175462,
              "rmse_subtest_index_only": 46751.36997560204,
              "mae_suite_index": 1.0427129868240854,
              "rmse_suite_index": 1.0427129868240854,
              "spearman_suite": NaN,
              "kendall_tau_suite": NaN,
              "fold": 4,
              "n_val": 1,
              "median_bucket_accuracy_suite": NaN,
              "mean_eval_wall_saved_fraction": 0.9665083309420162
            }
          ],
          "time_savings": {
            "mean_fraction_wall_time_saved_vs_full_suite": 0.9618898935888922,
            "description": "Eval subset; PTS ti.by_test_id.time_s_total (or execution_cost)."
          },
          "n_oof": 5
        },
        {
          "suite_key": "phoronix_gpu",
          "xi_ablation": "full",
          "benchmark": "phoronix",
          "eval_partial_k": 4,
          "policy": "router",
          "oof_metrics": {
            "mae_all_targets": 5009.324253327329,
            "rmse_all_targets": 22301.522462463843,
            "mae_subtest_index_only": 5510.0390575879965,
            "rmse_subtest_index_only": 23390.034071085556,
            "mae_suite_index": 2.1762107206451504,
            "rmse_suite_index": 2.667609559314022,
            "spearman_suite": -0.8999999999999998,
            "kendall_tau_suite": -0.8,
            "median_bucket_accuracy_suite": 0.0
          },
          "per_fold_metrics": [
            {
              "mae_all_targets": 2032.883359621438,
              "rmse_all_targets": 6733.11837728831,
              "mae_subtest_index_only": 2235.8787545758987,
              "rmse_subtest_index_only": 7061.754069117033,
              "mae_suite_index": 2.929410076829953,
              "rmse_suite_index": 2.929410076829953,
              "spearman_suite": NaN,
              "kendall_tau_suite": NaN,
              "fold": 0,
              "n_val": 1,
              "median_bucket_accuracy_suite": NaN,
              "mean_eval_wall_saved_fraction": 0.9045199492587894
            },
            {
              "mae_all_targets": 669.6395287122236,
              "rmse_all_targets": 2211.7970184929286,
              "mae_subtest_index_only": 736.1149733521185,
              "rmse_subtest_index_only": 2319.7517689857914,
              "mae_suite_index": 4.885082313276371,
              "rmse_suite_index": 4.885082313276371,
              "spearman_suite": NaN,
              "kendall_tau_suite": NaN,
              "fold": 1,
              "n_val": 1,
              "median_bucket_accuracy_suite": NaN,
              "mean_eval_wall_saved_fraction": 0.9725524899994374
            },
            {
              "mae_all_targets": 5257.299292877766,
              "rmse_all_targets": 17428.893271499936,
              "mae_subtest_index_only": 5782.928024974974,
              "rmse_subtest_index_only": 18279.577474161175,
              "mae_suite_index": 1.011971905690018,
              "rmse_suite_index": 1.011971905690018,
              "spearman_suite": NaN,
              "kendall_tau_suite": NaN,
              "fold": 2,
              "n_val": 1,
              "median_bucket_accuracy_suite": NaN,
              "mean_eval_wall_saved_fraction": 0.9369513436429491
            },
            {
              "mae_all_targets": 3643.1932149941717,
              "rmse_all_targets": 12074.966715678502,
              "mae_subtest_index_only": 4007.4113488615285,
              "rmse_subtest_index_only": 12664.331928721256,
              "mae_suite_index": 1.0118763206053245,
              "rmse_suite_index": 1.0118763206053245,
              "spearman_suite": NaN,
              "kendall_tau_suite": NaN,
              "fold": 3,
              "n_val": 1,
              "median_bucket_accuracy_suite": NaN,
              "mean_eval_wall_saved_fraction": 0.9125121461230767
            },
            {
              "mae_all_targets": 13443.60587043104,
              "rmse_all_targets": 44575.68226882485,
              "mae_subtest_index_only": 14787.862186175462,
              "rmse_subtest_index_only": 46751.36997560204,
              "mae_suite_index": 1.0427129868240854,
              "rmse_suite_index": 1.0427129868240854,
              "spearman_suite": NaN,
              "kendall_tau_suite": NaN,
              "fold": 4,
              "n_val": 1,
              "median_bucket_accuracy_suite": NaN,
              "mean_eval_wall_saved_fraction": 0.9439928077319933
            }
          ],
          "time_savings": {
            "mean_fraction_wall_time_saved_vs_full_suite": 0.9341057473512491,
            "description": "Eval subset; PTS ti.by_test_id.time_s_total (or execution_cost)."
          },
          "n_oof": 5
        },
        {
          "suite_key": "phoronix_gpu",
          "xi_ablation": "full",
          "benchmark": "phoronix",
          "eval_partial_k": 5,
          "policy": "router",
          "oof_metrics": {
            "mae_all_targets": 5009.32403646167,
            "rmse_all_targets": 22301.52246244941,
            "mae_subtest_index_only": 5510.038819035773,
            "rmse_subtest_index_only": 23390.03407107042,
            "mae_suite_index": 2.1762107206451504,
            "rmse_suite_index": 2.667609559314022,
            "spearman_suite": -0.8999999999999998,
            "kendall_tau_suite": -0.8,
            "median_bucket_accuracy_suite": 0.0
          },
          "per_fold_metrics": [
            {
              "mae_all_targets": 2032.883359621438,
              "rmse_all_targets": 6733.11837728831,
              "mae_subtest_index_only": 2235.8787545758987,
              "rmse_subtest_index_only": 7061.754069117033,
              "mae_suite_index": 2.929410076829953,
              "rmse_suite_index": 2.929410076829953,
              "spearman_suite": NaN,
              "kendall_tau_suite": NaN,
              "fold": 0,
              "n_val": 1,
              "median_bucket_accuracy_suite": NaN,
              "mean_eval_wall_saved_fraction": 0.9042549005083381
            },
            {
              "mae_all_targets": 669.6395287122236,
              "rmse_all_targets": 2211.7970184929286,
              "mae_subtest_index_only": 736.1149733521185,
              "rmse_subtest_index_only": 2319.7517689857914,
              "mae_suite_index": 4.885082313276371,
              "rmse_suite_index": 4.885082313276371,
              "spearman_suite": NaN,
              "kendall_tau_suite": NaN,
              "fold": 1,
              "n_val": 1,
              "median_bucket_accuracy_suite": NaN,
              "mean_eval_wall_saved_fraction": 0.9718822080294672
            },
            {
              "mae_all_targets": 5257.298208549479,
              "rmse_all_targets": 17428.8932714076,
              "mae_subtest_index_only": 5782.926832213858,
              "rmse_subtest_index_only": 18279.57747406433,
              "mae_suite_index": 1.011971905690018,
              "rmse_suite_index": 1.011971905690018,
              "spearman_suite": NaN,
              "kendall_tau_suite": NaN,
              "fold": 2,
              "n_val": 1,
              "median_bucket_accuracy_suite": NaN,
              "mean_eval_wall_saved_fraction": 0.936156507751157
            },
            {
              "mae_all_targets": 3643.1932149941717,
              "rmse_all_targets": 12074.966715678502,
              "mae_subtest_index_only": 4007.4113488615285,
              "rmse_subtest_index_only": 12664.331928721256,
              "mae_suite_index": 1.0118763206053245,
              "rmse_suite_index": 1.0118763206053245,
              "spearman_suite": NaN,
              "kendall_tau_suite": NaN,
              "fold": 3,
              "n_val": 1,
              "median_bucket_accuracy_suite": NaN,
              "mean_eval_wall_saved_fraction": 0.9111362809912429
            },
            {
              "mae_all_targets": 13443.60587043104,
              "rmse_all_targets": 44575.68226882485,
              "mae_subtest_index_only": 14787.862186175462,
              "rmse_subtest_index_only": 46751.36997560204,
              "mae_suite_index": 1.0427129868240854,
              "rmse_suite_index": 1.0427129868240854,
              "spearman_suite": NaN,
              "kendall_tau_suite": NaN,
              "fold": 4,
              "n_val": 1,
              "median_bucket_accuracy_suite": NaN,
              "mean_eval_wall_saved_fraction": 0.9438111693846276
            }
          ],
          "time_savings": {
            "mean_fraction_wall_time_saved_vs_full_suite": 0.9334482133329665,
            "description": "Eval subset; PTS ti.by_test_id.time_s_total (or execution_cost)."
          },
          "n_oof": 5
        }
      ]
    }
  ]
}
Wrote /home/cxc/MoEBench/dataset/paper_supplementary/topk_three_suites_merged.json and /home/cxc/MoEBench/dataset/paper_supplementary/topk_three_suites_summary.json
Recommended K from topk: {'phoronix_cpu': 1, 'phoronix_gpu': 1, 'unixbench': 1}
+ /home/cxc/dev/miniconda3/bin/python3 /home/cxc/MoEBench/scripts/paper_reconstruct_cv_extras.py --dataset-root /home/cxc/MoEBench/dataset --suites unixbench --cv-mode leave_one_session_out --seed 42 --model-type xgboost --log1p-partial-index --train-aug 10 --train-k-max 6 --xi-ablations full --report-json /home/cxc/MoEBench/dataset/paper_supplementary/policy_unixbench_aces-System-Product-Name.json --auto-install --glob-unixbench aces-System-Product-Name_[0-9][0-9][0-9][0-9][0-9][0-9][0-9][0-9]T[0-9][0-9][0-9][0-9][0-9][0-9]Z/run-*.json --router-model-unixbench /home/cxc/MoEBench/dataset/experiments/router_recon_grid_unixbench_aces-System-Product-Name_20260524T140119Z/trained_models/router_lgbm.pkl --eval-partial-k 3 --policies random,fixed_first_k,fixed_cpu_mix,fixed_io_mix,greedy_slowest,greedy_fastest,router
[unixbench] leave_one_session_out needs >= 2 session dirs; got 1. Falling back to random_fold.
Requirement already satisfied: xgboost in /home/cxc/dev/miniconda3/lib/python3.13/site-packages (3.2.0)
Requirement already satisfied: numpy in /home/cxc/dev/miniconda3/lib/python3.13/site-packages (from xgboost) (2.4.4)
Requirement already satisfied: scipy in /home/cxc/dev/miniconda3/lib/python3.13/site-packages (from xgboost) (1.17.1)
Requirement already satisfied: xgboost in /home/cxc/dev/miniconda3/lib/python3.13/site-packages (3.2.0)
Requirement already satisfied: numpy in /home/cxc/dev/miniconda3/lib/python3.13/site-packages (from xgboost) (2.4.4)
Requirement already satisfied: scipy in /home/cxc/dev/miniconda3/lib/python3.13/site-packages (from xgboost) (1.17.1)
Requirement already satisfied: xgboost in /home/cxc/dev/miniconda3/lib/python3.13/site-packages (3.2.0)
Requirement already satisfied: numpy in /home/cxc/dev/miniconda3/lib/python3.13/site-packages (from xgboost) (2.4.4)
Requirement already satisfied: scipy in /home/cxc/dev/miniconda3/lib/python3.13/site-packages (from xgboost) (1.17.1)
Requirement already satisfied: xgboost in /home/cxc/dev/miniconda3/lib/python3.13/site-packages (3.2.0)
Requirement already satisfied: numpy in /home/cxc/dev/miniconda3/lib/python3.13/site-packages (from xgboost) (2.4.4)
Requirement already satisfied: scipy in /home/cxc/dev/miniconda3/lib/python3.13/site-packages (from xgboost) (1.17.1)
Requirement already satisfied: xgboost in /home/cxc/dev/miniconda3/lib/python3.13/site-packages (3.2.0)
Requirement already satisfied: numpy in /home/cxc/dev/miniconda3/lib/python3.13/site-packages (from xgboost) (2.4.4)
Requirement already satisfied: scipy in /home/cxc/dev/miniconda3/lib/python3.13/site-packages (from xgboost) (1.17.1)
Requirement already satisfied: xgboost in /home/cxc/dev/miniconda3/lib/python3.13/site-packages (3.2.0)
Requirement already satisfied: numpy in /home/cxc/dev/miniconda3/lib/python3.13/site-packages (from xgboost) (2.4.4)
Requirement already satisfied: scipy in /home/cxc/dev/miniconda3/lib/python3.13/site-packages (from xgboost) (1.17.1)
Requirement already satisfied: xgboost in /home/cxc/dev/miniconda3/lib/python3.13/site-packages (3.2.0)
Requirement already satisfied: numpy in /home/cxc/dev/miniconda3/lib/python3.13/site-packages (from xgboost) (2.4.4)
Requirement already satisfied: scipy in /home/cxc/dev/miniconda3/lib/python3.13/site-packages (from xgboost) (1.17.1)
Requirement already satisfied: xgboost in /home/cxc/dev/miniconda3/lib/python3.13/site-packages (3.2.0)
Requirement already satisfied: numpy in /home/cxc/dev/miniconda3/lib/python3.13/site-packages (from xgboost) (2.4.4)
Requirement already satisfied: scipy in /home/cxc/dev/miniconda3/lib/python3.13/site-packages (from xgboost) (1.17.1)
Requirement already satisfied: xgboost in /home/cxc/dev/miniconda3/lib/python3.13/site-packages (3.2.0)
Requirement already satisfied: numpy in /home/cxc/dev/miniconda3/lib/python3.13/site-packages (from xgboost) (2.4.4)
Requirement already satisfied: scipy in /home/cxc/dev/miniconda3/lib/python3.13/site-packages (from xgboost) (1.17.1)
Requirement already satisfied: xgboost in /home/cxc/dev/miniconda3/lib/python3.13/site-packages (3.2.0)
Requirement already satisfied: numpy in /home/cxc/dev/miniconda3/lib/python3.13/site-packages (from xgboost) (2.4.4)
Requirement already satisfied: scipy in /home/cxc/dev/miniconda3/lib/python3.13/site-packages (from xgboost) (1.17.1)
Requirement already satisfied: xgboost in /home/cxc/dev/miniconda3/lib/python3.13/site-packages (3.2.0)
Requirement already satisfied: numpy in /home/cxc/dev/miniconda3/lib/python3.13/site-packages (from xgboost) (2.4.4)
Requirement already satisfied: scipy in /home/cxc/dev/miniconda3/lib/python3.13/site-packages (from xgboost) (1.17.1)
Requirement already satisfied: xgboost in /home/cxc/dev/miniconda3/lib/python3.13/site-packages (3.2.0)
Requirement already satisfied: numpy in /home/cxc/dev/miniconda3/lib/python3.13/site-packages (from xgboost) (2.4.4)
Requirement already satisfied: scipy in /home/cxc/dev/miniconda3/lib/python3.13/site-packages (from xgboost) (1.17.1)
Requirement already satisfied: xgboost in /home/cxc/dev/miniconda3/lib/python3.13/site-packages (3.2.0)
Requirement already satisfied: numpy in /home/cxc/dev/miniconda3/lib/python3.13/site-packages (from xgboost) (2.4.4)
Requirement already satisfied: scipy in /home/cxc/dev/miniconda3/lib/python3.13/site-packages (from xgboost) (1.17.1)
Requirement already satisfied: xgboost in /home/cxc/dev/miniconda3/lib/python3.13/site-packages (3.2.0)
Requirement already satisfied: numpy in /home/cxc/dev/miniconda3/lib/python3.13/site-packages (from xgboost) (2.4.4)
Requirement already satisfied: scipy in /home/cxc/dev/miniconda3/lib/python3.13/site-packages (from xgboost) (1.17.1)
Requirement already satisfied: xgboost in /home/cxc/dev/miniconda3/lib/python3.13/site-packages (3.2.0)
Requirement already satisfied: numpy in /home/cxc/dev/miniconda3/lib/python3.13/site-packages (from xgboost) (2.4.4)
Requirement already satisfied: scipy in /home/cxc/dev/miniconda3/lib/python3.13/site-packages (from xgboost) (1.17.1)
Requirement already satisfied: xgboost in /home/cxc/dev/miniconda3/lib/python3.13/site-packages (3.2.0)
Requirement already satisfied: numpy in /home/cxc/dev/miniconda3/lib/python3.13/site-packages (from xgboost) (2.4.4)
Requirement already satisfied: scipy in /home/cxc/dev/miniconda3/lib/python3.13/site-packages (from xgboost) (1.17.1)
Requirement already satisfied: xgboost in /home/cxc/dev/miniconda3/lib/python3.13/site-packages (3.2.0)
Requirement already satisfied: numpy in /home/cxc/dev/miniconda3/lib/python3.13/site-packages (from xgboost) (2.4.4)
Requirement already satisfied: scipy in /home/cxc/dev/miniconda3/lib/python3.13/site-packages (from xgboost) (1.17.1)
Requirement already satisfied: xgboost in /home/cxc/dev/miniconda3/lib/python3.13/site-packages (3.2.0)
Requirement already satisfied: numpy in /home/cxc/dev/miniconda3/lib/python3.13/site-packages (from xgboost) (2.4.4)
Requirement already satisfied: scipy in /home/cxc/dev/miniconda3/lib/python3.13/site-packages (from xgboost) (1.17.1)
Requirement already satisfied: xgboost in /home/cxc/dev/miniconda3/lib/python3.13/site-packages (3.2.0)
Requirement already satisfied: numpy in /home/cxc/dev/miniconda3/lib/python3.13/site-packages (from xgboost) (2.4.4)
Requirement already satisfied: scipy in /home/cxc/dev/miniconda3/lib/python3.13/site-packages (from xgboost) (1.17.1)
Requirement already satisfied: xgboost in /home/cxc/dev/miniconda3/lib/python3.13/site-packages (3.2.0)
Requirement already satisfied: numpy in /home/cxc/dev/miniconda3/lib/python3.13/site-packages (from xgboost) (2.4.4)
Requirement already satisfied: scipy in /home/cxc/dev/miniconda3/lib/python3.13/site-packages (from xgboost) (1.17.1)
Requirement already satisfied: xgboost in /home/cxc/dev/miniconda3/lib/python3.13/site-packages (3.2.0)
Requirement already satisfied: numpy in /home/cxc/dev/miniconda3/lib/python3.13/site-packages (from xgboost) (2.4.4)
Requirement already satisfied: scipy in /home/cxc/dev/miniconda3/lib/python3.13/site-packages (from xgboost) (1.17.1)
Requirement already satisfied: xgboost in /home/cxc/dev/miniconda3/lib/python3.13/site-packages (3.2.0)
Requirement already satisfied: numpy in /home/cxc/dev/miniconda3/lib/python3.13/site-packages (from xgboost) (2.4.4)
Requirement already satisfied: scipy in /home/cxc/dev/miniconda3/lib/python3.13/site-packages (from xgboost) (1.17.1)
Requirement already satisfied: xgboost in /home/cxc/dev/miniconda3/lib/python3.13/site-packages (3.2.0)
Requirement already satisfied: numpy in /home/cxc/dev/miniconda3/lib/python3.13/site-packages (from xgboost) (2.4.4)
Requirement already satisfied: scipy in /home/cxc/dev/miniconda3/lib/python3.13/site-packages (from xgboost) (1.17.1)
Requirement already satisfied: xgboost in /home/cxc/dev/miniconda3/lib/python3.13/site-packages (3.2.0)
Requirement already satisfied: numpy in /home/cxc/dev/miniconda3/lib/python3.13/site-packages (from xgboost) (2.4.4)
Requirement already satisfied: scipy in /home/cxc/dev/miniconda3/lib/python3.13/site-packages (from xgboost) (1.17.1)
Requirement already satisfied: xgboost in /home/cxc/dev/miniconda3/lib/python3.13/site-packages (3.2.0)
Requirement already satisfied: numpy in /home/cxc/dev/miniconda3/lib/python3.13/site-packages (from xgboost) (2.4.4)
Requirement already satisfied: scipy in /home/cxc/dev/miniconda3/lib/python3.13/site-packages (from xgboost) (1.17.1)
Requirement already satisfied: xgboost in /home/cxc/dev/miniconda3/lib/python3.13/site-packages (3.2.0)
Requirement already satisfied: numpy in /home/cxc/dev/miniconda3/lib/python3.13/site-packages (from xgboost) (2.4.4)
Requirement already satisfied: scipy in /home/cxc/dev/miniconda3/lib/python3.13/site-packages (from xgboost) (1.17.1)
Requirement already satisfied: xgboost in /home/cxc/dev/miniconda3/lib/python3.13/site-packages (3.2.0)
Requirement already satisfied: numpy in /home/cxc/dev/miniconda3/lib/python3.13/site-packages (from xgboost) (2.4.4)
Requirement already satisfied: scipy in /home/cxc/dev/miniconda3/lib/python3.13/site-packages (from xgboost) (1.17.1)
Requirement already satisfied: xgboost in /home/cxc/dev/miniconda3/lib/python3.13/site-packages (3.2.0)
Requirement already satisfied: numpy in /home/cxc/dev/miniconda3/lib/python3.13/site-packages (from xgboost) (2.4.4)
Requirement already satisfied: scipy in /home/cxc/dev/miniconda3/lib/python3.13/site-packages (from xgboost) (1.17.1)
Requirement already satisfied: xgboost in /home/cxc/dev/miniconda3/lib/python3.13/site-packages (3.2.0)
Requirement already satisfied: numpy in /home/cxc/dev/miniconda3/lib/python3.13/site-packages (from xgboost) (2.4.4)
Requirement already satisfied: scipy in /home/cxc/dev/miniconda3/lib/python3.13/site-packages (from xgboost) (1.17.1)
Requirement already satisfied: xgboost in /home/cxc/dev/miniconda3/lib/python3.13/site-packages (3.2.0)
Requirement already satisfied: numpy in /home/cxc/dev/miniconda3/lib/python3.13/site-packages (from xgboost) (2.4.4)
Requirement already satisfied: scipy in /home/cxc/dev/miniconda3/lib/python3.13/site-packages (from xgboost) (1.17.1)
/home/cxc/dev/miniconda3/lib/python3.13/site-packages/sklearn/utils/validation.py:2691: UserWarning: X does not have valid feature names, but LGBMRanker was fitted with feature names
  warnings.warn(
Requirement already satisfied: xgboost in /home/cxc/dev/miniconda3/lib/python3.13/site-packages (3.2.0)
Requirement already satisfied: numpy in /home/cxc/dev/miniconda3/lib/python3.13/site-packages (from xgboost) (2.4.4)
Requirement already satisfied: scipy in /home/cxc/dev/miniconda3/lib/python3.13/site-packages (from xgboost) (1.17.1)
/home/cxc/dev/miniconda3/lib/python3.13/site-packages/sklearn/utils/validation.py:2691: UserWarning: X does not have valid feature names, but LGBMRanker was fitted with feature names
  warnings.warn(
Requirement already satisfied: xgboost in /home/cxc/dev/miniconda3/lib/python3.13/site-packages (3.2.0)
Requirement already satisfied: numpy in /home/cxc/dev/miniconda3/lib/python3.13/site-packages (from xgboost) (2.4.4)
Requirement already satisfied: scipy in /home/cxc/dev/miniconda3/lib/python3.13/site-packages (from xgboost) (1.17.1)
/home/cxc/dev/miniconda3/lib/python3.13/site-packages/sklearn/utils/validation.py:2691: UserWarning: X does not have valid feature names, but LGBMRanker was fitted with feature names
  warnings.warn(
Requirement already satisfied: xgboost in /home/cxc/dev/miniconda3/lib/python3.13/site-packages (3.2.0)
Requirement already satisfied: numpy in /home/cxc/dev/miniconda3/lib/python3.13/site-packages (from xgboost) (2.4.4)
Requirement already satisfied: scipy in /home/cxc/dev/miniconda3/lib/python3.13/site-packages (from xgboost) (1.17.1)
/home/cxc/dev/miniconda3/lib/python3.13/site-packages/sklearn/utils/validation.py:2691: UserWarning: X does not have valid feature names, but LGBMRanker was fitted with feature names
  warnings.warn(
Requirement already satisfied: xgboost in /home/cxc/dev/miniconda3/lib/python3.13/site-packages (3.2.0)
Requirement already satisfied: numpy in /home/cxc/dev/miniconda3/lib/python3.13/site-packages (from xgboost) (2.4.4)
Requirement already satisfied: scipy in /home/cxc/dev/miniconda3/lib/python3.13/site-packages (from xgboost) (1.17.1)
/home/cxc/dev/miniconda3/lib/python3.13/site-packages/sklearn/utils/validation.py:2691: UserWarning: X does not have valid feature names, but LGBMRanker was fitted with feature names
  warnings.warn(
Requirement already satisfied: xgboost in /home/cxc/dev/miniconda3/lib/python3.13/site-packages (3.2.0)
Requirement already satisfied: numpy in /home/cxc/dev/miniconda3/lib/python3.13/site-packages (from xgboost) (2.4.4)
Requirement already satisfied: scipy in /home/cxc/dev/miniconda3/lib/python3.13/site-packages (from xgboost) (1.17.1)
{
  "schema": "moebench.paper_reconstruct_cv_extras.v2",
  "dataset_root": "/home/cxc/MoEBench/dataset",
  "suites_requested": [
    "unixbench"
  ],
  "eval_partial_k_list": [
    3
  ],
  "train_k_range_requested": [
    2,
    6
  ],
  "pts_suite_target": "logmean",
  "model_type": "xgboost",
  "policies": [
    "random",
    "fixed_first_k",
    "fixed_cpu_mix",
    "fixed_io_mix",
    "greedy_slowest",
    "greedy_fastest",
    "router"
  ],
  "xi_ablations": [
    "full"
  ],
  "suite_results": [
    {
      "suite_key": "unixbench",
      "pts_suite_filter": null,
      "glob_pattern": "aces-System-Product-Name_[0-9][0-9][0-9][0-9][0-9][0-9][0-9][0-9]T[0-9][0-9][0-9][0-9][0-9][0-9]Z/run-*.json",
      "cv_mode_effective": "random_fold",
      "folds_effective": 5,
      "sessions": [
        "aces-System-Product-Name_20260524T102558Z"
      ],
      "n_samples": 5,
      "num_profiles_or_subtests": 12,
      "profile_ids_head": [
        "dhry2reg",
        "whetstone-double",
        "execl",
        "fstime",
        "fsbuffer",
        "fsdisk",
        "pipe",
        "context1"
      ],
      "combinations": [
        {
          "suite_key": "unixbench",
          "xi_ablation": "full",
          "benchmark": "unixbench",
          "eval_partial_k": 3,
          "policy": "random",
          "oof_metrics": {
            "mae_all_targets": 28.800514197716268,
            "rmse_all_targets": 56.2670070655822,
            "mae_subtest_index_only": 30.75768188476554,
            "rmse_subtest_index_only": 58.53616195832185,
            "mae_suite_index": 5.314501953125,
            "rmse_suite_index": 6.316803923422375,
            "spearman_suite": 0.3,
            "kendall_tau_suite": 0.2,
            "median_bucket_accuracy_suite": 0.6
          },
          "per_fold_metrics": [
            {
              "mae_all_targets": 35.83835637019217,
              "rmse_all_targets": 68.52276614238451,
              "mae_subtest_index_only": 38.204337565104034,
              "rmse_subtest_index_only": 71.28835321746861,
              "mae_suite_index": 7.446582031249818,
              "rmse_suite_index": 7.446582031249818,
              "spearman_suite": NaN,
              "kendall_tau_suite": NaN,
              "fold": 0,
              "n_val": 1,
              "median_bucket_accuracy_suite": NaN,
              "mean_eval_wall_saved_fraction": 0.7499218505783057
            },
            {
              "mae_all_targets": 30.183986253004807,
              "rmse_all_targets": 55.5386233212762,
              "mae_subtest_index_only": 32.35512084960937,
              "rmse_subtest_index_only": 57.794133843122985,
              "mae_suite_index": 4.13037109375,
              "rmse_suite_index": 4.13037109375,
              "spearman_suite": NaN,
              "kendall_tau_suite": NaN,
              "fold": 1,
              "n_val": 1,
              "median_bucket_accuracy_suite": NaN,
              "mean_eval_wall_saved_fraction": 0.8440137542982182
            },
            {
              "mae_all_targets": 29.15444148137019,
              "rmse_all_targets": 57.51471869144913,
              "mae_subtest_index_only": 30.734234619140626,
              "rmse_subtest_index_only": 59.790801971316554,
              "mae_suite_index": 10.196923828124909,
              "rmse_suite_index": 10.196923828124909,
              "spearman_suite": NaN,
              "kendall_tau_suite": NaN,
              "fold": 2,
              "n_val": 1,
              "median_bucket_accuracy_suite": NaN,
              "mean_eval_wall_saved_fraction": 0.53125
            },
            {
              "mae_all_targets": 25.06880634014415,
              "rmse_all_targets": 51.682672954401724,
              "mae_subtest_index_only": 27.157824707031153,
              "rmse_subtest_index_only": 53.79303152508703,
              "mae_suite_index": 0.0005859375000909495,
              "rmse_suite_index": 0.0005859375000909495,
              "spearman_suite": NaN,
              "kendall_tau_suite": NaN,
              "fold": 3,
              "n_val": 1,
              "median_bucket_accuracy_suite": NaN,
              "mean_eval_wall_saved_fraction": 0.84375
            },
            {
              "mae_all_targets": 23.75698054387002,
              "rmse_all_targets": 45.507479720334835,
              "mae_subtest_index_only": 25.336891682942507,
              "rmse_subtest_index_only": 47.345430950481926,
              "mae_suite_index": 4.798046875000182,
              "rmse_suite_index": 4.798046875000182,
              "spearman_suite": NaN,
              "kendall_tau_suite": NaN,
              "fold": 4,
              "n_val": 1,
              "median_bucket_accuracy_suite": NaN,
              "mean_eval_wall_saved_fraction": 0.5936230071897468
            }
          ],
          "time_savings": {
            "mean_fraction_wall_time_saved_vs_full_suite": 0.7125117224132541,
            "description": "Eval subset; UnixBench ti.by_test_id parallel key 1 (single-copy)."
          },
          "n_oof": 5
        },
        {
          "suite_key": "unixbench",
          "xi_ablation": "full",
          "benchmark": "unixbench",
          "eval_partial_k": 3,
          "policy": "fixed_first_k",
          "oof_metrics": {
            "mae_all_targets": 28.80700458233165,
            "rmse_all_targets": 56.26794057967657,
            "mae_subtest_index_only": 30.76471313476554,
            "rmse_subtest_index_only": 58.5371340619263,
            "mae_suite_index": 5.314501953125,
            "rmse_suite_index": 6.316803923422375,
            "spearman_suite": 0.3,
            "kendall_tau_suite": 0.2,
            "median_bucket_accuracy_suite": 0.6
          },
          "per_fold_metrics": [
            {
              "mae_all_targets": 35.83835637019217,
              "rmse_all_targets": 68.52276614238451,
              "mae_subtest_index_only": 38.204337565104034,
              "rmse_subtest_index_only": 71.28835321746861,
              "mae_suite_index": 7.446582031249818,
              "rmse_suite_index": 7.446582031249818,
              "spearman_suite": NaN,
              "kendall_tau_suite": NaN,
              "fold": 0,
              "n_val": 1,
              "median_bucket_accuracy_suite": NaN,
              "mean_eval_wall_saved_fraction": 0.8440137542982182
            },
            {
              "mae_all_targets": 30.183986253004807,
              "rmse_all_targets": 55.5386233212762,
              "mae_subtest_index_only": 32.35512084960937,
              "rmse_subtest_index_only": 57.794133843122985,
              "mae_suite_index": 4.13037109375,
              "rmse_suite_index": 4.13037109375,
              "spearman_suite": NaN,
              "kendall_tau_suite": NaN,
              "fold": 1,
              "n_val": 1,
              "median_bucket_accuracy_suite": NaN,
              "mean_eval_wall_saved_fraction": 0.8440137542982182
            },
            {
              "mae_all_targets": 29.186893404447112,
              "rmse_all_targets": 57.51928486129853,
              "mae_subtest_index_only": 30.769390869140626,
              "rmse_subtest_index_only": 59.795560347223315,
              "mae_suite_index": 10.196923828124909,
              "rmse_suite_index": 10.196923828124909,
              "spearman_suite": NaN,
              "kendall_tau_suite": NaN,
              "fold": 2,
              "n_val": 1,
              "median_bucket_accuracy_suite": NaN,
              "mean_eval_wall_saved_fraction": 0.84375
            },
            {
              "mae_all_targets": 25.06880634014415,
              "rmse_all_targets": 51.682672954401724,
              "mae_subtest_index_only": 27.157824707031153,
              "rmse_subtest_index_only": 53.79303152508703,
              "mae_suite_index": 0.0005859375000909495,
              "rmse_suite_index": 0.0005859375000909495,
              "spearman_suite": NaN,
              "kendall_tau_suite": NaN,
              "fold": 3,
              "n_val": 1,
              "median_bucket_accuracy_suite": NaN,
              "mean_eval_wall_saved_fraction": 0.84375
            },
            {
              "mae_all_targets": 23.75698054387002,
              "rmse_all_targets": 45.507479720334835,
              "mae_subtest_index_only": 25.336891682942507,
              "rmse_subtest_index_only": 47.345430950481926,
              "mae_suite_index": 4.798046875000182,
              "rmse_suite_index": 4.798046875000182,
              "spearman_suite": NaN,
              "kendall_tau_suite": NaN,
              "fold": 4,
              "n_val": 1,
              "median_bucket_accuracy_suite": NaN,
              "mean_eval_wall_saved_fraction": 0.8440137542982182
            }
          ],
          "time_savings": {
            "mean_fraction_wall_time_saved_vs_full_suite": 0.843908252578931,
            "description": "Eval subset; UnixBench ti.by_test_id parallel key 1 (single-copy)."
          },
          "n_oof": 5
        },
        {
          "suite_key": "unixbench",
          "xi_ablation": "full",
          "benchmark": "unixbench",
          "eval_partial_k": 3,
          "policy": "fixed_cpu_mix",
          "oof_metrics": {
            "mae_all_targets": 28.80700458233165,
            "rmse_all_targets": 56.26794057967657,
            "mae_subtest_index_only": 30.76471313476554,
            "rmse_subtest_index_only": 58.5371340619263,
            "mae_suite_index": 5.314501953125,
            "rmse_suite_index": 6.316803923422375,
            "spearman_suite": 0.3,
            "kendall_tau_suite": 0.2,
            "median_bucket_accuracy_suite": 0.6
          },
          "per_fold_metrics": [
            {
              "mae_all_targets": 35.83835637019217,
              "rmse_all_targets": 68.52276614238451,
              "mae_subtest_index_only": 38.204337565104034,
              "rmse_subtest_index_only": 71.28835321746861,
              "mae_suite_index": 7.446582031249818,
              "rmse_suite_index": 7.446582031249818,
              "spearman_suite": NaN,
              "kendall_tau_suite": NaN,
              "fold": 0,
              "n_val": 1,
              "median_bucket_accuracy_suite": NaN,
              "mean_eval_wall_saved_fraction": 0.9062206939668647
            },
            {
              "mae_all_targets": 30.183986253004807,
              "rmse_all_targets": 55.5386233212762,
              "mae_subtest_index_only": 32.35512084960937,
              "rmse_subtest_index_only": 57.794133843122985,
              "mae_suite_index": 4.13037109375,
              "rmse_suite_index": 4.13037109375,
              "spearman_suite": NaN,
              "kendall_tau_suite": NaN,
              "fold": 1,
              "n_val": 1,
              "median_bucket_accuracy_suite": NaN,
              "mean_eval_wall_saved_fraction": 0.9062206939668647
            },
            {
              "mae_all_targets": 29.186893404447112,
              "rmse_all_targets": 57.51928486129853,
              "mae_subtest_index_only": 30.769390869140626,
              "rmse_subtest_index_only": 59.795560347223315,
              "mae_suite_index": 10.196923828124909,
              "rmse_suite_index": 10.196923828124909,
              "spearman_suite": NaN,
              "kendall_tau_suite": NaN,
              "fold": 2,
              "n_val": 1,
              "median_bucket_accuracy_suite": NaN,
              "mean_eval_wall_saved_fraction": 0.90625
            },
            {
              "mae_all_targets": 25.06880634014415,
              "rmse_all_targets": 51.682672954401724,
              "mae_subtest_index_only": 27.157824707031153,
              "rmse_subtest_index_only": 53.79303152508703,
              "mae_suite_index": 0.0005859375000909495,
              "rmse_suite_index": 0.0005859375000909495,
              "spearman_suite": NaN,
              "kendall_tau_suite": NaN,
              "fold": 3,
              "n_val": 1,
              "median_bucket_accuracy_suite": NaN,
              "mean_eval_wall_saved_fraction": 0.90625
            },
            {
              "mae_all_targets": 23.75698054387002,
              "rmse_all_targets": 45.507479720334835,
              "mae_subtest_index_only": 25.336891682942507,
              "rmse_subtest_index_only": 47.345430950481926,
              "mae_suite_index": 4.798046875000182,
              "rmse_suite_index": 4.798046875000182,
              "spearman_suite": NaN,
              "kendall_tau_suite": NaN,
              "fold": 4,
              "n_val": 1,
              "median_bucket_accuracy_suite": NaN,
              "mean_eval_wall_saved_fraction": 0.9062206939668647
            }
          ],
          "time_savings": {
            "mean_fraction_wall_time_saved_vs_full_suite": 0.9062324163801188,
            "description": "Eval subset; UnixBench ti.by_test_id parallel key 1 (single-copy)."
          },
          "n_oof": 5
        },
        {
          "suite_key": "unixbench",
          "xi_ablation": "full",
          "benchmark": "unixbench",
          "eval_partial_k": 3,
          "policy": "fixed_io_mix",
          "oof_metrics": {
            "mae_all_targets": 28.815418043870114,
            "rmse_all_targets": 56.269223092037606,
            "mae_subtest_index_only": 30.77382771809887,
            "rmse_subtest_index_only": 58.53846959062655,
            "mae_suite_index": 5.314501953125,
            "rmse_suite_index": 6.316803923422375,
            "spearman_suite": 0.3,
            "kendall_tau_suite": 0.2,
            "median_bucket_accuracy_suite": 0.6
          },
          "per_fold_metrics": [
            {
              "mae_all_targets": 35.83835637019217,
              "rmse_all_targets": 68.52276614238451,
              "mae_subtest_index_only": 38.204337565104034,
              "rmse_subtest_index_only": 71.28835321746861,
              "mae_suite_index": 7.446582031249818,
              "rmse_suite_index": 7.446582031249818,
              "spearman_suite": NaN,
              "kendall_tau_suite": NaN,
              "fold": 0,
              "n_val": 1,
              "median_bucket_accuracy_suite": NaN,
              "mean_eval_wall_saved_fraction": 0.7186620819005939
            },
            {
              "mae_all_targets": 30.183986253004807,
              "rmse_all_targets": 55.5386233212762,
              "mae_subtest_index_only": 32.35512084960937,
              "rmse_subtest_index_only": 57.794133843122985,
              "mae_suite_index": 4.13037109375,
              "rmse_suite_index": 4.13037109375,
              "spearman_suite": NaN,
              "kendall_tau_suite": NaN,
              "fold": 1,
              "n_val": 1,
              "median_bucket_accuracy_suite": NaN,
              "mean_eval_wall_saved_fraction": 0.7186620819005939
            },
            {
              "mae_all_targets": 29.22896071213942,
              "rmse_all_targets": 57.52555764590757,
              "mae_subtest_index_only": 30.814963785807294,
              "rmse_subtest_index_only": 59.80209717378067,
              "mae_suite_index": 10.196923828124909,
              "rmse_suite_index": 10.196923828124909,
              "spearman_suite": NaN,
              "kendall_tau_suite": NaN,
              "fold": 2,
              "n_val": 1,
              "median_bucket_accuracy_suite": NaN,
              "mean_eval_wall_saved_fraction": 0.71875
            },
            {
              "mae_all_targets": 25.06880634014415,
              "rmse_all_targets": 51.682672954401724,
              "mae_subtest_index_only": 27.157824707031153,
              "rmse_subtest_index_only": 53.79303152508703,
              "mae_suite_index": 0.0005859375000909495,
              "rmse_suite_index": 0.0005859375000909495,
              "spearman_suite": NaN,
              "kendall_tau_suite": NaN,
              "fold": 3,
              "n_val": 1,
              "median_bucket_accuracy_suite": NaN,
              "mean_eval_wall_saved_fraction": 0.71875
            },
            {
              "mae_all_targets": 23.75698054387002,
              "rmse_all_targets": 45.507479720334835,
              "mae_subtest_index_only": 25.336891682942507,
              "rmse_subtest_index_only": 47.345430950481926,
              "mae_suite_index": 4.798046875000182,
              "rmse_suite_index": 4.798046875000182,
              "spearman_suite": NaN,
              "kendall_tau_suite": NaN,
              "fold": 4,
              "n_val": 1,
              "median_bucket_accuracy_suite": NaN,
              "mean_eval_wall_saved_fraction": 0.7186620819005939
            }
          ],
          "time_savings": {
            "mean_fraction_wall_time_saved_vs_full_suite": 0.7186972491403564,
            "description": "Eval subset; UnixBench ti.by_test_id parallel key 1 (single-copy)."
          },
          "n_oof": 5
        },
        {
          "suite_key": "unixbench",
          "xi_ablation": "full",
          "benchmark": "unixbench",
          "eval_partial_k": 3,
          "policy": "greedy_slowest",
          "oof_metrics": {
            "mae_all_targets": 28.800574293870113,
            "rmse_all_targets": 56.26701548609587,
            "mae_subtest_index_only": 30.757746988932205,
            "rmse_subtest_index_only": 58.536170726921924,
            "mae_suite_index": 5.314501953125,
            "rmse_suite_index": 6.316803923422375,
            "spearman_suite": 0.3,
            "kendall_tau_suite": 0.2,
            "median_bucket_accuracy_suite": 0.6
          },
          "per_fold_metrics": [
            {
              "mae_all_targets": 35.83835637019217,
              "rmse_all_targets": 68.52276614238451,
              "mae_subtest_index_only": 38.204337565104034,
              "rmse_subtest_index_only": 71.28835321746861,
              "mae_suite_index": 7.446582031249818,
              "rmse_suite_index": 7.446582031249818,
              "spearman_suite": NaN,
              "kendall_tau_suite": NaN,
              "fold": 0,
              "n_val": 1,
              "median_bucket_accuracy_suite": NaN,
              "mean_eval_wall_saved_fraction": 0.5311034698343232
            },
            {
              "mae_all_targets": 30.183986253004807,
              "rmse_all_targets": 55.5386233212762,
              "mae_subtest_index_only": 32.35512084960937,
              "rmse_subtest_index_only": 57.794133843122985,
              "mae_suite_index": 4.13037109375,
              "rmse_suite_index": 4.13037109375,
              "spearman_suite": NaN,
              "kendall_tau_suite": NaN,
              "fold": 1,
              "n_val": 1,
              "median_bucket_accuracy_suite": NaN,
              "mean_eval_wall_saved_fraction": 0.5311034698343232
            },
            {
              "mae_all_targets": 29.15474196213942,
              "rmse_all_targets": 57.51475988064201,
              "mae_subtest_index_only": 30.73456013997396,
              "rmse_subtest_index_only": 59.79084489431069,
              "mae_suite_index": 10.196923828124909,
              "rmse_suite_index": 10.196923828124909,
              "spearman_suite": NaN,
              "kendall_tau_suite": NaN,
              "fold": 2,
              "n_val": 1,
              "median_bucket_accuracy_suite": NaN,
              "mean_eval_wall_saved_fraction": 0.53125
            },
            {
              "mae_all_targets": 25.06880634014415,
              "rmse_all_targets": 51.682672954401724,
              "mae_subtest_index_only": 27.157824707031153,
              "rmse_subtest_index_only": 53.79303152508703,
              "mae_suite_index": 0.0005859375000909495,
              "rmse_suite_index": 0.0005859375000909495,
              "spearman_suite": NaN,
              "kendall_tau_suite": NaN,
              "fold": 3,
              "n_val": 1,
              "median_bucket_accuracy_suite": NaN,
              "mean_eval_wall_saved_fraction": 0.53125
            },
            {
              "mae_all_targets": 23.75698054387002,
              "rmse_all_targets": 45.507479720334835,
              "mae_subtest_index_only": 25.336891682942507,
              "rmse_subtest_index_only": 47.345430950481926,
              "mae_suite_index": 4.798046875000182,
              "rmse_suite_index": 4.798046875000182,
              "spearman_suite": NaN,
              "kendall_tau_suite": NaN,
              "fold": 4,
              "n_val": 1,
              "median_bucket_accuracy_suite": NaN,
              "mean_eval_wall_saved_fraction": 0.5311034698343232
            }
          ],
          "time_savings": {
            "mean_fraction_wall_time_saved_vs_full_suite": 0.531162081900594,
            "description": "Eval subset; UnixBench ti.by_test_id parallel key 1 (single-copy)."
          },
          "n_oof": 5
        },
        {
          "suite_key": "unixbench",
          "xi_ablation": "full",
          "benchmark": "unixbench",
          "eval_partial_k": 3,
          "policy": "greedy_fastest",
          "oof_metrics": {
            "mae_all_targets": 28.80700458233165,
            "rmse_all_targets": 56.26794057967657,
            "mae_subtest_index_only": 30.76471313476554,
            "rmse_subtest_index_only": 58.5371340619263,
            "mae_suite_index": 5.314501953125,
            "rmse_suite_index": 6.316803923422375,
            "spearman_suite": 0.3,
            "kendall_tau_suite": 0.2,
            "median_bucket_accuracy_suite": 0.6
          },
          "per_fold_metrics": [
            {
              "mae_all_targets": 35.83835637019217,
              "rmse_all_targets": 68.52276614238451,
              "mae_subtest_index_only": 38.204337565104034,
              "rmse_subtest_index_only": 71.28835321746861,
              "mae_suite_index": 7.446582031249818,
              "rmse_suite_index": 7.446582031249818,
              "spearman_suite": NaN,
              "kendall_tau_suite": NaN,
              "fold": 0,
              "n_val": 1,
              "median_bucket_accuracy_suite": NaN,
              "mean_eval_wall_saved_fraction": 0.9062206939668647
            },
            {
              "mae_all_targets": 30.183986253004807,
              "rmse_all_targets": 55.5386233212762,
              "mae_subtest_index_only": 32.35512084960937,
              "rmse_subtest_index_only": 57.794133843122985,
              "mae_suite_index": 4.13037109375,
              "rmse_suite_index": 4.13037109375,
              "spearman_suite": NaN,
              "kendall_tau_suite": NaN,
              "fold": 1,
              "n_val": 1,
              "median_bucket_accuracy_suite": NaN,
              "mean_eval_wall_saved_fraction": 0.9062206939668647
            },
            {
              "mae_all_targets": 29.186893404447112,
              "rmse_all_targets": 57.51928486129853,
              "mae_subtest_index_only": 30.769390869140626,
              "rmse_subtest_index_only": 59.795560347223315,
              "mae_suite_index": 10.196923828124909,
              "rmse_suite_index": 10.196923828124909,
              "spearman_suite": NaN,
              "kendall_tau_suite": NaN,
              "fold": 2,
              "n_val": 1,
              "median_bucket_accuracy_suite": NaN,
              "mean_eval_wall_saved_fraction": 0.90625
            },
            {
              "mae_all_targets": 25.06880634014415,
              "rmse_all_targets": 51.682672954401724,
              "mae_subtest_index_only": 27.157824707031153,
              "rmse_subtest_index_only": 53.79303152508703,
              "mae_suite_index": 0.0005859375000909495,
              "rmse_suite_index": 0.0005859375000909495,
              "spearman_suite": NaN,
              "kendall_tau_suite": NaN,
              "fold": 3,
              "n_val": 1,
              "median_bucket_accuracy_suite": NaN,
              "mean_eval_wall_saved_fraction": 0.90625
            },
            {
              "mae_all_targets": 23.75698054387002,
              "rmse_all_targets": 45.507479720334835,
              "mae_subtest_index_only": 25.336891682942507,
              "rmse_subtest_index_only": 47.345430950481926,
              "mae_suite_index": 4.798046875000182,
              "rmse_suite_index": 4.798046875000182,
              "spearman_suite": NaN,
              "kendall_tau_suite": NaN,
              "fold": 4,
              "n_val": 1,
              "median_bucket_accuracy_suite": NaN,
              "mean_eval_wall_saved_fraction": 0.9062206939668647
            }
          ],
          "time_savings": {
            "mean_fraction_wall_time_saved_vs_full_suite": 0.9062324163801188,
            "description": "Eval subset; UnixBench ti.by_test_id parallel key 1 (single-copy)."
          },
          "n_oof": 5
        },
        {
          "suite_key": "unixbench",
          "xi_ablation": "full",
          "benchmark": "unixbench",
          "eval_partial_k": 3,
          "policy": "router",
          "oof_metrics": {
            "mae_all_targets": 28.80700458233165,
            "rmse_all_targets": 56.26794057967657,
            "mae_subtest_index_only": 30.76471313476554,
            "rmse_subtest_index_only": 58.5371340619263,
            "mae_suite_index": 5.314501953125,
            "rmse_suite_index": 6.316803923422375,
            "spearman_suite": 0.3,
            "kendall_tau_suite": 0.2,
            "median_bucket_accuracy_suite": 0.6
          },
          "per_fold_metrics": [
            {
              "mae_all_targets": 35.83835637019217,
              "rmse_all_targets": 68.52276614238451,
              "mae_subtest_index_only": 38.204337565104034,
              "rmse_subtest_index_only": 71.28835321746861,
              "mae_suite_index": 7.446582031249818,
              "rmse_suite_index": 7.446582031249818,
              "spearman_suite": NaN,
              "kendall_tau_suite": NaN,
              "fold": 0,
              "n_val": 1,
              "median_bucket_accuracy_suite": NaN,
              "mean_eval_wall_saved_fraction": 0.8440137542982182
            },
            {
              "mae_all_targets": 30.183986253004807,
              "rmse_all_targets": 55.5386233212762,
              "mae_subtest_index_only": 32.35512084960937,
              "rmse_subtest_index_only": 57.794133843122985,
              "mae_suite_index": 4.13037109375,
              "rmse_suite_index": 4.13037109375,
              "spearman_suite": NaN,
              "kendall_tau_suite": NaN,
              "fold": 1,
              "n_val": 1,
              "median_bucket_accuracy_suite": NaN,
              "mean_eval_wall_saved_fraction": 0.8440137542982182
            },
            {
              "mae_all_targets": 29.186893404447112,
              "rmse_all_targets": 57.51928486129853,
              "mae_subtest_index_only": 30.769390869140626,
              "rmse_subtest_index_only": 59.795560347223315,
              "mae_suite_index": 10.196923828124909,
              "rmse_suite_index": 10.196923828124909,
              "spearman_suite": NaN,
              "kendall_tau_suite": NaN,
              "fold": 2,
              "n_val": 1,
              "median_bucket_accuracy_suite": NaN,
              "mean_eval_wall_saved_fraction": 0.84375
            },
            {
              "mae_all_targets": 25.06880634014415,
              "rmse_all_targets": 51.682672954401724,
              "mae_subtest_index_only": 27.157824707031153,
              "rmse_subtest_index_only": 53.79303152508703,
              "mae_suite_index": 0.0005859375000909495,
              "rmse_suite_index": 0.0005859375000909495,
              "spearman_suite": NaN,
              "kendall_tau_suite": NaN,
              "fold": 3,
              "n_val": 1,
              "median_bucket_accuracy_suite": NaN,
              "mean_eval_wall_saved_fraction": 0.84375
            },
            {
              "mae_all_targets": 23.75698054387002,
              "rmse_all_targets": 45.507479720334835,
              "mae_subtest_index_only": 25.336891682942507,
              "rmse_subtest_index_only": 47.345430950481926,
              "mae_suite_index": 4.798046875000182,
              "rmse_suite_index": 4.798046875000182,
              "spearman_suite": NaN,
              "kendall_tau_suite": NaN,
              "fold": 4,
              "n_val": 1,
              "median_bucket_accuracy_suite": NaN,
              "mean_eval_wall_saved_fraction": 0.8440137542982182
            }
          ],
          "time_savings": {
            "mean_fraction_wall_time_saved_vs_full_suite": 0.843908252578931,
            "description": "Eval subset; UnixBench ti.by_test_id parallel key 1 (single-copy)."
          },
          "n_oof": 5
        }
      ]
    }
  ]
}
+ /home/cxc/dev/miniconda3/bin/python3 /home/cxc/MoEBench/scripts/paper_reconstruct_cv_extras.py --dataset-root /home/cxc/MoEBench/dataset --suites unixbench --cv-mode leave_one_session_out --seed 42 --model-type xgboost --log1p-partial-index --train-aug 10 --train-k-max 6 --xi-ablations full --report-json /home/cxc/MoEBench/dataset/paper_supplementary/policy_unixbench_iZbp1glgt48i9a8d49embxZ.json --auto-install --glob-unixbench iZbp1glgt48i9a8d49embxZ_[0-9][0-9][0-9][0-9][0-9][0-9][0-9][0-9]T[0-9][0-9][0-9][0-9][0-9][0-9]Z/run-*.json --router-model-unixbench /home/cxc/MoEBench/dataset/experiments/router_recon_grid_unixbench_iZbp1glgt48i9a8d49embxZ_20260524T171804Z/trained_models/router_lgbm.pkl --eval-partial-k 3 --policies random,fixed_first_k,fixed_cpu_mix,fixed_io_mix,greedy_slowest,greedy_fastest,router
[unixbench] leave_one_session_out needs >= 2 session dirs; got 1. Falling back to random_fold.
Requirement already satisfied: xgboost in /home/cxc/dev/miniconda3/lib/python3.13/site-packages (3.2.0)
Requirement already satisfied: numpy in /home/cxc/dev/miniconda3/lib/python3.13/site-packages (from xgboost) (2.4.4)
Requirement already satisfied: scipy in /home/cxc/dev/miniconda3/lib/python3.13/site-packages (from xgboost) (1.17.1)
Requirement already satisfied: xgboost in /home/cxc/dev/miniconda3/lib/python3.13/site-packages (3.2.0)
Requirement already satisfied: numpy in /home/cxc/dev/miniconda3/lib/python3.13/site-packages (from xgboost) (2.4.4)
Requirement already satisfied: scipy in /home/cxc/dev/miniconda3/lib/python3.13/site-packages (from xgboost) (1.17.1)
Requirement already satisfied: xgboost in /home/cxc/dev/miniconda3/lib/python3.13/site-packages (3.2.0)
Requirement already satisfied: numpy in /home/cxc/dev/miniconda3/lib/python3.13/site-packages (from xgboost) (2.4.4)
Requirement already satisfied: scipy in /home/cxc/dev/miniconda3/lib/python3.13/site-packages (from xgboost) (1.17.1)
Requirement already satisfied: xgboost in /home/cxc/dev/miniconda3/lib/python3.13/site-packages (3.2.0)
Requirement already satisfied: numpy in /home/cxc/dev/miniconda3/lib/python3.13/site-packages (from xgboost) (2.4.4)
Requirement already satisfied: scipy in /home/cxc/dev/miniconda3/lib/python3.13/site-packages (from xgboost) (1.17.1)
Requirement already satisfied: xgboost in /home/cxc/dev/miniconda3/lib/python3.13/site-packages (3.2.0)
Requirement already satisfied: numpy in /home/cxc/dev/miniconda3/lib/python3.13/site-packages (from xgboost) (2.4.4)
Requirement already satisfied: scipy in /home/cxc/dev/miniconda3/lib/python3.13/site-packages (from xgboost) (1.17.1)
Requirement already satisfied: xgboost in /home/cxc/dev/miniconda3/lib/python3.13/site-packages (3.2.0)
Requirement already satisfied: numpy in /home/cxc/dev/miniconda3/lib/python3.13/site-packages (from xgboost) (2.4.4)
Requirement already satisfied: scipy in /home/cxc/dev/miniconda3/lib/python3.13/site-packages (from xgboost) (1.17.1)
Requirement already satisfied: xgboost in /home/cxc/dev/miniconda3/lib/python3.13/site-packages (3.2.0)
Requirement already satisfied: numpy in /home/cxc/dev/miniconda3/lib/python3.13/site-packages (from xgboost) (2.4.4)
Requirement already satisfied: scipy in /home/cxc/dev/miniconda3/lib/python3.13/site-packages (from xgboost) (1.17.1)
Requirement already satisfied: xgboost in /home/cxc/dev/miniconda3/lib/python3.13/site-packages (3.2.0)
Requirement already satisfied: numpy in /home/cxc/dev/miniconda3/lib/python3.13/site-packages (from xgboost) (2.4.4)
Requirement already satisfied: scipy in /home/cxc/dev/miniconda3/lib/python3.13/site-packages (from xgboost) (1.17.1)
Requirement already satisfied: xgboost in /home/cxc/dev/miniconda3/lib/python3.13/site-packages (3.2.0)
Requirement already satisfied: numpy in /home/cxc/dev/miniconda3/lib/python3.13/site-packages (from xgboost) (2.4.4)
Requirement already satisfied: scipy in /home/cxc/dev/miniconda3/lib/python3.13/site-packages (from xgboost) (1.17.1)
Requirement already satisfied: xgboost in /home/cxc/dev/miniconda3/lib/python3.13/site-packages (3.2.0)
Requirement already satisfied: numpy in /home/cxc/dev/miniconda3/lib/python3.13/site-packages (from xgboost) (2.4.4)
Requirement already satisfied: scipy in /home/cxc/dev/miniconda3/lib/python3.13/site-packages (from xgboost) (1.17.1)
Requirement already satisfied: xgboost in /home/cxc/dev/miniconda3/lib/python3.13/site-packages (3.2.0)
Requirement already satisfied: numpy in /home/cxc/dev/miniconda3/lib/python3.13/site-packages (from xgboost) (2.4.4)
Requirement already satisfied: scipy in /home/cxc/dev/miniconda3/lib/python3.13/site-packages (from xgboost) (1.17.1)
Requirement already satisfied: xgboost in /home/cxc/dev/miniconda3/lib/python3.13/site-packages (3.2.0)
Requirement already satisfied: numpy in /home/cxc/dev/miniconda3/lib/python3.13/site-packages (from xgboost) (2.4.4)
Requirement already satisfied: scipy in /home/cxc/dev/miniconda3/lib/python3.13/site-packages (from xgboost) (1.17.1)
Requirement already satisfied: xgboost in /home/cxc/dev/miniconda3/lib/python3.13/site-packages (3.2.0)
Requirement already satisfied: numpy in /home/cxc/dev/miniconda3/lib/python3.13/site-packages (from xgboost) (2.4.4)
Requirement already satisfied: scipy in /home/cxc/dev/miniconda3/lib/python3.13/site-packages (from xgboost) (1.17.1)
Requirement already satisfied: xgboost in /home/cxc/dev/miniconda3/lib/python3.13/site-packages (3.2.0)
Requirement already satisfied: numpy in /home/cxc/dev/miniconda3/lib/python3.13/site-packages (from xgboost) (2.4.4)
Requirement already satisfied: scipy in /home/cxc/dev/miniconda3/lib/python3.13/site-packages (from xgboost) (1.17.1)
Requirement already satisfied: xgboost in /home/cxc/dev/miniconda3/lib/python3.13/site-packages (3.2.0)
Requirement already satisfied: numpy in /home/cxc/dev/miniconda3/lib/python3.13/site-packages (from xgboost) (2.4.4)
Requirement already satisfied: scipy in /home/cxc/dev/miniconda3/lib/python3.13/site-packages (from xgboost) (1.17.1)
Requirement already satisfied: xgboost in /home/cxc/dev/miniconda3/lib/python3.13/site-packages (3.2.0)
Requirement already satisfied: numpy in /home/cxc/dev/miniconda3/lib/python3.13/site-packages (from xgboost) (2.4.4)
Requirement already satisfied: scipy in /home/cxc/dev/miniconda3/lib/python3.13/site-packages (from xgboost) (1.17.1)
Requirement already satisfied: xgboost in /home/cxc/dev/miniconda3/lib/python3.13/site-packages (3.2.0)
Requirement already satisfied: numpy in /home/cxc/dev/miniconda3/lib/python3.13/site-packages (from xgboost) (2.4.4)
Requirement already satisfied: scipy in /home/cxc/dev/miniconda3/lib/python3.13/site-packages (from xgboost) (1.17.1)
Requirement already satisfied: xgboost in /home/cxc/dev/miniconda3/lib/python3.13/site-packages (3.2.0)
Requirement already satisfied: numpy in /home/cxc/dev/miniconda3/lib/python3.13/site-packages (from xgboost) (2.4.4)
Requirement already satisfied: scipy in /home/cxc/dev/miniconda3/lib/python3.13/site-packages (from xgboost) (1.17.1)
Requirement already satisfied: xgboost in /home/cxc/dev/miniconda3/lib/python3.13/site-packages (3.2.0)
Requirement already satisfied: numpy in /home/cxc/dev/miniconda3/lib/python3.13/site-packages (from xgboost) (2.4.4)
Requirement already satisfied: scipy in /home/cxc/dev/miniconda3/lib/python3.13/site-packages (from xgboost) (1.17.1)
Requirement already satisfied: xgboost in /home/cxc/dev/miniconda3/lib/python3.13/site-packages (3.2.0)
Requirement already satisfied: numpy in /home/cxc/dev/miniconda3/lib/python3.13/site-packages (from xgboost) (2.4.4)
Requirement already satisfied: scipy in /home/cxc/dev/miniconda3/lib/python3.13/site-packages (from xgboost) (1.17.1)
Requirement already satisfied: xgboost in /home/cxc/dev/miniconda3/lib/python3.13/site-packages (3.2.0)
Requirement already satisfied: numpy in /home/cxc/dev/miniconda3/lib/python3.13/site-packages (from xgboost) (2.4.4)
Requirement already satisfied: scipy in /home/cxc/dev/miniconda3/lib/python3.13/site-packages (from xgboost) (1.17.1)
Requirement already satisfied: xgboost in /home/cxc/dev/miniconda3/lib/python3.13/site-packages (3.2.0)
Requirement already satisfied: numpy in /home/cxc/dev/miniconda3/lib/python3.13/site-packages (from xgboost) (2.4.4)
Requirement already satisfied: scipy in /home/cxc/dev/miniconda3/lib/python3.13/site-packages (from xgboost) (1.17.1)
Requirement already satisfied: xgboost in /home/cxc/dev/miniconda3/lib/python3.13/site-packages (3.2.0)
Requirement already satisfied: numpy in /home/cxc/dev/miniconda3/lib/python3.13/site-packages (from xgboost) (2.4.4)
Requirement already satisfied: scipy in /home/cxc/dev/miniconda3/lib/python3.13/site-packages (from xgboost) (1.17.1)
Requirement already satisfied: xgboost in /home/cxc/dev/miniconda3/lib/python3.13/site-packages (3.2.0)
Requirement already satisfied: numpy in /home/cxc/dev/miniconda3/lib/python3.13/site-packages (from xgboost) (2.4.4)
Requirement already satisfied: scipy in /home/cxc/dev/miniconda3/lib/python3.13/site-packages (from xgboost) (1.17.1)
Requirement already satisfied: xgboost in /home/cxc/dev/miniconda3/lib/python3.13/site-packages (3.2.0)
Requirement already satisfied: numpy in /home/cxc/dev/miniconda3/lib/python3.13/site-packages (from xgboost) (2.4.4)
Requirement already satisfied: scipy in /home/cxc/dev/miniconda3/lib/python3.13/site-packages (from xgboost) (1.17.1)
Requirement already satisfied: xgboost in /home/cxc/dev/miniconda3/lib/python3.13/site-packages (3.2.0)
Requirement already satisfied: numpy in /home/cxc/dev/miniconda3/lib/python3.13/site-packages (from xgboost) (2.4.4)
Requirement already satisfied: scipy in /home/cxc/dev/miniconda3/lib/python3.13/site-packages (from xgboost) (1.17.1)
Requirement already satisfied: xgboost in /home/cxc/dev/miniconda3/lib/python3.13/site-packages (3.2.0)
Requirement already satisfied: numpy in /home/cxc/dev/miniconda3/lib/python3.13/site-packages (from xgboost) (2.4.4)
Requirement already satisfied: scipy in /home/cxc/dev/miniconda3/lib/python3.13/site-packages (from xgboost) (1.17.1)
Requirement already satisfied: xgboost in /home/cxc/dev/miniconda3/lib/python3.13/site-packages (3.2.0)
Requirement already satisfied: numpy in /home/cxc/dev/miniconda3/lib/python3.13/site-packages (from xgboost) (2.4.4)
Requirement already satisfied: scipy in /home/cxc/dev/miniconda3/lib/python3.13/site-packages (from xgboost) (1.17.1)
Requirement already satisfied: xgboost in /home/cxc/dev/miniconda3/lib/python3.13/site-packages (3.2.0)
Requirement already satisfied: numpy in /home/cxc/dev/miniconda3/lib/python3.13/site-packages (from xgboost) (2.4.4)
Requirement already satisfied: scipy in /home/cxc/dev/miniconda3/lib/python3.13/site-packages (from xgboost) (1.17.1)
Requirement already satisfied: xgboost in /home/cxc/dev/miniconda3/lib/python3.13/site-packages (3.2.0)
Requirement already satisfied: numpy in /home/cxc/dev/miniconda3/lib/python3.13/site-packages (from xgboost) (2.4.4)
Requirement already satisfied: scipy in /home/cxc/dev/miniconda3/lib/python3.13/site-packages (from xgboost) (1.17.1)
/home/cxc/dev/miniconda3/lib/python3.13/site-packages/sklearn/utils/validation.py:2691: UserWarning: X does not have valid feature names, but LGBMRanker was fitted with feature names
  warnings.warn(
Requirement already satisfied: xgboost in /home/cxc/dev/miniconda3/lib/python3.13/site-packages (3.2.0)
Requirement already satisfied: numpy in /home/cxc/dev/miniconda3/lib/python3.13/site-packages (from xgboost) (2.4.4)
Requirement already satisfied: scipy in /home/cxc/dev/miniconda3/lib/python3.13/site-packages (from xgboost) (1.17.1)
/home/cxc/dev/miniconda3/lib/python3.13/site-packages/sklearn/utils/validation.py:2691: UserWarning: X does not have valid feature names, but LGBMRanker was fitted with feature names
  warnings.warn(
Requirement already satisfied: xgboost in /home/cxc/dev/miniconda3/lib/python3.13/site-packages (3.2.0)
Requirement already satisfied: numpy in /home/cxc/dev/miniconda3/lib/python3.13/site-packages (from xgboost) (2.4.4)
Requirement already satisfied: scipy in /home/cxc/dev/miniconda3/lib/python3.13/site-packages (from xgboost) (1.17.1)
/home/cxc/dev/miniconda3/lib/python3.13/site-packages/sklearn/utils/validation.py:2691: UserWarning: X does not have valid feature names, but LGBMRanker was fitted with feature names
  warnings.warn(
Requirement already satisfied: xgboost in /home/cxc/dev/miniconda3/lib/python3.13/site-packages (3.2.0)
Requirement already satisfied: numpy in /home/cxc/dev/miniconda3/lib/python3.13/site-packages (from xgboost) (2.4.4)
Requirement already satisfied: scipy in /home/cxc/dev/miniconda3/lib/python3.13/site-packages (from xgboost) (1.17.1)
/home/cxc/dev/miniconda3/lib/python3.13/site-packages/sklearn/utils/validation.py:2691: UserWarning: X does not have valid feature names, but LGBMRanker was fitted with feature names
  warnings.warn(
Requirement already satisfied: xgboost in /home/cxc/dev/miniconda3/lib/python3.13/site-packages (3.2.0)
Requirement already satisfied: numpy in /home/cxc/dev/miniconda3/lib/python3.13/site-packages (from xgboost) (2.4.4)
Requirement already satisfied: scipy in /home/cxc/dev/miniconda3/lib/python3.13/site-packages (from xgboost) (1.17.1)
/home/cxc/dev/miniconda3/lib/python3.13/site-packages/sklearn/utils/validation.py:2691: UserWarning: X does not have valid feature names, but LGBMRanker was fitted with feature names
  warnings.warn(
Requirement already satisfied: xgboost in /home/cxc/dev/miniconda3/lib/python3.13/site-packages (3.2.0)
Requirement already satisfied: numpy in /home/cxc/dev/miniconda3/lib/python3.13/site-packages (from xgboost) (2.4.4)
Requirement already satisfied: scipy in /home/cxc/dev/miniconda3/lib/python3.13/site-packages (from xgboost) (1.17.1)
{
  "schema": "moebench.paper_reconstruct_cv_extras.v2",
  "dataset_root": "/home/cxc/MoEBench/dataset",
  "suites_requested": [
    "unixbench"
  ],
  "eval_partial_k_list": [
    3
  ],
  "train_k_range_requested": [
    2,
    6
  ],
  "pts_suite_target": "logmean",
  "model_type": "xgboost",
  "policies": [
    "random",
    "fixed_first_k",
    "fixed_cpu_mix",
    "fixed_io_mix",
    "greedy_slowest",
    "greedy_fastest",
    "router"
  ],
  "xi_ablations": [
    "full"
  ],
  "suite_results": [
    {
      "suite_key": "unixbench",
      "pts_suite_filter": null,
      "glob_pattern": "iZbp1glgt48i9a8d49embxZ_[0-9][0-9][0-9][0-9][0-9][0-9][0-9][0-9]T[0-9][0-9][0-9][0-9][0-9][0-9]Z/run-*.json",
      "cv_mode_effective": "random_fold",
      "folds_effective": 5,
      "sessions": [
        "iZbp1glgt48i9a8d49embxZ_20260524T141144Z"
      ],
      "n_samples": 5,
      "num_profiles_or_subtests": 12,
      "profile_ids_head": [
        "dhry2reg",
        "whetstone-double",
        "execl",
        "fstime",
        "fsbuffer",
        "fsdisk",
        "pipe",
        "context1"
      ],
      "combinations": [
        {
          "suite_key": "unixbench",
          "xi_ablation": "full",
          "benchmark": "unixbench",
          "eval_partial_k": 3,
          "policy": "random",
          "oof_metrics": {
            "mae_all_targets": 10.838948505108185,
            "rmse_all_targets": 19.95192933833514,
            "mae_subtest_index_only": 11.34366353352866,
            "rmse_subtest_index_only": 20.715319990811224,
            "mae_suite_index": 4.782368164062473,
            "rmse_suite_index": 5.053662862172698,
            "spearman_suite": -0.6,
            "kendall_tau_suite": -0.4,
            "median_bucket_accuracy_suite": 0.0
          },
          "per_fold_metrics": [
            {
              "mae_all_targets": 11.560032301682721,
              "rmse_all_targets": 19.13020320220443,
              "mae_subtest_index_only": 12.246425374348993,
              "rmse_subtest_index_only": 19.888221689826086,
              "mae_suite_index": 3.3233154296874545,
              "rmse_suite_index": 3.3233154296874545,
              "spearman_suite": NaN,
              "kendall_tau_suite": NaN,
              "fold": 0,
              "n_val": 1,
              "median_bucket_accuracy_suite": NaN,
              "mean_eval_wall_saved_fraction": 0.6875
            },
            {
              "mae_all_targets": 9.675915527343722,
              "rmse_all_targets": 15.464034672037311,
              "mae_subtest_index_only": 10.057516479492165,
              "rmse_subtest_index_only": 16.028090954359772,
              "mae_suite_index": 5.096704101562409,
              "rmse_suite_index": 5.096704101562409,
              "spearman_suite": NaN,
              "kendall_tau_suite": NaN,
              "fold": 1,
              "n_val": 1,
              "median_bucket_accuracy_suite": NaN,
              "mean_eval_wall_saved_fraction": 0.9063085571517802
            },
            {
              "mae_all_targets": 10.218916203425465,
              "rmse_all_targets": 18.173843648169168,
              "mae_subtest_index_only": 10.680235799153621,
              "rmse_subtest_index_only": 18.86756577692812,
              "mae_suite_index": 4.683081054687591,
              "rmse_suite_index": 4.683081054687591,
              "spearman_suite": NaN,
              "kendall_tau_suite": NaN,
              "fold": 2,
              "n_val": 1,
              "median_bucket_accuracy_suite": NaN,
              "mean_eval_wall_saved_fraction": 0.6245306633291615
            },
            {
              "mae_all_targets": 6.759521484375035,
              "rmse_all_targets": 9.450854778905564,
              "mae_subtest_index_only": 7.061848958333371,
              "rmse_subtest_index_only": 9.795133406838882,
              "mae_suite_index": 3.131591796875,
              "rmse_suite_index": 3.131591796875,
              "spearman_suite": NaN,
              "kendall_tau_suite": NaN,
              "fold": 3,
              "n_val": 1,
              "median_bucket_accuracy_suite": NaN,
              "mean_eval_wall_saved_fraction": 0.5939356048765239
            },
            {
              "mae_all_targets": 15.980357008713982,
              "rmse_all_targets": 31.075539089675136,
              "mae_subtest_index_only": 16.672291056315157,
              "rmse_subtest_index_only": 32.268431526480136,
              "mae_suite_index": 7.677148437499909,
              "rmse_suite_index": 7.677148437499909,
              "spearman_suite": NaN,
              "kendall_tau_suite": NaN,
              "fold": 4,
              "n_val": 1,
              "median_bucket_accuracy_suite": NaN,
              "mean_eval_wall_saved_fraction": 0.8435544430538173
            }
          ],
          "time_savings": {
            "mean_fraction_wall_time_saved_vs_full_suite": 0.7311658536822565,
            "description": "Eval subset; UnixBench ti.by_test_id parallel key 1 (single-copy)."
          },
          "n_oof": 5
        },
        {
          "suite_key": "unixbench",
          "xi_ablation": "full",
          "benchmark": "unixbench",
          "eval_partial_k": 3,
          "policy": "fixed_first_k",
          "oof_metrics": {
            "mae_all_targets": 10.853978177584146,
            "rmse_all_targets": 19.95480476521203,
            "mae_subtest_index_only": 11.356244913736994,
            "rmse_subtest_index_only": 20.71692670818236,
            "mae_suite_index": 4.826777343749972,
            "rmse_suite_index": 5.121758003271773,
            "spearman_suite": -0.7999999999999999,
            "kendall_tau_suite": -0.6,
            "median_bucket_accuracy_suite": 0.0
          },
          "per_fold_metrics": [
            {
              "mae_all_targets": 11.562022986778874,
              "rmse_all_targets": 19.13112823994823,
              "mae_subtest_index_only": 12.248581949869825,
              "rmse_subtest_index_only": 19.889185619091855,
              "mae_suite_index": 3.3233154296874545,
              "rmse_suite_index": 3.3233154296874545,
              "spearman_suite": NaN,
              "kendall_tau_suite": NaN,
              "fold": 0,
              "n_val": 1,
              "median_bucket_accuracy_suite": NaN,
              "mean_eval_wall_saved_fraction": 0.84375
            },
            {
              "mae_all_targets": 9.675915527343722,
              "rmse_all_targets": 15.464034672037311,
              "mae_subtest_index_only": 10.057516479492165,
              "rmse_subtest_index_only": 16.028090954359772,
              "mae_suite_index": 5.096704101562409,
              "rmse_suite_index": 5.096704101562409,
              "spearman_suite": NaN,
              "kendall_tau_suite": NaN,
              "fold": 1,
              "n_val": 1,
              "median_bucket_accuracy_suite": NaN,
              "mean_eval_wall_saved_fraction": 0.8432229856339788
            },
            {
              "mae_all_targets": 10.218916203425465,
              "rmse_all_targets": 18.173843648169168,
              "mae_subtest_index_only": 10.680235799153621,
              "rmse_subtest_index_only": 18.86756577692812,
              "mae_suite_index": 4.683081054687591,
              "rmse_suite_index": 4.683081054687591,
              "spearman_suite": NaN,
              "kendall_tau_suite": NaN,
              "fold": 2,
              "n_val": 1,
              "median_bucket_accuracy_suite": NaN,
              "mean_eval_wall_saved_fraction": 0.8448060075093867
            },
            {
              "mae_all_targets": 6.753807654747631,
              "rmse_all_targets": 9.447089715766435,
              "mae_subtest_index_only": 7.055709838867226,
              "rmse_subtest_index_only": 9.791214209942368,
              "mae_suite_index": 3.1309814453125,
              "rmse_suite_index": 3.1309814453125,
              "spearman_suite": NaN,
              "kendall_tau_suite": NaN,
              "fold": 3,
              "n_val": 1,
              "median_bucket_accuracy_suite": NaN,
              "mean_eval_wall_saved_fraction": 0.8440137542982182
            },
            {
              "mae_all_targets": 16.05922851562504,
              "rmse_all_targets": 31.085344343781824,
              "mae_subtest_index_only": 16.739180501302133,
              "rmse_subtest_index_only": 32.27418384525614,
              "mae_suite_index": 7.899804687499909,
              "rmse_suite_index": 7.899804687499909,
              "spearman_suite": NaN,
              "kendall_tau_suite": NaN,
              "fold": 4,
              "n_val": 1,
              "median_bucket_accuracy_suite": NaN,
              "mean_eval_wall_saved_fraction": 0.8451188986232792
            }
          ],
          "time_savings": {
            "mean_fraction_wall_time_saved_vs_full_suite": 0.8441823292129726,
            "description": "Eval subset; UnixBench ti.by_test_id parallel key 1 (single-copy)."
          },
          "n_oof": 5
        },
        {
          "suite_key": "unixbench",
          "xi_ablation": "full",
          "benchmark": "unixbench",
          "eval_partial_k": 3,
          "policy": "fixed_cpu_mix",
          "oof_metrics": {
            "mae_all_targets": 10.853984750600974,
            "rmse_all_targets": 19.954796977375853,
            "mae_subtest_index_only": 11.356252034505223,
            "rmse_subtest_index_only": 20.71691858172862,
            "mae_suite_index": 4.826777343749972,
            "rmse_suite_index": 5.121758003271773,
            "spearman_suite": -0.7999999999999999,
            "kendall_tau_suite": -0.6,
            "median_bucket_accuracy_suite": 0.0
          },
          "per_fold_metrics": [
            {
              "mae_all_targets": 11.561900916466374,
              "rmse_all_targets": 19.131071439722533,
              "mae_subtest_index_only": 12.248449707031284,
              "rmse_subtest_index_only": 19.889126430807558,
              "mae_suite_index": 3.3233154296874545,
              "rmse_suite_index": 3.3233154296874545,
              "spearman_suite": NaN,
              "kendall_tau_suite": NaN,
              "fold": 0,
              "n_val": 1,
              "median_bucket_accuracy_suite": NaN,
              "mean_eval_wall_saved_fraction": 0.90625
            },
            {
              "mae_all_targets": 9.675915527343722,
              "rmse_all_targets": 15.464034672037311,
              "mae_subtest_index_only": 10.057516479492165,
              "rmse_subtest_index_only": 16.028090954359772,
              "mae_suite_index": 5.096704101562409,
              "rmse_suite_index": 5.096704101562409,
              "spearman_suite": NaN,
              "kendall_tau_suite": NaN,
              "fold": 1,
              "n_val": 1,
              "median_bucket_accuracy_suite": NaN,
              "mean_eval_wall_saved_fraction": 0.905683947532792
            },
            {
              "mae_all_targets": 10.218916203425465,
              "rmse_all_targets": 18.173843648169168,
              "mae_subtest_index_only": 10.680235799153621,
              "rmse_subtest_index_only": 18.86756577692812,
              "mae_suite_index": 4.683081054687591,
              "rmse_suite_index": 4.683081054687591,
              "spearman_suite": NaN,
              "kendall_tau_suite": NaN,
              "fold": 2,
              "n_val": 1,
              "median_bucket_accuracy_suite": NaN,
              "mean_eval_wall_saved_fraction": 0.9070713391739675
            },
            {
              "mae_all_targets": 6.75381704477167,
              "rmse_all_targets": 9.447088886152423,
              "mae_subtest_index_only": 7.055720011393267,
              "rmse_subtest_index_only": 9.791213342781496,
              "mae_suite_index": 3.1309814453125,
              "rmse_suite_index": 3.1309814453125,
              "spearman_suite": NaN,
              "kendall_tau_suite": NaN,
              "fold": 3,
              "n_val": 1,
              "median_bucket_accuracy_suite": NaN,
              "mean_eval_wall_saved_fraction": 0.9065332916536418
            },
            {
              "mae_all_targets": 16.059374060997637,
              "rmse_all_targets": 31.085354556458572,
              "mae_subtest_index_only": 16.73933817545578,
              "rmse_subtest_index_only": 32.27419450144983,
              "mae_suite_index": 7.899804687499909,
              "rmse_suite_index": 7.899804687499909,
              "spearman_suite": NaN,
              "kendall_tau_suite": NaN,
              "fold": 4,
              "n_val": 1,
              "median_bucket_accuracy_suite": NaN,
              "mean_eval_wall_saved_fraction": 0.9076971214017522
            }
          ],
          "time_savings": {
            "mean_fraction_wall_time_saved_vs_full_suite": 0.9066471399524307,
            "description": "Eval subset; UnixBench ti.by_test_id parallel key 1 (single-copy)."
          },
          "n_oof": 5
        },
        {
          "suite_key": "unixbench",
          "xi_ablation": "full",
          "benchmark": "unixbench",
          "eval_partial_k": 3,
          "policy": "fixed_io_mix",
          "oof_metrics": {
            "mae_all_targets": 10.833898550180301,
            "rmse_all_targets": 19.948913596136368,
            "mae_subtest_index_only": 11.338204956054703,
            "rmse_subtest_index_only": 20.712175176866044,
            "mae_suite_index": 4.782221679687472,
            "rmse_suite_index": 5.053572100332364,
            "spearman_suite": -0.6,
            "kendall_tau_suite": -0.4,
            "median_bucket_accuracy_suite": 0.0
          },
          "per_fold_metrics": [
            {
              "mae_all_targets": 11.527524038461566,
              "rmse_all_targets": 19.115472184382572,
              "mae_subtest_index_only": 12.211208089192743,
              "rmse_subtest_index_only": 19.872871318645995,
              "mae_suite_index": 3.3233154296874545,
              "rmse_suite_index": 3.3233154296874545,
              "spearman_suite": NaN,
              "kendall_tau_suite": NaN,
              "fold": 0,
              "n_val": 1,
              "median_bucket_accuracy_suite": NaN,
              "mean_eval_wall_saved_fraction": 0.71875
            },
            {
              "mae_all_targets": 9.675915527343722,
              "rmse_all_targets": 15.464034672037311,
              "mae_subtest_index_only": 10.057516479492165,
              "rmse_subtest_index_only": 16.028090954359772,
              "mae_suite_index": 5.096704101562409,
              "rmse_suite_index": 5.096704101562409,
              "spearman_suite": NaN,
              "kendall_tau_suite": NaN,
              "fold": 1,
              "n_val": 1,
              "median_bucket_accuracy_suite": NaN,
              "mean_eval_wall_saved_fraction": 0.7189256714553404
            },
            {
              "mae_all_targets": 10.218916203425465,
              "rmse_all_targets": 18.173843648169168,
              "mae_subtest_index_only": 10.680235799153621,
              "rmse_subtest_index_only": 18.86756577692812,
              "mae_suite_index": 4.683081054687591,
              "rmse_suite_index": 4.683081054687591,
              "spearman_suite": NaN,
              "kendall_tau_suite": NaN,
              "fold": 2,
              "n_val": 1,
              "median_bucket_accuracy_suite": NaN,
              "mean_eval_wall_saved_fraction": 0.718397997496871
            },
            {
              "mae_all_targets": 6.7675123948317655,
              "rmse_all_targets": 9.449014855288285,
              "mae_subtest_index_only": 7.070566813151079,
              "rmse_subtest_index_only": 9.79322972829928,
              "mae_suite_index": 3.130859375,
              "rmse_suite_index": 3.130859375,
              "spearman_suite": NaN,
              "kendall_tau_suite": NaN,
              "fold": 3,
              "n_val": 1,
              "median_bucket_accuracy_suite": NaN,
              "mean_eval_wall_saved_fraction": 0.7186620819005939
            },
            {
              "mae_all_targets": 15.979624586838982,
              "rmse_all_targets": 31.075483077132358,
              "mae_subtest_index_only": 16.671497599283907,
              "rmse_subtest_index_only": 32.26837308943982,
              "mae_suite_index": 7.677148437499909,
              "rmse_suite_index": 7.677148437499909,
              "spearman_suite": NaN,
              "kendall_tau_suite": NaN,
              "fold": 4,
              "n_val": 1,
              "median_bucket_accuracy_suite": NaN,
              "mean_eval_wall_saved_fraction": 0.718397997496871
            }
          ],
          "time_savings": {
            "mean_fraction_wall_time_saved_vs_full_suite": 0.7186267496699352,
            "description": "Eval subset; UnixBench ti.by_test_id parallel key 1 (single-copy)."
          },
          "n_oof": 5
        },
        {
          "suite_key": "unixbench",
          "xi_ablation": "full",
          "benchmark": "unixbench",
          "eval_partial_k": 3,
          "policy": "greedy_slowest",
          "oof_metrics": {
            "mae_all_targets": 10.839277155949532,
            "rmse_all_targets": 19.951845092701884,
            "mae_subtest_index_only": 11.344048055013037,
            "rmse_subtest_index_only": 20.715236392707805,
            "mae_suite_index": 4.7820263671874725,
            "rmse_suite_index": 5.053451115035068,
            "spearman_suite": -0.6,
            "kendall_tau_suite": -0.4,
            "median_bucket_accuracy_suite": 0.0
          },
          "per_fold_metrics": [
            {
              "mae_all_targets": 11.558464167668298,
              "rmse_all_targets": 19.129476381581416,
              "mae_subtest_index_only": 12.244726562500034,
              "rmse_subtest_index_only": 19.88746431128174,
              "mae_suite_index": 3.3233154296874545,
              "rmse_suite_index": 3.3233154296874545,
              "spearman_suite": NaN,
              "kendall_tau_suite": NaN,
              "fold": 0,
              "n_val": 1,
              "median_bucket_accuracy_suite": NaN,
              "mean_eval_wall_saved_fraction": 0.53125
            },
            {
              "mae_all_targets": 9.675915527343722,
              "rmse_all_targets": 15.464034672037311,
              "mae_subtest_index_only": 10.057516479492165,
              "rmse_subtest_index_only": 16.028090954359772,
              "mae_suite_index": 5.096704101562409,
              "rmse_suite_index": 5.096704101562409,
              "spearman_suite": NaN,
              "kendall_tau_suite": NaN,
              "fold": 1,
              "n_val": 1,
              "median_bucket_accuracy_suite": NaN,
              "mean_eval_wall_saved_fraction": 0.5315427857589007
            },
            {
              "mae_all_targets": 10.218916203425465,
              "rmse_all_targets": 18.173843648169168,
              "mae_subtest_index_only": 10.680235799153621,
              "rmse_subtest_index_only": 18.86756577692812,
              "mae_suite_index": 4.683081054687591,
              "rmse_suite_index": 4.683081054687591,
              "spearman_suite": NaN,
              "kendall_tau_suite": NaN,
              "fold": 2,
              "n_val": 1,
              "median_bucket_accuracy_suite": NaN,
              "mean_eval_wall_saved_fraction": 0.5306633291614519
            },
            {
              "mae_all_targets": 6.762376051682727,
              "rmse_all_targets": 9.45139134937645,
              "mae_subtest_index_only": 7.065083821614621,
              "rmse_subtest_index_only": 9.795739776759678,
              "mae_suite_index": 3.1298828125,
              "rmse_suite_index": 3.1298828125,
              "spearman_suite": NaN,
              "kendall_tau_suite": NaN,
              "fold": 3,
              "n_val": 1,
              "median_bucket_accuracy_suite": NaN,
              "mean_eval_wall_saved_fraction": 0.5311034698343232
            },
            {
              "mae_all_targets": 15.980713829627444,
              "rmse_all_targets": 31.075552877740428,
              "mae_subtest_index_only": 16.67267761230474,
              "rmse_subtest_index_only": 32.26844591136044,
              "mae_suite_index": 7.677148437499909,
              "rmse_suite_index": 7.677148437499909,
              "spearman_suite": NaN,
              "kendall_tau_suite": NaN,
              "fold": 4,
              "n_val": 1,
              "median_bucket_accuracy_suite": NaN,
              "mean_eval_wall_saved_fraction": 0.5303504380475595
            }
          ],
          "time_savings": {
            "mean_fraction_wall_time_saved_vs_full_suite": 0.5309820045604471,
            "description": "Eval subset; UnixBench ti.by_test_id parallel key 1 (single-copy)."
          },
          "n_oof": 5
        },
        {
          "suite_key": "unixbench",
          "xi_ablation": "full",
          "benchmark": "unixbench",
          "eval_partial_k": 3,
          "policy": "greedy_fastest",
          "oof_metrics": {
            "mae_all_targets": 10.854087101862993,
            "rmse_all_targets": 19.954819917566812,
            "mae_subtest_index_only": 11.356362915039078,
            "rmse_subtest_index_only": 20.71694251936624,
            "mae_suite_index": 4.826777343749972,
            "rmse_suite_index": 5.121758003271773,
            "spearman_suite": -0.7999999999999999,
            "kendall_tau_suite": -0.6,
            "median_bucket_accuracy_suite": 0.0
          },
          "per_fold_metrics": [
            {
              "mae_all_targets": 11.561910306490413,
              "rmse_all_targets": 19.131075808617155,
              "mae_subtest_index_only": 12.248459879557325,
              "rmse_subtest_index_only": 19.889130983384153,
              "mae_suite_index": 3.3233154296874545,
              "rmse_suite_index": 3.3233154296874545,
              "spearman_suite": NaN,
              "kendall_tau_suite": NaN,
              "fold": 0,
              "n_val": 1,
              "median_bucket_accuracy_suite": NaN,
              "mean_eval_wall_saved_fraction": 0.90625
            },
            {
              "mae_all_targets": 9.675915527343722,
              "rmse_all_targets": 15.464034672037311,
              "mae_subtest_index_only": 10.057516479492165,
              "rmse_subtest_index_only": 16.028090954359772,
              "mae_suite_index": 5.096704101562409,
              "rmse_suite_index": 5.096704101562409,
              "spearman_suite": NaN,
              "kendall_tau_suite": NaN,
              "fold": 1,
              "n_val": 1,
              "median_bucket_accuracy_suite": NaN,
              "mean_eval_wall_saved_fraction": 0.9063085571517802
            },
            {
              "mae_all_targets": 10.218916203425465,
              "rmse_all_targets": 18.173843648169168,
              "mae_subtest_index_only": 10.680235799153621,
              "rmse_subtest_index_only": 18.86756577692812,
              "mae_suite_index": 4.683081054687591,
              "rmse_suite_index": 4.683081054687591,
              "spearman_suite": NaN,
              "kendall_tau_suite": NaN,
              "fold": 2,
              "n_val": 1,
              "median_bucket_accuracy_suite": NaN,
              "mean_eval_wall_saved_fraction": 0.9070713391739675
            },
            {
              "mae_all_targets": 6.75387807992792,
              "rmse_all_targets": 9.447081709260171,
              "mae_subtest_index_only": 7.055786132812538,
              "rmse_subtest_index_only": 9.791205841075806,
              "mae_suite_index": 3.1309814453125,
              "rmse_suite_index": 3.1309814453125,
              "spearman_suite": NaN,
              "kendall_tau_suite": NaN,
              "fold": 3,
              "n_val": 1,
              "median_bucket_accuracy_suite": NaN,
              "mean_eval_wall_saved_fraction": 0.9065332916536418
            },
            {
              "mae_all_targets": 16.059815392127444,
              "rmse_all_targets": 31.085427679381223,
              "mae_subtest_index_only": 16.73981628417974,
              "rmse_subtest_index_only": 32.274270799960085,
              "mae_suite_index": 7.899804687499909,
              "rmse_suite_index": 7.899804687499909,
              "spearman_suite": NaN,
              "kendall_tau_suite": NaN,
              "fold": 4,
              "n_val": 1,
              "median_bucket_accuracy_suite": NaN,
              "mean_eval_wall_saved_fraction": 0.9076971214017522
            }
          ],
          "time_savings": {
            "mean_fraction_wall_time_saved_vs_full_suite": 0.9067720618762284,
            "description": "Eval subset; UnixBench ti.by_test_id parallel key 1 (single-copy)."
          },
          "n_oof": 5
        },
        {
          "suite_key": "unixbench",
          "xi_ablation": "full",
          "benchmark": "unixbench",
          "eval_partial_k": 3,
          "policy": "router",
          "oof_metrics": {
            "mae_all_targets": 10.853978177584146,
            "rmse_all_targets": 19.95480476521203,
            "mae_subtest_index_only": 11.356244913736994,
            "rmse_subtest_index_only": 20.71692670818236,
            "mae_suite_index": 4.826777343749972,
            "rmse_suite_index": 5.121758003271773,
            "spearman_suite": -0.7999999999999999,
            "kendall_tau_suite": -0.6,
            "median_bucket_accuracy_suite": 0.0
          },
          "per_fold_metrics": [
            {
              "mae_all_targets": 11.562022986778874,
              "rmse_all_targets": 19.13112823994823,
              "mae_subtest_index_only": 12.248581949869825,
              "rmse_subtest_index_only": 19.889185619091855,
              "mae_suite_index": 3.3233154296874545,
              "rmse_suite_index": 3.3233154296874545,
              "spearman_suite": NaN,
              "kendall_tau_suite": NaN,
              "fold": 0,
              "n_val": 1,
              "median_bucket_accuracy_suite": NaN,
              "mean_eval_wall_saved_fraction": 0.84375
            },
            {
              "mae_all_targets": 9.675915527343722,
              "rmse_all_targets": 15.464034672037311,
              "mae_subtest_index_only": 10.057516479492165,
              "rmse_subtest_index_only": 16.028090954359772,
              "mae_suite_index": 5.096704101562409,
              "rmse_suite_index": 5.096704101562409,
              "spearman_suite": NaN,
              "kendall_tau_suite": NaN,
              "fold": 1,
              "n_val": 1,
              "median_bucket_accuracy_suite": NaN,
              "mean_eval_wall_saved_fraction": 0.8432229856339788
            },
            {
              "mae_all_targets": 10.218916203425465,
              "rmse_all_targets": 18.173843648169168,
              "mae_subtest_index_only": 10.680235799153621,
              "rmse_subtest_index_only": 18.86756577692812,
              "mae_suite_index": 4.683081054687591,
              "rmse_suite_index": 4.683081054687591,
              "spearman_suite": NaN,
              "kendall_tau_suite": NaN,
              "fold": 2,
              "n_val": 1,
              "median_bucket_accuracy_suite": NaN,
              "mean_eval_wall_saved_fraction": 0.8448060075093867
            },
            {
              "mae_all_targets": 6.753807654747631,
              "rmse_all_targets": 9.447089715766435,
              "mae_subtest_index_only": 7.055709838867226,
              "rmse_subtest_index_only": 9.791214209942368,
              "mae_suite_index": 3.1309814453125,
              "rmse_suite_index": 3.1309814453125,
              "spearman_suite": NaN,
              "kendall_tau_suite": NaN,
              "fold": 3,
              "n_val": 1,
              "median_bucket_accuracy_suite": NaN,
              "mean_eval_wall_saved_fraction": 0.8440137542982182
            },
            {
              "mae_all_targets": 16.05922851562504,
              "rmse_all_targets": 31.085344343781824,
              "mae_subtest_index_only": 16.739180501302133,
              "rmse_subtest_index_only": 32.27418384525614,
              "mae_suite_index": 7.899804687499909,
              "rmse_suite_index": 7.899804687499909,
              "spearman_suite": NaN,
              "kendall_tau_suite": NaN,
              "fold": 4,
              "n_val": 1,
              "median_bucket_accuracy_suite": NaN,
              "mean_eval_wall_saved_fraction": 0.8451188986232792
            }
          ],
          "time_savings": {
            "mean_fraction_wall_time_saved_vs_full_suite": 0.8441823292129726,
            "description": "Eval subset; UnixBench ti.by_test_id parallel key 1 (single-copy)."
          },
          "n_oof": 5
        }
      ]
    }
  ]
}
+ /home/cxc/dev/miniconda3/bin/python3 /home/cxc/MoEBench/scripts/paper_reconstruct_cv_extras.py --dataset-root /home/cxc/MoEBench/dataset --suites unixbench --cv-mode leave_one_session_out --seed 42 --model-type xgboost --log1p-partial-index --train-aug 10 --train-k-max 6 --xi-ablations full --report-json /home/cxc/MoEBench/dataset/paper_supplementary/policy_unixbench_iZbp15n87643uk1sqjrdvdZ.json --auto-install --glob-unixbench iZbp15n87643uk1sqjrdvdZ_[0-9][0-9][0-9][0-9][0-9][0-9][0-9][0-9]T[0-9][0-9][0-9][0-9][0-9][0-9]Z/run-*.json --router-model-unixbench /home/cxc/MoEBench/dataset/experiments/router_recon_grid_unixbench_iZbp15n87643uk1sqjrdvdZ_20260525T073914Z/trained_models/router_lgbm.pkl --eval-partial-k 3 --policies random,fixed_first_k,fixed_cpu_mix,fixed_io_mix,greedy_slowest,greedy_fastest,router
[unixbench] leave_one_session_out needs >= 2 session dirs; got 1. Falling back to random_fold.
Requirement already satisfied: xgboost in /home/cxc/dev/miniconda3/lib/python3.13/site-packages (3.2.0)
Requirement already satisfied: numpy in /home/cxc/dev/miniconda3/lib/python3.13/site-packages (from xgboost) (2.4.4)
Requirement already satisfied: scipy in /home/cxc/dev/miniconda3/lib/python3.13/site-packages (from xgboost) (1.17.1)
Requirement already satisfied: xgboost in /home/cxc/dev/miniconda3/lib/python3.13/site-packages (3.2.0)
Requirement already satisfied: numpy in /home/cxc/dev/miniconda3/lib/python3.13/site-packages (from xgboost) (2.4.4)
Requirement already satisfied: scipy in /home/cxc/dev/miniconda3/lib/python3.13/site-packages (from xgboost) (1.17.1)
Requirement already satisfied: xgboost in /home/cxc/dev/miniconda3/lib/python3.13/site-packages (3.2.0)
Requirement already satisfied: numpy in /home/cxc/dev/miniconda3/lib/python3.13/site-packages (from xgboost) (2.4.4)
Requirement already satisfied: scipy in /home/cxc/dev/miniconda3/lib/python3.13/site-packages (from xgboost) (1.17.1)
Requirement already satisfied: xgboost in /home/cxc/dev/miniconda3/lib/python3.13/site-packages (3.2.0)
Requirement already satisfied: numpy in /home/cxc/dev/miniconda3/lib/python3.13/site-packages (from xgboost) (2.4.4)
Requirement already satisfied: scipy in /home/cxc/dev/miniconda3/lib/python3.13/site-packages (from xgboost) (1.17.1)
Requirement already satisfied: xgboost in /home/cxc/dev/miniconda3/lib/python3.13/site-packages (3.2.0)
Requirement already satisfied: numpy in /home/cxc/dev/miniconda3/lib/python3.13/site-packages (from xgboost) (2.4.4)
Requirement already satisfied: scipy in /home/cxc/dev/miniconda3/lib/python3.13/site-packages (from xgboost) (1.17.1)
Requirement already satisfied: xgboost in /home/cxc/dev/miniconda3/lib/python3.13/site-packages (3.2.0)
Requirement already satisfied: numpy in /home/cxc/dev/miniconda3/lib/python3.13/site-packages (from xgboost) (2.4.4)
Requirement already satisfied: scipy in /home/cxc/dev/miniconda3/lib/python3.13/site-packages (from xgboost) (1.17.1)
Requirement already satisfied: xgboost in /home/cxc/dev/miniconda3/lib/python3.13/site-packages (3.2.0)
Requirement already satisfied: numpy in /home/cxc/dev/miniconda3/lib/python3.13/site-packages (from xgboost) (2.4.4)
Requirement already satisfied: scipy in /home/cxc/dev/miniconda3/lib/python3.13/site-packages (from xgboost) (1.17.1)
Requirement already satisfied: xgboost in /home/cxc/dev/miniconda3/lib/python3.13/site-packages (3.2.0)
Requirement already satisfied: numpy in /home/cxc/dev/miniconda3/lib/python3.13/site-packages (from xgboost) (2.4.4)
Requirement already satisfied: scipy in /home/cxc/dev/miniconda3/lib/python3.13/site-packages (from xgboost) (1.17.1)
Requirement already satisfied: xgboost in /home/cxc/dev/miniconda3/lib/python3.13/site-packages (3.2.0)
Requirement already satisfied: numpy in /home/cxc/dev/miniconda3/lib/python3.13/site-packages (from xgboost) (2.4.4)
Requirement already satisfied: scipy in /home/cxc/dev/miniconda3/lib/python3.13/site-packages (from xgboost) (1.17.1)
Requirement already satisfied: xgboost in /home/cxc/dev/miniconda3/lib/python3.13/site-packages (3.2.0)
Requirement already satisfied: numpy in /home/cxc/dev/miniconda3/lib/python3.13/site-packages (from xgboost) (2.4.4)
Requirement already satisfied: scipy in /home/cxc/dev/miniconda3/lib/python3.13/site-packages (from xgboost) (1.17.1)
Requirement already satisfied: xgboost in /home/cxc/dev/miniconda3/lib/python3.13/site-packages (3.2.0)
Requirement already satisfied: numpy in /home/cxc/dev/miniconda3/lib/python3.13/site-packages (from xgboost) (2.4.4)
Requirement already satisfied: scipy in /home/cxc/dev/miniconda3/lib/python3.13/site-packages (from xgboost) (1.17.1)
Requirement already satisfied: xgboost in /home/cxc/dev/miniconda3/lib/python3.13/site-packages (3.2.0)
Requirement already satisfied: numpy in /home/cxc/dev/miniconda3/lib/python3.13/site-packages (from xgboost) (2.4.4)
Requirement already satisfied: scipy in /home/cxc/dev/miniconda3/lib/python3.13/site-packages (from xgboost) (1.17.1)
Requirement already satisfied: xgboost in /home/cxc/dev/miniconda3/lib/python3.13/site-packages (3.2.0)
Requirement already satisfied: numpy in /home/cxc/dev/miniconda3/lib/python3.13/site-packages (from xgboost) (2.4.4)
Requirement already satisfied: scipy in /home/cxc/dev/miniconda3/lib/python3.13/site-packages (from xgboost) (1.17.1)
Requirement already satisfied: xgboost in /home/cxc/dev/miniconda3/lib/python3.13/site-packages (3.2.0)
Requirement already satisfied: numpy in /home/cxc/dev/miniconda3/lib/python3.13/site-packages (from xgboost) (2.4.4)
Requirement already satisfied: scipy in /home/cxc/dev/miniconda3/lib/python3.13/site-packages (from xgboost) (1.17.1)
Requirement already satisfied: xgboost in /home/cxc/dev/miniconda3/lib/python3.13/site-packages (3.2.0)
Requirement already satisfied: numpy in /home/cxc/dev/miniconda3/lib/python3.13/site-packages (from xgboost) (2.4.4)
Requirement already satisfied: scipy in /home/cxc/dev/miniconda3/lib/python3.13/site-packages (from xgboost) (1.17.1)
Requirement already satisfied: xgboost in /home/cxc/dev/miniconda3/lib/python3.13/site-packages (3.2.0)
Requirement already satisfied: numpy in /home/cxc/dev/miniconda3/lib/python3.13/site-packages (from xgboost) (2.4.4)
Requirement already satisfied: scipy in /home/cxc/dev/miniconda3/lib/python3.13/site-packages (from xgboost) (1.17.1)
Requirement already satisfied: xgboost in /home/cxc/dev/miniconda3/lib/python3.13/site-packages (3.2.0)
Requirement already satisfied: numpy in /home/cxc/dev/miniconda3/lib/python3.13/site-packages (from xgboost) (2.4.4)
Requirement already satisfied: scipy in /home/cxc/dev/miniconda3/lib/python3.13/site-packages (from xgboost) (1.17.1)
Requirement already satisfied: xgboost in /home/cxc/dev/miniconda3/lib/python3.13/site-packages (3.2.0)
Requirement already satisfied: numpy in /home/cxc/dev/miniconda3/lib/python3.13/site-packages (from xgboost) (2.4.4)
Requirement already satisfied: scipy in /home/cxc/dev/miniconda3/lib/python3.13/site-packages (from xgboost) (1.17.1)
Requirement already satisfied: xgboost in /home/cxc/dev/miniconda3/lib/python3.13/site-packages (3.2.0)
Requirement already satisfied: numpy in /home/cxc/dev/miniconda3/lib/python3.13/site-packages (from xgboost) (2.4.4)
Requirement already satisfied: scipy in /home/cxc/dev/miniconda3/lib/python3.13/site-packages (from xgboost) (1.17.1)
Requirement already satisfied: xgboost in /home/cxc/dev/miniconda3/lib/python3.13/site-packages (3.2.0)
Requirement already satisfied: numpy in /home/cxc/dev/miniconda3/lib/python3.13/site-packages (from xgboost) (2.4.4)
Requirement already satisfied: scipy in /home/cxc/dev/miniconda3/lib/python3.13/site-packages (from xgboost) (1.17.1)
Requirement already satisfied: xgboost in /home/cxc/dev/miniconda3/lib/python3.13/site-packages (3.2.0)
Requirement already satisfied: numpy in /home/cxc/dev/miniconda3/lib/python3.13/site-packages (from xgboost) (2.4.4)
Requirement already satisfied: scipy in /home/cxc/dev/miniconda3/lib/python3.13/site-packages (from xgboost) (1.17.1)
Requirement already satisfied: xgboost in /home/cxc/dev/miniconda3/lib/python3.13/site-packages (3.2.0)
Requirement already satisfied: numpy in /home/cxc/dev/miniconda3/lib/python3.13/site-packages (from xgboost) (2.4.4)
Requirement already satisfied: scipy in /home/cxc/dev/miniconda3/lib/python3.13/site-packages (from xgboost) (1.17.1)
Requirement already satisfied: xgboost in /home/cxc/dev/miniconda3/lib/python3.13/site-packages (3.2.0)
Requirement already satisfied: numpy in /home/cxc/dev/miniconda3/lib/python3.13/site-packages (from xgboost) (2.4.4)
Requirement already satisfied: scipy in /home/cxc/dev/miniconda3/lib/python3.13/site-packages (from xgboost) (1.17.1)
Requirement already satisfied: xgboost in /home/cxc/dev/miniconda3/lib/python3.13/site-packages (3.2.0)
Requirement already satisfied: numpy in /home/cxc/dev/miniconda3/lib/python3.13/site-packages (from xgboost) (2.4.4)
Requirement already satisfied: scipy in /home/cxc/dev/miniconda3/lib/python3.13/site-packages (from xgboost) (1.17.1)
Requirement already satisfied: xgboost in /home/cxc/dev/miniconda3/lib/python3.13/site-packages (3.2.0)
Requirement already satisfied: numpy in /home/cxc/dev/miniconda3/lib/python3.13/site-packages (from xgboost) (2.4.4)
Requirement already satisfied: scipy in /home/cxc/dev/miniconda3/lib/python3.13/site-packages (from xgboost) (1.17.1)
Requirement already satisfied: xgboost in /home/cxc/dev/miniconda3/lib/python3.13/site-packages (3.2.0)
Requirement already satisfied: numpy in /home/cxc/dev/miniconda3/lib/python3.13/site-packages (from xgboost) (2.4.4)
Requirement already satisfied: scipy in /home/cxc/dev/miniconda3/lib/python3.13/site-packages (from xgboost) (1.17.1)
Requirement already satisfied: xgboost in /home/cxc/dev/miniconda3/lib/python3.13/site-packages (3.2.0)
Requirement already satisfied: numpy in /home/cxc/dev/miniconda3/lib/python3.13/site-packages (from xgboost) (2.4.4)
Requirement already satisfied: scipy in /home/cxc/dev/miniconda3/lib/python3.13/site-packages (from xgboost) (1.17.1)
Requirement already satisfied: xgboost in /home/cxc/dev/miniconda3/lib/python3.13/site-packages (3.2.0)
Requirement already satisfied: numpy in /home/cxc/dev/miniconda3/lib/python3.13/site-packages (from xgboost) (2.4.4)
Requirement already satisfied: scipy in /home/cxc/dev/miniconda3/lib/python3.13/site-packages (from xgboost) (1.17.1)
Requirement already satisfied: xgboost in /home/cxc/dev/miniconda3/lib/python3.13/site-packages (3.2.0)
Requirement already satisfied: numpy in /home/cxc/dev/miniconda3/lib/python3.13/site-packages (from xgboost) (2.4.4)
Requirement already satisfied: scipy in /home/cxc/dev/miniconda3/lib/python3.13/site-packages (from xgboost) (1.17.1)
Requirement already satisfied: xgboost in /home/cxc/dev/miniconda3/lib/python3.13/site-packages (3.2.0)
Requirement already satisfied: numpy in /home/cxc/dev/miniconda3/lib/python3.13/site-packages (from xgboost) (2.4.4)
Requirement already satisfied: scipy in /home/cxc/dev/miniconda3/lib/python3.13/site-packages (from xgboost) (1.17.1)
/home/cxc/dev/miniconda3/lib/python3.13/site-packages/sklearn/utils/validation.py:2691: UserWarning: X does not have valid feature names, but LGBMRanker was fitted with feature names
  warnings.warn(
Requirement already satisfied: xgboost in /home/cxc/dev/miniconda3/lib/python3.13/site-packages (3.2.0)
Requirement already satisfied: numpy in /home/cxc/dev/miniconda3/lib/python3.13/site-packages (from xgboost) (2.4.4)
Requirement already satisfied: scipy in /home/cxc/dev/miniconda3/lib/python3.13/site-packages (from xgboost) (1.17.1)
/home/cxc/dev/miniconda3/lib/python3.13/site-packages/sklearn/utils/validation.py:2691: UserWarning: X does not have valid feature names, but LGBMRanker was fitted with feature names
  warnings.warn(
Requirement already satisfied: xgboost in /home/cxc/dev/miniconda3/lib/python3.13/site-packages (3.2.0)
Requirement already satisfied: numpy in /home/cxc/dev/miniconda3/lib/python3.13/site-packages (from xgboost) (2.4.4)
Requirement already satisfied: scipy in /home/cxc/dev/miniconda3/lib/python3.13/site-packages (from xgboost) (1.17.1)
/home/cxc/dev/miniconda3/lib/python3.13/site-packages/sklearn/utils/validation.py:2691: UserWarning: X does not have valid feature names, but LGBMRanker was fitted with feature names
  warnings.warn(
Requirement already satisfied: xgboost in /home/cxc/dev/miniconda3/lib/python3.13/site-packages (3.2.0)
Requirement already satisfied: numpy in /home/cxc/dev/miniconda3/lib/python3.13/site-packages (from xgboost) (2.4.4)
Requirement already satisfied: scipy in /home/cxc/dev/miniconda3/lib/python3.13/site-packages (from xgboost) (1.17.1)
/home/cxc/dev/miniconda3/lib/python3.13/site-packages/sklearn/utils/validation.py:2691: UserWarning: X does not have valid feature names, but LGBMRanker was fitted with feature names
  warnings.warn(
Requirement already satisfied: xgboost in /home/cxc/dev/miniconda3/lib/python3.13/site-packages (3.2.0)
Requirement already satisfied: numpy in /home/cxc/dev/miniconda3/lib/python3.13/site-packages (from xgboost) (2.4.4)
Requirement already satisfied: scipy in /home/cxc/dev/miniconda3/lib/python3.13/site-packages (from xgboost) (1.17.1)
/home/cxc/dev/miniconda3/lib/python3.13/site-packages/sklearn/utils/validation.py:2691: UserWarning: X does not have valid feature names, but LGBMRanker was fitted with feature names
  warnings.warn(
Requirement already satisfied: xgboost in /home/cxc/dev/miniconda3/lib/python3.13/site-packages (3.2.0)
Requirement already satisfied: numpy in /home/cxc/dev/miniconda3/lib/python3.13/site-packages (from xgboost) (2.4.4)
Requirement already satisfied: scipy in /home/cxc/dev/miniconda3/lib/python3.13/site-packages (from xgboost) (1.17.1)
{
  "schema": "moebench.paper_reconstruct_cv_extras.v2",
  "dataset_root": "/home/cxc/MoEBench/dataset",
  "suites_requested": [
    "unixbench"
  ],
  "eval_partial_k_list": [
    3
  ],
  "train_k_range_requested": [
    2,
    6
  ],
  "pts_suite_target": "logmean",
  "model_type": "xgboost",
  "policies": [
    "random",
    "fixed_first_k",
    "fixed_cpu_mix",
    "fixed_io_mix",
    "greedy_slowest",
    "greedy_fastest",
    "router"
  ],
  "xi_ablations": [
    "full"
  ],
  "suite_results": [
    {
      "suite_key": "unixbench",
      "pts_suite_filter": null,
      "glob_pattern": "iZbp15n87643uk1sqjrdvdZ_[0-9][0-9][0-9][0-9][0-9][0-9][0-9][0-9]T[0-9][0-9][0-9][0-9][0-9][0-9]Z/run-*.json",
      "cv_mode_effective": "random_fold",
      "folds_effective": 5,
      "sessions": [
        "iZbp15n87643uk1sqjrdvdZ_20260525T050535Z"
      ],
      "n_samples": 5,
      "num_profiles_or_subtests": 12,
      "profile_ids_head": [
        "dhry2reg",
        "whetstone-double",
        "execl",
        "fstime",
        "fsbuffer",
        "fsdisk",
        "pipe",
        "context1"
      ],
      "combinations": [
        {
          "suite_key": "unixbench",
          "xi_ablation": "full",
          "benchmark": "unixbench",
          "eval_partial_k": 3,
          "policy": "random",
          "oof_metrics": {
            "mae_all_targets": 19.675029484675488,
            "rmse_all_targets": 33.271754085640445,
            "mae_subtest_index_only": 20.888956502278653,
            "rmse_subtest_index_only": 34.57815683900777,
            "mae_suite_index": 5.107905273437472,
            "rmse_suite_index": 6.583152327196933,
            "spearman_suite": 0.39999999999999997,
            "kendall_tau_suite": 0.4,
            "median_bucket_accuracy_suite": 0.6
          },
          "per_fold_metrics": [
            {
              "mae_all_targets": 21.836280235877396,
              "rmse_all_targets": 36.11610368055775,
              "mae_subtest_index_only": 23.4153330485026,
              "rmse_subtest_index_only": 37.581588780970534,
              "mae_suite_index": 2.8876464843749545,
              "rmse_suite_index": 2.8876464843749545,
              "spearman_suite": NaN,
              "kendall_tau_suite": NaN,
              "fold": 0,
              "n_val": 1,
              "median_bucket_accuracy_suite": NaN,
              "mean_eval_wall_saved_fraction": 0.90625
            },
            {
              "mae_all_targets": 22.91048959585341,
              "rmse_all_targets": 36.00247923189051,
              "mae_subtest_index_only": 24.6405893961589,
              "rmse_subtest_index_only": 37.46743161832633,
              "mae_suite_index": 2.1492919921875,
              "rmse_suite_index": 2.1492919921875,
              "spearman_suite": NaN,
              "kendall_tau_suite": NaN,
              "fold": 1,
              "n_val": 1,
              "median_bucket_accuracy_suite": NaN,
              "mean_eval_wall_saved_fraction": 0.6248827758674586
            },
            {
              "mae_all_targets": 11.893851412259595,
              "rmse_all_targets": 15.623474830083708,
              "mae_subtest_index_only": 12.829443359374977,
              "rmse_subtest_index_only": 16.2602890554549,
              "mae_suite_index": 0.666748046875,
              "rmse_suite_index": 0.666748046875,
              "spearman_suite": NaN,
              "kendall_tau_suite": NaN,
              "fold": 2,
              "n_val": 1,
              "median_bucket_accuracy_suite": NaN,
              "mean_eval_wall_saved_fraction": 0.6877149109096592
            },
            {
              "mae_all_targets": 26.725736177884606,
              "rmse_all_targets": 45.53456788032891,
              "mae_subtest_index_only": 27.975502522786456,
              "rmse_subtest_index_only": 47.27279052229708,
              "mae_suite_index": 11.728540039062409,
              "rmse_suite_index": 11.728540039062409,
              "spearman_suite": NaN,
              "kendall_tau_suite": NaN,
              "fold": 3,
              "n_val": 1,
              "median_bucket_accuracy_suite": NaN,
              "mean_eval_wall_saved_fraction": 0.75
            },
            {
              "mae_all_targets": 15.008790001502435,
              "rmse_all_targets": 24.8396216950785,
              "mae_subtest_index_only": 15.583914184570347,
              "rmse_subtest_index_only": 25.747750981537042,
              "mae_suite_index": 8.1072998046875,
              "rmse_suite_index": 8.1072998046875,
              "spearman_suite": NaN,
              "kendall_tau_suite": NaN,
              "fold": 4,
              "n_val": 1,
              "median_bucket_accuracy_suite": NaN,
              "mean_eval_wall_saved_fraction": 0.84375
            }
          ],
          "time_savings": {
            "mean_fraction_wall_time_saved_vs_full_suite": 0.7625195373554237,
            "description": "Eval subset; UnixBench ti.by_test_id parallel key 1 (single-copy)."
          },
          "n_oof": 5
        },
        {
          "suite_key": "unixbench",
          "xi_ablation": "full",
          "benchmark": "unixbench",
          "eval_partial_k": 3,
          "policy": "fixed_first_k",
          "oof_metrics": {
            "mae_all_targets": 19.675029484675488,
            "rmse_all_targets": 33.271754085640445,
            "mae_subtest_index_only": 20.888956502278653,
            "rmse_subtest_index_only": 34.57815683900777,
            "mae_suite_index": 5.107905273437472,
            "rmse_suite_index": 6.583152327196933,
            "spearman_suite": 0.39999999999999997,
            "kendall_tau_suite": 0.4,
            "median_bucket_accuracy_suite": 0.6
          },
          "per_fold_metrics": [
            {
              "mae_all_targets": 21.836280235877396,
              "rmse_all_targets": 36.11610368055775,
              "mae_subtest_index_only": 23.4153330485026,
              "rmse_subtest_index_only": 37.581588780970534,
              "mae_suite_index": 2.8876464843749545,
              "rmse_suite_index": 2.8876464843749545,
              "spearman_suite": NaN,
              "kendall_tau_suite": NaN,
              "fold": 0,
              "n_val": 1,
              "median_bucket_accuracy_suite": NaN,
              "mean_eval_wall_saved_fraction": 0.84375
            },
            {
              "mae_all_targets": 22.91048959585341,
              "rmse_all_targets": 36.00247923189051,
              "mae_subtest_index_only": 24.6405893961589,
              "rmse_subtest_index_only": 37.46743161832633,
              "mae_suite_index": 2.1492919921875,
              "rmse_suite_index": 2.1492919921875,
              "spearman_suite": NaN,
              "kendall_tau_suite": NaN,
              "fold": 1,
              "n_val": 1,
              "median_bucket_accuracy_suite": NaN,
              "mean_eval_wall_saved_fraction": 0.8440137542982182
            },
            {
              "mae_all_targets": 11.893851412259595,
              "rmse_all_targets": 15.623474830083708,
              "mae_subtest_index_only": 12.829443359374977,
              "rmse_subtest_index_only": 16.2602890554549,
              "mae_suite_index": 0.666748046875,
              "rmse_suite_index": 0.666748046875,
              "spearman_suite": NaN,
              "kendall_tau_suite": NaN,
              "fold": 2,
              "n_val": 1,
              "median_bucket_accuracy_suite": NaN,
              "mean_eval_wall_saved_fraction": 0.8440137542982182
            },
            {
              "mae_all_targets": 26.725736177884606,
              "rmse_all_targets": 45.53456788032891,
              "mae_subtest_index_only": 27.975502522786456,
              "rmse_subtest_index_only": 47.27279052229708,
              "mae_suite_index": 11.728540039062409,
              "rmse_suite_index": 11.728540039062409,
              "spearman_suite": NaN,
              "kendall_tau_suite": NaN,
              "fold": 3,
              "n_val": 1,
              "median_bucket_accuracy_suite": NaN,
              "mean_eval_wall_saved_fraction": 0.84375
            },
            {
              "mae_all_targets": 15.008790001502435,
              "rmse_all_targets": 24.8396216950785,
              "mae_subtest_index_only": 15.583914184570347,
              "rmse_subtest_index_only": 25.747750981537042,
              "mae_suite_index": 8.1072998046875,
              "rmse_suite_index": 8.1072998046875,
              "spearman_suite": NaN,
              "kendall_tau_suite": NaN,
              "fold": 4,
              "n_val": 1,
              "median_bucket_accuracy_suite": NaN,
              "mean_eval_wall_saved_fraction": 0.84375
            }
          ],
          "time_savings": {
            "mean_fraction_wall_time_saved_vs_full_suite": 0.8438555017192872,
            "description": "Eval subset; UnixBench ti.by_test_id parallel key 1 (single-copy)."
          },
          "n_oof": 5
        },
        {
          "suite_key": "unixbench",
          "xi_ablation": "full",
          "benchmark": "unixbench",
          "eval_partial_k": 3,
          "policy": "fixed_cpu_mix",
          "oof_metrics": {
            "mae_all_targets": 19.675029484675488,
            "rmse_all_targets": 33.271754085640445,
            "mae_subtest_index_only": 20.888956502278653,
            "rmse_subtest_index_only": 34.57815683900777,
            "mae_suite_index": 5.107905273437472,
            "rmse_suite_index": 6.583152327196933,
            "spearman_suite": 0.39999999999999997,
            "kendall_tau_suite": 0.4,
            "median_bucket_accuracy_suite": 0.6
          },
          "per_fold_metrics": [
            {
              "mae_all_targets": 21.836280235877396,
              "rmse_all_targets": 36.11610368055775,
              "mae_subtest_index_only": 23.4153330485026,
              "rmse_subtest_index_only": 37.581588780970534,
              "mae_suite_index": 2.8876464843749545,
              "rmse_suite_index": 2.8876464843749545,
              "spearman_suite": NaN,
              "kendall_tau_suite": NaN,
              "fold": 0,
              "n_val": 1,
              "median_bucket_accuracy_suite": NaN,
              "mean_eval_wall_saved_fraction": 0.90625
            },
            {
              "mae_all_targets": 22.91048959585341,
              "rmse_all_targets": 36.00247923189051,
              "mae_subtest_index_only": 24.6405893961589,
              "rmse_subtest_index_only": 37.46743161832633,
              "mae_suite_index": 2.1492919921875,
              "rmse_suite_index": 2.1492919921875,
              "spearman_suite": NaN,
              "kendall_tau_suite": NaN,
              "fold": 1,
              "n_val": 1,
              "median_bucket_accuracy_suite": NaN,
              "mean_eval_wall_saved_fraction": 0.9065332916536418
            },
            {
              "mae_all_targets": 11.893851412259595,
              "rmse_all_targets": 15.623474830083708,
              "mae_subtest_index_only": 12.829443359374977,
              "rmse_subtest_index_only": 16.2602890554549,
              "mae_suite_index": 0.666748046875,
              "rmse_suite_index": 0.666748046875,
              "spearman_suite": NaN,
              "kendall_tau_suite": NaN,
              "fold": 2,
              "n_val": 1,
              "median_bucket_accuracy_suite": NaN,
              "mean_eval_wall_saved_fraction": 0.9065332916536418
            },
            {
              "mae_all_targets": 26.725736177884606,
              "rmse_all_targets": 45.53456788032891,
              "mae_subtest_index_only": 27.975502522786456,
              "rmse_subtest_index_only": 47.27279052229708,
              "mae_suite_index": 11.728540039062409,
              "rmse_suite_index": 11.728540039062409,
              "spearman_suite": NaN,
              "kendall_tau_suite": NaN,
              "fold": 3,
              "n_val": 1,
              "median_bucket_accuracy_suite": NaN,
              "mean_eval_wall_saved_fraction": 0.90625
            },
            {
              "mae_all_targets": 15.008790001502435,
              "rmse_all_targets": 24.8396216950785,
              "mae_subtest_index_only": 15.583914184570347,
              "rmse_subtest_index_only": 25.747750981537042,
              "mae_suite_index": 8.1072998046875,
              "rmse_suite_index": 8.1072998046875,
              "spearman_suite": NaN,
              "kendall_tau_suite": NaN,
              "fold": 4,
              "n_val": 1,
              "median_bucket_accuracy_suite": NaN,
              "mean_eval_wall_saved_fraction": 0.90625
            }
          ],
          "time_savings": {
            "mean_fraction_wall_time_saved_vs_full_suite": 0.9063633166614566,
            "description": "Eval subset; UnixBench ti.by_test_id parallel key 1 (single-copy)."
          },
          "n_oof": 5
        },
        {
          "suite_key": "unixbench",
          "xi_ablation": "full",
          "benchmark": "unixbench",
          "eval_partial_k": 3,
          "policy": "fixed_io_mix",
          "oof_metrics": {
            "mae_all_targets": 19.675012582632217,
            "rmse_all_targets": 33.27175376637326,
            "mae_subtest_index_only": 20.88893819173178,
            "rmse_subtest_index_only": 34.578156506202454,
            "mae_suite_index": 5.107905273437472,
            "rmse_suite_index": 6.583152327196933,
            "spearman_suite": 0.39999999999999997,
            "kendall_tau_suite": 0.4,
            "median_bucket_accuracy_suite": 0.6
          },
          "per_fold_metrics": [
            {
              "mae_all_targets": 21.836280235877396,
              "rmse_all_targets": 36.11610368055775,
              "mae_subtest_index_only": 23.4153330485026,
              "rmse_subtest_index_only": 37.581588780970534,
              "mae_suite_index": 2.8876464843749545,
              "rmse_suite_index": 2.8876464843749545,
              "spearman_suite": NaN,
              "kendall_tau_suite": NaN,
              "fold": 0,
              "n_val": 1,
              "median_bucket_accuracy_suite": NaN,
              "mean_eval_wall_saved_fraction": 0.71875
            },
            {
              "mae_all_targets": 22.91048959585341,
              "rmse_all_targets": 36.00247923189051,
              "mae_subtest_index_only": 24.6405893961589,
              "rmse_subtest_index_only": 37.46743161832633,
              "mae_suite_index": 2.1492919921875,
              "rmse_suite_index": 2.1492919921875,
              "spearman_suite": NaN,
              "kendall_tau_suite": NaN,
              "fold": 1,
              "n_val": 1,
              "median_bucket_accuracy_suite": NaN,
              "mean_eval_wall_saved_fraction": 0.7186620819005939
            },
            {
              "mae_all_targets": 11.893766902043248,
              "rmse_all_targets": 15.623471430526124,
              "mae_subtest_index_only": 12.829351806640602,
              "rmse_subtest_index_only": 16.260285516835303,
              "mae_suite_index": 0.666748046875,
              "rmse_suite_index": 0.666748046875,
              "spearman_suite": NaN,
              "kendall_tau_suite": NaN,
              "fold": 2,
              "n_val": 1,
              "median_bucket_accuracy_suite": NaN,
              "mean_eval_wall_saved_fraction": 0.7186620819005939
            },
            {
              "mae_all_targets": 26.725736177884606,
              "rmse_all_targets": 45.53456788032891,
              "mae_subtest_index_only": 27.975502522786456,
              "rmse_subtest_index_only": 47.27279052229708,
              "mae_suite_index": 11.728540039062409,
              "rmse_suite_index": 11.728540039062409,
              "spearman_suite": NaN,
              "kendall_tau_suite": NaN,
              "fold": 3,
              "n_val": 1,
              "median_bucket_accuracy_suite": NaN,
              "mean_eval_wall_saved_fraction": 0.71875
            },
            {
              "mae_all_targets": 15.008790001502435,
              "rmse_all_targets": 24.8396216950785,
              "mae_subtest_index_only": 15.583914184570347,
              "rmse_subtest_index_only": 25.747750981537042,
              "mae_suite_index": 8.1072998046875,
              "rmse_suite_index": 8.1072998046875,
              "spearman_suite": NaN,
              "kendall_tau_suite": NaN,
              "fold": 4,
              "n_val": 1,
              "median_bucket_accuracy_suite": NaN,
              "mean_eval_wall_saved_fraction": 0.71875
            }
          ],
          "time_savings": {
            "mean_fraction_wall_time_saved_vs_full_suite": 0.7187148327602376,
            "description": "Eval subset; UnixBench ti.by_test_id parallel key 1 (single-copy)."
          },
          "n_oof": 5
        },
        {
          "suite_key": "unixbench",
          "xi_ablation": "full",
          "benchmark": "unixbench",
          "eval_partial_k": 3,
          "policy": "greedy_slowest",
          "oof_metrics": {
            "mae_all_targets": 19.675029484675488,
            "rmse_all_targets": 33.271754085640445,
            "mae_subtest_index_only": 20.888956502278653,
            "rmse_subtest_index_only": 34.57815683900777,
            "mae_suite_index": 5.107905273437472,
            "rmse_suite_index": 6.583152327196933,
            "spearman_suite": 0.39999999999999997,
            "kendall_tau_suite": 0.4,
            "median_bucket_accuracy_suite": 0.6
          },
          "per_fold_metrics": [
            {
              "mae_all_targets": 21.836280235877396,
              "rmse_all_targets": 36.11610368055775,
              "mae_subtest_index_only": 23.4153330485026,
              "rmse_subtest_index_only": 37.581588780970534,
              "mae_suite_index": 2.8876464843749545,
              "rmse_suite_index": 2.8876464843749545,
              "spearman_suite": NaN,
              "kendall_tau_suite": NaN,
              "fold": 0,
              "n_val": 1,
              "median_bucket_accuracy_suite": NaN,
              "mean_eval_wall_saved_fraction": 0.53125
            },
            {
              "mae_all_targets": 22.91048959585341,
              "rmse_all_targets": 36.00247923189051,
              "mae_subtest_index_only": 24.6405893961589,
              "rmse_subtest_index_only": 37.46743161832633,
              "mae_suite_index": 2.1492919921875,
              "rmse_suite_index": 2.1492919921875,
              "spearman_suite": NaN,
              "kendall_tau_suite": NaN,
              "fold": 1,
              "n_val": 1,
              "median_bucket_accuracy_suite": NaN,
              "mean_eval_wall_saved_fraction": 0.5311034698343232
            },
            {
              "mae_all_targets": 11.893851412259595,
              "rmse_all_targets": 15.623474830083708,
              "mae_subtest_index_only": 12.829443359374977,
              "rmse_subtest_index_only": 16.2602890554549,
              "mae_suite_index": 0.666748046875,
              "rmse_suite_index": 0.666748046875,
              "spearman_suite": NaN,
              "kendall_tau_suite": NaN,
              "fold": 2,
              "n_val": 1,
              "median_bucket_accuracy_suite": NaN,
              "mean_eval_wall_saved_fraction": 0.5311034698343232
            },
            {
              "mae_all_targets": 26.725736177884606,
              "rmse_all_targets": 45.53456788032891,
              "mae_subtest_index_only": 27.975502522786456,
              "rmse_subtest_index_only": 47.27279052229708,
              "mae_suite_index": 11.728540039062409,
              "rmse_suite_index": 11.728540039062409,
              "spearman_suite": NaN,
              "kendall_tau_suite": NaN,
              "fold": 3,
              "n_val": 1,
              "median_bucket_accuracy_suite": NaN,
              "mean_eval_wall_saved_fraction": 0.53125
            },
            {
              "mae_all_targets": 15.008790001502435,
              "rmse_all_targets": 24.8396216950785,
              "mae_subtest_index_only": 15.583914184570347,
              "rmse_subtest_index_only": 25.747750981537042,
              "mae_suite_index": 8.1072998046875,
              "rmse_suite_index": 8.1072998046875,
              "spearman_suite": NaN,
              "kendall_tau_suite": NaN,
              "fold": 4,
              "n_val": 1,
              "median_bucket_accuracy_suite": NaN,
              "mean_eval_wall_saved_fraction": 0.53125
            }
          ],
          "time_savings": {
            "mean_fraction_wall_time_saved_vs_full_suite": 0.5311913879337293,
            "description": "Eval subset; UnixBench ti.by_test_id parallel key 1 (single-copy)."
          },
          "n_oof": 5
        },
        {
          "suite_key": "unixbench",
          "xi_ablation": "full",
          "benchmark": "unixbench",
          "eval_partial_k": 3,
          "policy": "greedy_fastest",
          "oof_metrics": {
            "mae_all_targets": 19.675029484675488,
            "rmse_all_targets": 33.271754085640445,
            "mae_subtest_index_only": 20.888956502278653,
            "rmse_subtest_index_only": 34.57815683900777,
            "mae_suite_index": 5.107905273437472,
            "rmse_suite_index": 6.583152327196933,
            "spearman_suite": 0.39999999999999997,
            "kendall_tau_suite": 0.4,
            "median_bucket_accuracy_suite": 0.6
          },
          "per_fold_metrics": [
            {
              "mae_all_targets": 21.836280235877396,
              "rmse_all_targets": 36.11610368055775,
              "mae_subtest_index_only": 23.4153330485026,
              "rmse_subtest_index_only": 37.581588780970534,
              "mae_suite_index": 2.8876464843749545,
              "rmse_suite_index": 2.8876464843749545,
              "spearman_suite": NaN,
              "kendall_tau_suite": NaN,
              "fold": 0,
              "n_val": 1,
              "median_bucket_accuracy_suite": NaN,
              "mean_eval_wall_saved_fraction": 0.90625
            },
            {
              "mae_all_targets": 22.91048959585341,
              "rmse_all_targets": 36.00247923189051,
              "mae_subtest_index_only": 24.6405893961589,
              "rmse_subtest_index_only": 37.46743161832633,
              "mae_suite_index": 2.1492919921875,
              "rmse_suite_index": 2.1492919921875,
              "spearman_suite": NaN,
              "kendall_tau_suite": NaN,
              "fold": 1,
              "n_val": 1,
              "median_bucket_accuracy_suite": NaN,
              "mean_eval_wall_saved_fraction": 0.9065332916536418
            },
            {
              "mae_all_targets": 11.893851412259595,
              "rmse_all_targets": 15.623474830083708,
              "mae_subtest_index_only": 12.829443359374977,
              "rmse_subtest_index_only": 16.2602890554549,
              "mae_suite_index": 0.666748046875,
              "rmse_suite_index": 0.666748046875,
              "spearman_suite": NaN,
              "kendall_tau_suite": NaN,
              "fold": 2,
              "n_val": 1,
              "median_bucket_accuracy_suite": NaN,
              "mean_eval_wall_saved_fraction": 0.9065332916536418
            },
            {
              "mae_all_targets": 26.725736177884606,
              "rmse_all_targets": 45.53456788032891,
              "mae_subtest_index_only": 27.975502522786456,
              "rmse_subtest_index_only": 47.27279052229708,
              "mae_suite_index": 11.728540039062409,
              "rmse_suite_index": 11.728540039062409,
              "spearman_suite": NaN,
              "kendall_tau_suite": NaN,
              "fold": 3,
              "n_val": 1,
              "median_bucket_accuracy_suite": NaN,
              "mean_eval_wall_saved_fraction": 0.90625
            },
            {
              "mae_all_targets": 15.008790001502435,
              "rmse_all_targets": 24.8396216950785,
              "mae_subtest_index_only": 15.583914184570347,
              "rmse_subtest_index_only": 25.747750981537042,
              "mae_suite_index": 8.1072998046875,
              "rmse_suite_index": 8.1072998046875,
              "spearman_suite": NaN,
              "kendall_tau_suite": NaN,
              "fold": 4,
              "n_val": 1,
              "median_bucket_accuracy_suite": NaN,
              "mean_eval_wall_saved_fraction": 0.90625
            }
          ],
          "time_savings": {
            "mean_fraction_wall_time_saved_vs_full_suite": 0.9063633166614566,
            "description": "Eval subset; UnixBench ti.by_test_id parallel key 1 (single-copy)."
          },
          "n_oof": 5
        },
        {
          "suite_key": "unixbench",
          "xi_ablation": "full",
          "benchmark": "unixbench",
          "eval_partial_k": 3,
          "policy": "router",
          "oof_metrics": {
            "mae_all_targets": 19.675029484675488,
            "rmse_all_targets": 33.271754085640445,
            "mae_subtest_index_only": 20.888956502278653,
            "rmse_subtest_index_only": 34.57815683900777,
            "mae_suite_index": 5.107905273437472,
            "rmse_suite_index": 6.583152327196933,
            "spearman_suite": 0.39999999999999997,
            "kendall_tau_suite": 0.4,
            "median_bucket_accuracy_suite": 0.6
          },
          "per_fold_metrics": [
            {
              "mae_all_targets": 21.836280235877396,
              "rmse_all_targets": 36.11610368055775,
              "mae_subtest_index_only": 23.4153330485026,
              "rmse_subtest_index_only": 37.581588780970534,
              "mae_suite_index": 2.8876464843749545,
              "rmse_suite_index": 2.8876464843749545,
              "spearman_suite": NaN,
              "kendall_tau_suite": NaN,
              "fold": 0,
              "n_val": 1,
              "median_bucket_accuracy_suite": NaN,
              "mean_eval_wall_saved_fraction": 0.84375
            },
            {
              "mae_all_targets": 22.91048959585341,
              "rmse_all_targets": 36.00247923189051,
              "mae_subtest_index_only": 24.6405893961589,
              "rmse_subtest_index_only": 37.46743161832633,
              "mae_suite_index": 2.1492919921875,
              "rmse_suite_index": 2.1492919921875,
              "spearman_suite": NaN,
              "kendall_tau_suite": NaN,
              "fold": 1,
              "n_val": 1,
              "median_bucket_accuracy_suite": NaN,
              "mean_eval_wall_saved_fraction": 0.8440137542982182
            },
            {
              "mae_all_targets": 11.893851412259595,
              "rmse_all_targets": 15.623474830083708,
              "mae_subtest_index_only": 12.829443359374977,
              "rmse_subtest_index_only": 16.2602890554549,
              "mae_suite_index": 0.666748046875,
              "rmse_suite_index": 0.666748046875,
              "spearman_suite": NaN,
              "kendall_tau_suite": NaN,
              "fold": 2,
              "n_val": 1,
              "median_bucket_accuracy_suite": NaN,
              "mean_eval_wall_saved_fraction": 0.8440137542982182
            },
            {
              "mae_all_targets": 26.725736177884606,
              "rmse_all_targets": 45.53456788032891,
              "mae_subtest_index_only": 27.975502522786456,
              "rmse_subtest_index_only": 47.27279052229708,
              "mae_suite_index": 11.728540039062409,
              "rmse_suite_index": 11.728540039062409,
              "spearman_suite": NaN,
              "kendall_tau_suite": NaN,
              "fold": 3,
              "n_val": 1,
              "median_bucket_accuracy_suite": NaN,
              "mean_eval_wall_saved_fraction": 0.84375
            },
            {
              "mae_all_targets": 15.008790001502435,
              "rmse_all_targets": 24.8396216950785,
              "mae_subtest_index_only": 15.583914184570347,
              "rmse_subtest_index_only": 25.747750981537042,
              "mae_suite_index": 8.1072998046875,
              "rmse_suite_index": 8.1072998046875,
              "spearman_suite": NaN,
              "kendall_tau_suite": NaN,
              "fold": 4,
              "n_val": 1,
              "median_bucket_accuracy_suite": NaN,
              "mean_eval_wall_saved_fraction": 0.84375
            }
          ],
          "time_savings": {
            "mean_fraction_wall_time_saved_vs_full_suite": 0.8438555017192872,
            "description": "Eval subset; UnixBench ti.by_test_id parallel key 1 (single-copy)."
          },
          "n_oof": 5
        }
      ]
    }
  ]
}
+ /home/cxc/dev/miniconda3/bin/python3 /home/cxc/MoEBench/scripts/paper_reconstruct_cv_extras.py --dataset-root /home/cxc/MoEBench/dataset --suites unixbench --cv-mode leave_one_session_out --seed 42 --model-type xgboost --log1p-partial-index --train-aug 10 --train-k-max 6 --xi-ablations full --report-json /home/cxc/MoEBench/dataset/paper_supplementary/policy_unixbench_iZbp16krl0yc7euw7sb6slZ.json --auto-install --glob-unixbench iZbp16krl0yc7euw7sb6slZ_[0-9][0-9][0-9][0-9][0-9][0-9][0-9][0-9]T[0-9][0-9][0-9][0-9][0-9][0-9]Z/run-*.json --router-model-unixbench /home/cxc/MoEBench/dataset/experiments/router_recon_grid_unixbench_iZbp16krl0yc7euw7sb6slZ_20260524T141206Z/trained_models/router_lgbm.pkl --eval-partial-k 3 --policies random,fixed_first_k,fixed_cpu_mix,fixed_io_mix,greedy_slowest,greedy_fastest,router
[unixbench] leave_one_session_out needs >= 2 session dirs; got 1. Falling back to random_fold.
Requirement already satisfied: xgboost in /home/cxc/dev/miniconda3/lib/python3.13/site-packages (3.2.0)
Requirement already satisfied: numpy in /home/cxc/dev/miniconda3/lib/python3.13/site-packages (from xgboost) (2.4.4)
Requirement already satisfied: scipy in /home/cxc/dev/miniconda3/lib/python3.13/site-packages (from xgboost) (1.17.1)
Requirement already satisfied: xgboost in /home/cxc/dev/miniconda3/lib/python3.13/site-packages (3.2.0)
Requirement already satisfied: numpy in /home/cxc/dev/miniconda3/lib/python3.13/site-packages (from xgboost) (2.4.4)
Requirement already satisfied: scipy in /home/cxc/dev/miniconda3/lib/python3.13/site-packages (from xgboost) (1.17.1)
Requirement already satisfied: xgboost in /home/cxc/dev/miniconda3/lib/python3.13/site-packages (3.2.0)
Requirement already satisfied: numpy in /home/cxc/dev/miniconda3/lib/python3.13/site-packages (from xgboost) (2.4.4)
Requirement already satisfied: scipy in /home/cxc/dev/miniconda3/lib/python3.13/site-packages (from xgboost) (1.17.1)
Requirement already satisfied: xgboost in /home/cxc/dev/miniconda3/lib/python3.13/site-packages (3.2.0)
Requirement already satisfied: numpy in /home/cxc/dev/miniconda3/lib/python3.13/site-packages (from xgboost) (2.4.4)
Requirement already satisfied: scipy in /home/cxc/dev/miniconda3/lib/python3.13/site-packages (from xgboost) (1.17.1)
Requirement already satisfied: xgboost in /home/cxc/dev/miniconda3/lib/python3.13/site-packages (3.2.0)
Requirement already satisfied: numpy in /home/cxc/dev/miniconda3/lib/python3.13/site-packages (from xgboost) (2.4.4)
Requirement already satisfied: scipy in /home/cxc/dev/miniconda3/lib/python3.13/site-packages (from xgboost) (1.17.1)
Requirement already satisfied: xgboost in /home/cxc/dev/miniconda3/lib/python3.13/site-packages (3.2.0)
Requirement already satisfied: numpy in /home/cxc/dev/miniconda3/lib/python3.13/site-packages (from xgboost) (2.4.4)
Requirement already satisfied: scipy in /home/cxc/dev/miniconda3/lib/python3.13/site-packages (from xgboost) (1.17.1)
Requirement already satisfied: xgboost in /home/cxc/dev/miniconda3/lib/python3.13/site-packages (3.2.0)
Requirement already satisfied: numpy in /home/cxc/dev/miniconda3/lib/python3.13/site-packages (from xgboost) (2.4.4)
Requirement already satisfied: scipy in /home/cxc/dev/miniconda3/lib/python3.13/site-packages (from xgboost) (1.17.1)
Requirement already satisfied: xgboost in /home/cxc/dev/miniconda3/lib/python3.13/site-packages (3.2.0)
Requirement already satisfied: numpy in /home/cxc/dev/miniconda3/lib/python3.13/site-packages (from xgboost) (2.4.4)
Requirement already satisfied: scipy in /home/cxc/dev/miniconda3/lib/python3.13/site-packages (from xgboost) (1.17.1)
Requirement already satisfied: xgboost in /home/cxc/dev/miniconda3/lib/python3.13/site-packages (3.2.0)
Requirement already satisfied: numpy in /home/cxc/dev/miniconda3/lib/python3.13/site-packages (from xgboost) (2.4.4)
Requirement already satisfied: scipy in /home/cxc/dev/miniconda3/lib/python3.13/site-packages (from xgboost) (1.17.1)
Requirement already satisfied: xgboost in /home/cxc/dev/miniconda3/lib/python3.13/site-packages (3.2.0)
Requirement already satisfied: numpy in /home/cxc/dev/miniconda3/lib/python3.13/site-packages (from xgboost) (2.4.4)
Requirement already satisfied: scipy in /home/cxc/dev/miniconda3/lib/python3.13/site-packages (from xgboost) (1.17.1)
Requirement already satisfied: xgboost in /home/cxc/dev/miniconda3/lib/python3.13/site-packages (3.2.0)
Requirement already satisfied: numpy in /home/cxc/dev/miniconda3/lib/python3.13/site-packages (from xgboost) (2.4.4)
Requirement already satisfied: scipy in /home/cxc/dev/miniconda3/lib/python3.13/site-packages (from xgboost) (1.17.1)
Requirement already satisfied: xgboost in /home/cxc/dev/miniconda3/lib/python3.13/site-packages (3.2.0)
Requirement already satisfied: numpy in /home/cxc/dev/miniconda3/lib/python3.13/site-packages (from xgboost) (2.4.4)
Requirement already satisfied: scipy in /home/cxc/dev/miniconda3/lib/python3.13/site-packages (from xgboost) (1.17.1)
Requirement already satisfied: xgboost in /home/cxc/dev/miniconda3/lib/python3.13/site-packages (3.2.0)
Requirement already satisfied: numpy in /home/cxc/dev/miniconda3/lib/python3.13/site-packages (from xgboost) (2.4.4)
Requirement already satisfied: scipy in /home/cxc/dev/miniconda3/lib/python3.13/site-packages (from xgboost) (1.17.1)
Requirement already satisfied: xgboost in /home/cxc/dev/miniconda3/lib/python3.13/site-packages (3.2.0)
Requirement already satisfied: numpy in /home/cxc/dev/miniconda3/lib/python3.13/site-packages (from xgboost) (2.4.4)
Requirement already satisfied: scipy in /home/cxc/dev/miniconda3/lib/python3.13/site-packages (from xgboost) (1.17.1)
Requirement already satisfied: xgboost in /home/cxc/dev/miniconda3/lib/python3.13/site-packages (3.2.0)
Requirement already satisfied: numpy in /home/cxc/dev/miniconda3/lib/python3.13/site-packages (from xgboost) (2.4.4)
Requirement already satisfied: scipy in /home/cxc/dev/miniconda3/lib/python3.13/site-packages (from xgboost) (1.17.1)
Requirement already satisfied: xgboost in /home/cxc/dev/miniconda3/lib/python3.13/site-packages (3.2.0)
Requirement already satisfied: numpy in /home/cxc/dev/miniconda3/lib/python3.13/site-packages (from xgboost) (2.4.4)
Requirement already satisfied: scipy in /home/cxc/dev/miniconda3/lib/python3.13/site-packages (from xgboost) (1.17.1)
Requirement already satisfied: xgboost in /home/cxc/dev/miniconda3/lib/python3.13/site-packages (3.2.0)
Requirement already satisfied: numpy in /home/cxc/dev/miniconda3/lib/python3.13/site-packages (from xgboost) (2.4.4)
Requirement already satisfied: scipy in /home/cxc/dev/miniconda3/lib/python3.13/site-packages (from xgboost) (1.17.1)
Requirement already satisfied: xgboost in /home/cxc/dev/miniconda3/lib/python3.13/site-packages (3.2.0)
Requirement already satisfied: numpy in /home/cxc/dev/miniconda3/lib/python3.13/site-packages (from xgboost) (2.4.4)
Requirement already satisfied: scipy in /home/cxc/dev/miniconda3/lib/python3.13/site-packages (from xgboost) (1.17.1)
Requirement already satisfied: xgboost in /home/cxc/dev/miniconda3/lib/python3.13/site-packages (3.2.0)
Requirement already satisfied: numpy in /home/cxc/dev/miniconda3/lib/python3.13/site-packages (from xgboost) (2.4.4)
Requirement already satisfied: scipy in /home/cxc/dev/miniconda3/lib/python3.13/site-packages (from xgboost) (1.17.1)
Requirement already satisfied: xgboost in /home/cxc/dev/miniconda3/lib/python3.13/site-packages (3.2.0)
Requirement already satisfied: numpy in /home/cxc/dev/miniconda3/lib/python3.13/site-packages (from xgboost) (2.4.4)
Requirement already satisfied: scipy in /home/cxc/dev/miniconda3/lib/python3.13/site-packages (from xgboost) (1.17.1)
Requirement already satisfied: xgboost in /home/cxc/dev/miniconda3/lib/python3.13/site-packages (3.2.0)
Requirement already satisfied: numpy in /home/cxc/dev/miniconda3/lib/python3.13/site-packages (from xgboost) (2.4.4)
Requirement already satisfied: scipy in /home/cxc/dev/miniconda3/lib/python3.13/site-packages (from xgboost) (1.17.1)
Requirement already satisfied: xgboost in /home/cxc/dev/miniconda3/lib/python3.13/site-packages (3.2.0)
Requirement already satisfied: numpy in /home/cxc/dev/miniconda3/lib/python3.13/site-packages (from xgboost) (2.4.4)
Requirement already satisfied: scipy in /home/cxc/dev/miniconda3/lib/python3.13/site-packages (from xgboost) (1.17.1)
Requirement already satisfied: xgboost in /home/cxc/dev/miniconda3/lib/python3.13/site-packages (3.2.0)
Requirement already satisfied: numpy in /home/cxc/dev/miniconda3/lib/python3.13/site-packages (from xgboost) (2.4.4)
Requirement already satisfied: scipy in /home/cxc/dev/miniconda3/lib/python3.13/site-packages (from xgboost) (1.17.1)
Requirement already satisfied: xgboost in /home/cxc/dev/miniconda3/lib/python3.13/site-packages (3.2.0)
Requirement already satisfied: numpy in /home/cxc/dev/miniconda3/lib/python3.13/site-packages (from xgboost) (2.4.4)
Requirement already satisfied: scipy in /home/cxc/dev/miniconda3/lib/python3.13/site-packages (from xgboost) (1.17.1)
Requirement already satisfied: xgboost in /home/cxc/dev/miniconda3/lib/python3.13/site-packages (3.2.0)
Requirement already satisfied: numpy in /home/cxc/dev/miniconda3/lib/python3.13/site-packages (from xgboost) (2.4.4)
Requirement already satisfied: scipy in /home/cxc/dev/miniconda3/lib/python3.13/site-packages (from xgboost) (1.17.1)
Requirement already satisfied: xgboost in /home/cxc/dev/miniconda3/lib/python3.13/site-packages (3.2.0)
Requirement already satisfied: numpy in /home/cxc/dev/miniconda3/lib/python3.13/site-packages (from xgboost) (2.4.4)
Requirement already satisfied: scipy in /home/cxc/dev/miniconda3/lib/python3.13/site-packages (from xgboost) (1.17.1)
Requirement already satisfied: xgboost in /home/cxc/dev/miniconda3/lib/python3.13/site-packages (3.2.0)
Requirement already satisfied: numpy in /home/cxc/dev/miniconda3/lib/python3.13/site-packages (from xgboost) (2.4.4)
Requirement already satisfied: scipy in /home/cxc/dev/miniconda3/lib/python3.13/site-packages (from xgboost) (1.17.1)
Requirement already satisfied: xgboost in /home/cxc/dev/miniconda3/lib/python3.13/site-packages (3.2.0)
Requirement already satisfied: numpy in /home/cxc/dev/miniconda3/lib/python3.13/site-packages (from xgboost) (2.4.4)
Requirement already satisfied: scipy in /home/cxc/dev/miniconda3/lib/python3.13/site-packages (from xgboost) (1.17.1)
Requirement already satisfied: xgboost in /home/cxc/dev/miniconda3/lib/python3.13/site-packages (3.2.0)
Requirement already satisfied: numpy in /home/cxc/dev/miniconda3/lib/python3.13/site-packages (from xgboost) (2.4.4)
Requirement already satisfied: scipy in /home/cxc/dev/miniconda3/lib/python3.13/site-packages (from xgboost) (1.17.1)
Requirement already satisfied: xgboost in /home/cxc/dev/miniconda3/lib/python3.13/site-packages (3.2.0)
Requirement already satisfied: numpy in /home/cxc/dev/miniconda3/lib/python3.13/site-packages (from xgboost) (2.4.4)
Requirement already satisfied: scipy in /home/cxc/dev/miniconda3/lib/python3.13/site-packages (from xgboost) (1.17.1)
/home/cxc/dev/miniconda3/lib/python3.13/site-packages/sklearn/utils/validation.py:2691: UserWarning: X does not have valid feature names, but LGBMRanker was fitted with feature names
  warnings.warn(
Requirement already satisfied: xgboost in /home/cxc/dev/miniconda3/lib/python3.13/site-packages (3.2.0)
Requirement already satisfied: numpy in /home/cxc/dev/miniconda3/lib/python3.13/site-packages (from xgboost) (2.4.4)
Requirement already satisfied: scipy in /home/cxc/dev/miniconda3/lib/python3.13/site-packages (from xgboost) (1.17.1)
/home/cxc/dev/miniconda3/lib/python3.13/site-packages/sklearn/utils/validation.py:2691: UserWarning: X does not have valid feature names, but LGBMRanker was fitted with feature names
  warnings.warn(
Requirement already satisfied: xgboost in /home/cxc/dev/miniconda3/lib/python3.13/site-packages (3.2.0)
Requirement already satisfied: numpy in /home/cxc/dev/miniconda3/lib/python3.13/site-packages (from xgboost) (2.4.4)
Requirement already satisfied: scipy in /home/cxc/dev/miniconda3/lib/python3.13/site-packages (from xgboost) (1.17.1)
/home/cxc/dev/miniconda3/lib/python3.13/site-packages/sklearn/utils/validation.py:2691: UserWarning: X does not have valid feature names, but LGBMRanker was fitted with feature names
  warnings.warn(
Requirement already satisfied: xgboost in /home/cxc/dev/miniconda3/lib/python3.13/site-packages (3.2.0)
Requirement already satisfied: numpy in /home/cxc/dev/miniconda3/lib/python3.13/site-packages (from xgboost) (2.4.4)
Requirement already satisfied: scipy in /home/cxc/dev/miniconda3/lib/python3.13/site-packages (from xgboost) (1.17.1)
/home/cxc/dev/miniconda3/lib/python3.13/site-packages/sklearn/utils/validation.py:2691: UserWarning: X does not have valid feature names, but LGBMRanker was fitted with feature names
  warnings.warn(
Requirement already satisfied: xgboost in /home/cxc/dev/miniconda3/lib/python3.13/site-packages (3.2.0)
Requirement already satisfied: numpy in /home/cxc/dev/miniconda3/lib/python3.13/site-packages (from xgboost) (2.4.4)
Requirement already satisfied: scipy in /home/cxc/dev/miniconda3/lib/python3.13/site-packages (from xgboost) (1.17.1)
/home/cxc/dev/miniconda3/lib/python3.13/site-packages/sklearn/utils/validation.py:2691: UserWarning: X does not have valid feature names, but LGBMRanker was fitted with feature names
  warnings.warn(
Requirement already satisfied: xgboost in /home/cxc/dev/miniconda3/lib/python3.13/site-packages (3.2.0)
Requirement already satisfied: numpy in /home/cxc/dev/miniconda3/lib/python3.13/site-packages (from xgboost) (2.4.4)
Requirement already satisfied: scipy in /home/cxc/dev/miniconda3/lib/python3.13/site-packages (from xgboost) (1.17.1)
{
  "schema": "moebench.paper_reconstruct_cv_extras.v2",
  "dataset_root": "/home/cxc/MoEBench/dataset",
  "suites_requested": [
    "unixbench"
  ],
  "eval_partial_k_list": [
    3
  ],
  "train_k_range_requested": [
    2,
    6
  ],
  "pts_suite_target": "logmean",
  "model_type": "xgboost",
  "policies": [
    "random",
    "fixed_first_k",
    "fixed_cpu_mix",
    "fixed_io_mix",
    "greedy_slowest",
    "greedy_fastest",
    "router"
  ],
  "xi_ablations": [
    "full"
  ],
  "suite_results": [
    {
      "suite_key": "unixbench",
      "pts_suite_filter": null,
      "glob_pattern": "iZbp16krl0yc7euw7sb6slZ_[0-9][0-9][0-9][0-9][0-9][0-9][0-9][0-9]T[0-9][0-9][0-9][0-9][0-9][0-9]Z/run-*.json",
      "cv_mode_effective": "random_fold",
      "folds_effective": 5,
      "sessions": [
        "iZbp16krl0yc7euw7sb6slZ_20260524T103905Z"
      ],
      "n_samples": 5,
      "num_profiles_or_subtests": 12,
      "profile_ids_head": [
        "dhry2reg",
        "whetstone-double",
        "execl",
        "fstime",
        "fsbuffer",
        "fsdisk",
        "pipe",
        "context1"
      ],
      "combinations": [
        {
          "suite_key": "unixbench",
          "xi_ablation": "full",
          "benchmark": "unixbench",
          "eval_partial_k": 3,
          "policy": "random",
          "oof_metrics": {
            "mae_all_targets": 9.653453650841353,
            "rmse_all_targets": 17.266205216079772,
            "mae_subtest_index_only": 10.182944742838545,
            "rmse_subtest_index_only": 17.944932895643507,
            "mae_suite_index": 3.2995605468750453,
            "rmse_suite_index": 3.36697991965558,
            "spearman_suite": -0.09999999999999999,
            "kendall_tau_suite": -0.1111111111111111,
            "median_bucket_accuracy_suite": 0.4
          },
          "per_fold_metrics": [
            {
              "mae_all_targets": 8.892213792067363,
              "rmse_all_targets": 15.32794279553699,
              "mae_subtest_index_only": 9.457177734375051,
              "rmse_subtest_index_only": 15.942167667578865,
              "mae_suite_index": 2.112646484375091,
              "rmse_suite_index": 2.112646484375091,
              "spearman_suite": NaN,
              "kendall_tau_suite": NaN,
              "fold": 0,
              "n_val": 1,
              "median_bucket_accuracy_suite": NaN,
              "mean_eval_wall_saved_fraction": 0.78125
            },
            {
              "mae_all_targets": 9.281140136718774,
              "rmse_all_targets": 16.686084517354452,
              "mae_subtest_index_only": 9.710981241862006,
              "rmse_subtest_index_only": 17.32659540328682,
              "mae_suite_index": 4.123046875,
              "rmse_suite_index": 4.123046875,
              "spearman_suite": NaN,
              "kendall_tau_suite": NaN,
              "fold": 1,
              "n_val": 1,
              "median_bucket_accuracy_suite": NaN,
              "mean_eval_wall_saved_fraction": 0.7810059356451109
            },
            {
              "mae_all_targets": 8.02872596153848,
              "rmse_all_targets": 12.07527578354092,
              "mae_subtest_index_only": 8.389575195312517,
              "rmse_subtest_index_only": 12.522914150765754,
              "mae_suite_index": 3.6985351562500455,
              "rmse_suite_index": 3.6985351562500455,
              "spearman_suite": NaN,
              "kendall_tau_suite": NaN,
              "fold": 2,
              "n_val": 1,
              "median_bucket_accuracy_suite": NaN,
              "mean_eval_wall_saved_fraction": 0.84375
            },
            {
              "mae_all_targets": 13.335855806790855,
              "rmse_all_targets": 25.172128991349048,
              "mae_subtest_index_only": 14.17229715983071,
              "rmse_subtest_index_only": 26.182673211820187,
              "mae_suite_index": 3.298559570312591,
              "rmse_suite_index": 3.298559570312591,
              "spearman_suite": NaN,
              "kendall_tau_suite": NaN,
              "fold": 3,
              "n_val": 1,
              "median_bucket_accuracy_suite": NaN,
              "mean_eval_wall_saved_fraction": 0.6874023132228821
            },
            {
              "mae_all_targets": 8.729332557091293,
              "rmse_all_targets": 14.063769151606078,
              "mae_subtest_index_only": 9.184692382812443,
              "rmse_subtest_index_only": 14.607659278300877,
              "mae_suite_index": 3.2650146484375,
              "rmse_suite_index": 3.2650146484375,
              "spearman_suite": NaN,
              "kendall_tau_suite": NaN,
              "fold": 4,
              "n_val": 1,
              "median_bucket_accuracy_suite": NaN,
              "mean_eval_wall_saved_fraction": 0.6248827758674586
            }
          ],
          "time_savings": {
            "mean_fraction_wall_time_saved_vs_full_suite": 0.7436582049470903,
            "description": "Eval subset; UnixBench ti.by_test_id parallel key 1 (single-copy)."
          },
          "n_oof": 5
        },
        {
          "suite_key": "unixbench",
          "xi_ablation": "full",
          "benchmark": "unixbench",
          "eval_partial_k": 3,
          "policy": "fixed_first_k",
          "oof_metrics": {
            "mae_all_targets": 9.653359750600968,
            "rmse_all_targets": 17.266130129184663,
            "mae_subtest_index_only": 10.18284301757813,
            "rmse_subtest_index_only": 17.944854628169963,
            "mae_suite_index": 3.2995605468750453,
            "rmse_suite_index": 3.36697991965558,
            "spearman_suite": -0.09999999999999999,
            "kendall_tau_suite": -0.1111111111111111,
            "median_bucket_accuracy_suite": 0.4
          },
          "per_fold_metrics": [
            {
              "mae_all_targets": 8.892213792067363,
              "rmse_all_targets": 15.32794279553699,
              "mae_subtest_index_only": 9.457177734375051,
              "rmse_subtest_index_only": 15.942167667578865,
              "mae_suite_index": 2.112646484375091,
              "rmse_suite_index": 2.112646484375091,
              "spearman_suite": NaN,
              "kendall_tau_suite": NaN,
              "fold": 0,
              "n_val": 1,
              "median_bucket_accuracy_suite": NaN,
              "mean_eval_wall_saved_fraction": 0.84375
            },
            {
              "mae_all_targets": 9.281140136718774,
              "rmse_all_targets": 16.686084517354452,
              "mae_subtest_index_only": 9.710981241862006,
              "rmse_subtest_index_only": 17.32659540328682,
              "mae_suite_index": 4.123046875,
              "rmse_suite_index": 4.123046875,
              "spearman_suite": NaN,
              "kendall_tau_suite": NaN,
              "fold": 1,
              "n_val": 1,
              "median_bucket_accuracy_suite": NaN,
              "mean_eval_wall_saved_fraction": 0.8434864104967197
            },
            {
              "mae_all_targets": 8.02872596153848,
              "rmse_all_targets": 12.07527578354092,
              "mae_subtest_index_only": 8.389575195312517,
              "rmse_subtest_index_only": 12.522914150765754,
              "mae_suite_index": 3.6985351562500455,
              "rmse_suite_index": 3.6985351562500455,
              "spearman_suite": NaN,
              "kendall_tau_suite": NaN,
              "fold": 2,
              "n_val": 1,
              "median_bucket_accuracy_suite": NaN,
              "mean_eval_wall_saved_fraction": 0.84375
            },
            {
              "mae_all_targets": 13.335386305588932,
              "rmse_all_targets": 25.171871470510595,
              "mae_subtest_index_only": 14.171788533528627,
              "rmse_subtest_index_only": 26.182404998433377,
              "mae_suite_index": 3.298559570312591,
              "rmse_suite_index": 3.298559570312591,
              "spearman_suite": NaN,
              "kendall_tau_suite": NaN,
              "fold": 3,
              "n_val": 1,
              "median_bucket_accuracy_suite": NaN,
              "mean_eval_wall_saved_fraction": 0.8440137542982182
            },
            {
              "mae_all_targets": 8.729332557091293,
              "rmse_all_targets": 14.063769151606078,
              "mae_subtest_index_only": 9.184692382812443,
              "rmse_subtest_index_only": 14.607659278300877,
              "mae_suite_index": 3.2650146484375,
              "rmse_suite_index": 3.2650146484375,
              "spearman_suite": NaN,
              "kendall_tau_suite": NaN,
              "fold": 4,
              "n_val": 1,
              "median_bucket_accuracy_suite": NaN,
              "mean_eval_wall_saved_fraction": 0.8440137542982182
            }
          ],
          "time_savings": {
            "mean_fraction_wall_time_saved_vs_full_suite": 0.8438027838186312,
            "description": "Eval subset; UnixBench ti.by_test_id parallel key 1 (single-copy)."
          },
          "n_oof": 5
        },
        {
          "suite_key": "unixbench",
          "xi_ablation": "full",
          "benchmark": "unixbench",
          "eval_partial_k": 3,
          "policy": "fixed_cpu_mix",
          "oof_metrics": {
            "mae_all_targets": 9.653359750600968,
            "rmse_all_targets": 17.266130129184663,
            "mae_subtest_index_only": 10.18284301757813,
            "rmse_subtest_index_only": 17.944854628169963,
            "mae_suite_index": 3.2995605468750453,
            "rmse_suite_index": 3.36697991965558,
            "spearman_suite": -0.09999999999999999,
            "kendall_tau_suite": -0.1111111111111111,
            "median_bucket_accuracy_suite": 0.4
          },
          "per_fold_metrics": [
            {
              "mae_all_targets": 8.892213792067363,
              "rmse_all_targets": 15.32794279553699,
              "mae_subtest_index_only": 9.457177734375051,
              "rmse_subtest_index_only": 15.942167667578865,
              "mae_suite_index": 2.112646484375091,
              "rmse_suite_index": 2.112646484375091,
              "spearman_suite": NaN,
              "kendall_tau_suite": NaN,
              "fold": 0,
              "n_val": 1,
              "median_bucket_accuracy_suite": NaN,
              "mean_eval_wall_saved_fraction": 0.90625
            },
            {
              "mae_all_targets": 9.281140136718774,
              "rmse_all_targets": 16.686084517354452,
              "mae_subtest_index_only": 9.710981241862006,
              "rmse_subtest_index_only": 17.32659540328682,
              "mae_suite_index": 4.123046875,
              "rmse_suite_index": 4.123046875,
              "spearman_suite": NaN,
              "kendall_tau_suite": NaN,
              "fold": 1,
              "n_val": 1,
              "median_bucket_accuracy_suite": NaN,
              "mean_eval_wall_saved_fraction": 0.9059668853483286
            },
            {
              "mae_all_targets": 8.02872596153848,
              "rmse_all_targets": 12.07527578354092,
              "mae_subtest_index_only": 8.389575195312517,
              "rmse_subtest_index_only": 12.522914150765754,
              "mae_suite_index": 3.6985351562500455,
              "rmse_suite_index": 3.6985351562500455,
              "spearman_suite": NaN,
              "kendall_tau_suite": NaN,
              "fold": 2,
              "n_val": 1,
              "median_bucket_accuracy_suite": NaN,
              "mean_eval_wall_saved_fraction": 0.90625
            },
            {
              "mae_all_targets": 13.335386305588932,
              "rmse_all_targets": 25.171871470510595,
              "mae_subtest_index_only": 14.171788533528627,
              "rmse_subtest_index_only": 26.182404998433377,
              "mae_suite_index": 3.298559570312591,
              "rmse_suite_index": 3.298559570312591,
              "spearman_suite": NaN,
              "kendall_tau_suite": NaN,
              "fold": 3,
              "n_val": 1,
              "median_bucket_accuracy_suite": NaN,
              "mean_eval_wall_saved_fraction": 0.9065332916536418
            },
            {
              "mae_all_targets": 8.729332557091293,
              "rmse_all_targets": 14.063769151606078,
              "mae_subtest_index_only": 9.184692382812443,
              "rmse_subtest_index_only": 14.607659278300877,
              "mae_suite_index": 3.2650146484375,
              "rmse_suite_index": 3.2650146484375,
              "spearman_suite": NaN,
              "kendall_tau_suite": NaN,
              "fold": 4,
              "n_val": 1,
              "median_bucket_accuracy_suite": NaN,
              "mean_eval_wall_saved_fraction": 0.9065332916536418
            }
          ],
          "time_savings": {
            "mean_fraction_wall_time_saved_vs_full_suite": 0.9063066937311225,
            "description": "Eval subset; UnixBench ti.by_test_id parallel key 1 (single-copy)."
          },
          "n_oof": 5
        },
        {
          "suite_key": "unixbench",
          "xi_ablation": "full",
          "benchmark": "unixbench",
          "eval_partial_k": 3,
          "policy": "fixed_io_mix",
          "oof_metrics": {
            "mae_all_targets": 9.653459284855776,
            "rmse_all_targets": 17.26620972233864,
            "mae_subtest_index_only": 10.18295084635417,
            "rmse_subtest_index_only": 17.94493759278132,
            "mae_suite_index": 3.2995605468750453,
            "rmse_suite_index": 3.36697991965558,
            "spearman_suite": -0.09999999999999999,
            "kendall_tau_suite": -0.1111111111111111,
            "median_bucket_accuracy_suite": 0.4
          },
          "per_fold_metrics": [
            {
              "mae_all_targets": 8.892213792067363,
              "rmse_all_targets": 15.32794279553699,
              "mae_subtest_index_only": 9.457177734375051,
              "rmse_subtest_index_only": 15.942167667578865,
              "mae_suite_index": 2.112646484375091,
              "rmse_suite_index": 2.112646484375091,
              "spearman_suite": NaN,
              "kendall_tau_suite": NaN,
              "fold": 0,
              "n_val": 1,
              "median_bucket_accuracy_suite": NaN,
              "mean_eval_wall_saved_fraction": 0.71875
            },
            {
              "mae_all_targets": 9.281140136718774,
              "rmse_all_targets": 16.686084517354452,
              "mae_subtest_index_only": 9.710981241862006,
              "rmse_subtest_index_only": 17.32659540328682,
              "mae_suite_index": 4.123046875,
              "rmse_suite_index": 4.123046875,
              "spearman_suite": NaN,
              "kendall_tau_suite": NaN,
              "fold": 1,
              "n_val": 1,
              "median_bucket_accuracy_suite": NaN,
              "mean_eval_wall_saved_fraction": 0.7188378631677601
            },
            {
              "mae_all_targets": 8.02872596153848,
              "rmse_all_targets": 12.07527578354092,
              "mae_subtest_index_only": 8.389575195312517,
              "rmse_subtest_index_only": 12.522914150765754,
              "mae_suite_index": 3.6985351562500455,
              "rmse_suite_index": 3.6985351562500455,
              "spearman_suite": NaN,
              "kendall_tau_suite": NaN,
              "fold": 2,
              "n_val": 1,
              "median_bucket_accuracy_suite": NaN,
              "mean_eval_wall_saved_fraction": 0.71875
            },
            {
              "mae_all_targets": 13.33588397686297,
              "rmse_all_targets": 25.172144446135704,
              "mae_subtest_index_only": 14.172327677408836,
              "rmse_subtest_index_only": 26.18268930830646,
              "mae_suite_index": 3.298559570312591,
              "rmse_suite_index": 3.298559570312591,
              "spearman_suite": NaN,
              "kendall_tau_suite": NaN,
              "fold": 3,
              "n_val": 1,
              "median_bucket_accuracy_suite": NaN,
              "mean_eval_wall_saved_fraction": 0.7186620819005939
            },
            {
              "mae_all_targets": 8.729332557091293,
              "rmse_all_targets": 14.063769151606078,
              "mae_subtest_index_only": 9.184692382812443,
              "rmse_subtest_index_only": 14.607659278300877,
              "mae_suite_index": 3.2650146484375,
              "rmse_suite_index": 3.2650146484375,
              "spearman_suite": NaN,
              "kendall_tau_suite": NaN,
              "fold": 4,
              "n_val": 1,
              "median_bucket_accuracy_suite": NaN,
              "mean_eval_wall_saved_fraction": 0.7186620819005939
            }
          ],
          "time_savings": {
            "mean_fraction_wall_time_saved_vs_full_suite": 0.7187324053937896,
            "description": "Eval subset; UnixBench ti.by_test_id parallel key 1 (single-copy)."
          },
          "n_oof": 5
        },
        {
          "suite_key": "unixbench",
          "xi_ablation": "full",
          "benchmark": "unixbench",
          "eval_partial_k": 3,
          "policy": "greedy_slowest",
          "oof_metrics": {
            "mae_all_targets": 9.653453650841353,
            "rmse_all_targets": 17.266205216079772,
            "mae_subtest_index_only": 10.182944742838545,
            "rmse_subtest_index_only": 17.944932895643507,
            "mae_suite_index": 3.2995605468750453,
            "rmse_suite_index": 3.36697991965558,
            "spearman_suite": -0.09999999999999999,
            "kendall_tau_suite": -0.1111111111111111,
            "median_bucket_accuracy_suite": 0.4
          },
          "per_fold_metrics": [
            {
              "mae_all_targets": 8.892213792067363,
              "rmse_all_targets": 15.32794279553699,
              "mae_subtest_index_only": 9.457177734375051,
              "rmse_subtest_index_only": 15.942167667578865,
              "mae_suite_index": 2.112646484375091,
              "rmse_suite_index": 2.112646484375091,
              "spearman_suite": NaN,
              "kendall_tau_suite": NaN,
              "fold": 0,
              "n_val": 1,
              "median_bucket_accuracy_suite": NaN,
              "mean_eval_wall_saved_fraction": 0.53125
            },
            {
              "mae_all_targets": 9.281140136718774,
              "rmse_all_targets": 16.686084517354452,
              "mae_subtest_index_only": 9.710981241862006,
              "rmse_subtest_index_only": 17.32659540328682,
              "mae_suite_index": 4.123046875,
              "rmse_suite_index": 4.123046875,
              "spearman_suite": NaN,
              "kendall_tau_suite": NaN,
              "fold": 1,
              "n_val": 1,
              "median_bucket_accuracy_suite": NaN,
              "mean_eval_wall_saved_fraction": 0.5313964386129335
            },
            {
              "mae_all_targets": 8.02872596153848,
              "rmse_all_targets": 12.07527578354092,
              "mae_subtest_index_only": 8.389575195312517,
              "rmse_subtest_index_only": 12.522914150765754,
              "mae_suite_index": 3.6985351562500455,
              "rmse_suite_index": 3.6985351562500455,
              "spearman_suite": NaN,
              "kendall_tau_suite": NaN,
              "fold": 2,
              "n_val": 1,
              "median_bucket_accuracy_suite": NaN,
              "mean_eval_wall_saved_fraction": 0.53125
            },
            {
              "mae_all_targets": 13.335855806790855,
              "rmse_all_targets": 25.172128991349048,
              "mae_subtest_index_only": 14.17229715983071,
              "rmse_subtest_index_only": 26.182673211820187,
              "mae_suite_index": 3.298559570312591,
              "rmse_suite_index": 3.298559570312591,
              "spearman_suite": NaN,
              "kendall_tau_suite": NaN,
              "fold": 3,
              "n_val": 1,
              "median_bucket_accuracy_suite": NaN,
              "mean_eval_wall_saved_fraction": 0.5311034698343232
            },
            {
              "mae_all_targets": 8.729332557091293,
              "rmse_all_targets": 14.063769151606078,
              "mae_subtest_index_only": 9.184692382812443,
              "rmse_subtest_index_only": 14.607659278300877,
              "mae_suite_index": 3.2650146484375,
              "rmse_suite_index": 3.2650146484375,
              "spearman_suite": NaN,
              "kendall_tau_suite": NaN,
              "fold": 4,
              "n_val": 1,
              "median_bucket_accuracy_suite": NaN,
              "mean_eval_wall_saved_fraction": 0.5311034698343232
            }
          ],
          "time_savings": {
            "mean_fraction_wall_time_saved_vs_full_suite": 0.531220675656316,
            "description": "Eval subset; UnixBench ti.by_test_id parallel key 1 (single-copy)."
          },
          "n_oof": 5
        },
        {
          "suite_key": "unixbench",
          "xi_ablation": "full",
          "benchmark": "unixbench",
          "eval_partial_k": 3,
          "policy": "greedy_fastest",
          "oof_metrics": {
            "mae_all_targets": 9.653359750600968,
            "rmse_all_targets": 17.266130129184663,
            "mae_subtest_index_only": 10.18284301757813,
            "rmse_subtest_index_only": 17.944854628169963,
            "mae_suite_index": 3.2995605468750453,
            "rmse_suite_index": 3.36697991965558,
            "spearman_suite": -0.09999999999999999,
            "kendall_tau_suite": -0.1111111111111111,
            "median_bucket_accuracy_suite": 0.4
          },
          "per_fold_metrics": [
            {
              "mae_all_targets": 8.892213792067363,
              "rmse_all_targets": 15.32794279553699,
              "mae_subtest_index_only": 9.457177734375051,
              "rmse_subtest_index_only": 15.942167667578865,
              "mae_suite_index": 2.112646484375091,
              "rmse_suite_index": 2.112646484375091,
              "spearman_suite": NaN,
              "kendall_tau_suite": NaN,
              "fold": 0,
              "n_val": 1,
              "median_bucket_accuracy_suite": NaN,
              "mean_eval_wall_saved_fraction": 0.90625
            },
            {
              "mae_all_targets": 9.281140136718774,
              "rmse_all_targets": 16.686084517354452,
              "mae_subtest_index_only": 9.710981241862006,
              "rmse_subtest_index_only": 17.32659540328682,
              "mae_suite_index": 4.123046875,
              "rmse_suite_index": 4.123046875,
              "spearman_suite": NaN,
              "kendall_tau_suite": NaN,
              "fold": 1,
              "n_val": 1,
              "median_bucket_accuracy_suite": NaN,
              "mean_eval_wall_saved_fraction": 0.9062792877225867
            },
            {
              "mae_all_targets": 8.02872596153848,
              "rmse_all_targets": 12.07527578354092,
              "mae_subtest_index_only": 8.389575195312517,
              "rmse_subtest_index_only": 12.522914150765754,
              "mae_suite_index": 3.6985351562500455,
              "rmse_suite_index": 3.6985351562500455,
              "spearman_suite": NaN,
              "kendall_tau_suite": NaN,
              "fold": 2,
              "n_val": 1,
              "median_bucket_accuracy_suite": NaN,
              "mean_eval_wall_saved_fraction": 0.90625
            },
            {
              "mae_all_targets": 13.335386305588932,
              "rmse_all_targets": 25.171871470510595,
              "mae_subtest_index_only": 14.171788533528627,
              "rmse_subtest_index_only": 26.182404998433377,
              "mae_suite_index": 3.298559570312591,
              "rmse_suite_index": 3.298559570312591,
              "spearman_suite": NaN,
              "kendall_tau_suite": NaN,
              "fold": 3,
              "n_val": 1,
              "median_bucket_accuracy_suite": NaN,
              "mean_eval_wall_saved_fraction": 0.9065332916536418
            },
            {
              "mae_all_targets": 8.729332557091293,
              "rmse_all_targets": 14.063769151606078,
              "mae_subtest_index_only": 9.184692382812443,
              "rmse_subtest_index_only": 14.607659278300877,
              "mae_suite_index": 3.2650146484375,
              "rmse_suite_index": 3.2650146484375,
              "spearman_suite": NaN,
              "kendall_tau_suite": NaN,
              "fold": 4,
              "n_val": 1,
              "median_bucket_accuracy_suite": NaN,
              "mean_eval_wall_saved_fraction": 0.9065332916536418
            }
          ],
          "time_savings": {
            "mean_fraction_wall_time_saved_vs_full_suite": 0.9063691742059741,
            "description": "Eval subset; UnixBench ti.by_test_id parallel key 1 (single-copy)."
          },
          "n_oof": 5
        },
        {
          "suite_key": "unixbench",
          "xi_ablation": "full",
          "benchmark": "unixbench",
          "eval_partial_k": 3,
          "policy": "router",
          "oof_metrics": {
            "mae_all_targets": 9.653359750600968,
            "rmse_all_targets": 17.266130129184663,
            "mae_subtest_index_only": 10.18284301757813,
            "rmse_subtest_index_only": 17.944854628169963,
            "mae_suite_index": 3.2995605468750453,
            "rmse_suite_index": 3.36697991965558,
            "spearman_suite": -0.09999999999999999,
            "kendall_tau_suite": -0.1111111111111111,
            "median_bucket_accuracy_suite": 0.4
          },
          "per_fold_metrics": [
            {
              "mae_all_targets": 8.892213792067363,
              "rmse_all_targets": 15.32794279553699,
              "mae_subtest_index_only": 9.457177734375051,
              "rmse_subtest_index_only": 15.942167667578865,
              "mae_suite_index": 2.112646484375091,
              "rmse_suite_index": 2.112646484375091,
              "spearman_suite": NaN,
              "kendall_tau_suite": NaN,
              "fold": 0,
              "n_val": 1,
              "median_bucket_accuracy_suite": NaN,
              "mean_eval_wall_saved_fraction": 0.84375
            },
            {
              "mae_all_targets": 9.281140136718774,
              "rmse_all_targets": 16.686084517354452,
              "mae_subtest_index_only": 9.710981241862006,
              "rmse_subtest_index_only": 17.32659540328682,
              "mae_suite_index": 4.123046875,
              "rmse_suite_index": 4.123046875,
              "spearman_suite": NaN,
              "kendall_tau_suite": NaN,
              "fold": 1,
              "n_val": 1,
              "median_bucket_accuracy_suite": NaN,
              "mean_eval_wall_saved_fraction": 0.8434864104967197
            },
            {
              "mae_all_targets": 8.02872596153848,
              "rmse_all_targets": 12.07527578354092,
              "mae_subtest_index_only": 8.389575195312517,
              "rmse_subtest_index_only": 12.522914150765754,
              "mae_suite_index": 3.6985351562500455,
              "rmse_suite_index": 3.6985351562500455,
              "spearman_suite": NaN,
              "kendall_tau_suite": NaN,
              "fold": 2,
              "n_val": 1,
              "median_bucket_accuracy_suite": NaN,
              "mean_eval_wall_saved_fraction": 0.84375
            },
            {
              "mae_all_targets": 13.335386305588932,
              "rmse_all_targets": 25.171871470510595,
              "mae_subtest_index_only": 14.171788533528627,
              "rmse_subtest_index_only": 26.182404998433377,
              "mae_suite_index": 3.298559570312591,
              "rmse_suite_index": 3.298559570312591,
              "spearman_suite": NaN,
              "kendall_tau_suite": NaN,
              "fold": 3,
              "n_val": 1,
              "median_bucket_accuracy_suite": NaN,
              "mean_eval_wall_saved_fraction": 0.8440137542982182
            },
            {
              "mae_all_targets": 8.729332557091293,
              "rmse_all_targets": 14.063769151606078,
              "mae_subtest_index_only": 9.184692382812443,
              "rmse_subtest_index_only": 14.607659278300877,
              "mae_suite_index": 3.2650146484375,
              "rmse_suite_index": 3.2650146484375,
              "spearman_suite": NaN,
              "kendall_tau_suite": NaN,
              "fold": 4,
              "n_val": 1,
              "median_bucket_accuracy_suite": NaN,
              "mean_eval_wall_saved_fraction": 0.8440137542982182
            }
          ],
          "time_savings": {
            "mean_fraction_wall_time_saved_vs_full_suite": 0.8438027838186312,
            "description": "Eval subset; UnixBench ti.by_test_id parallel key 1 (single-copy)."
          },
          "n_oof": 5
        }
      ]
    }
  ]
}
+ /home/cxc/dev/miniconda3/bin/python3 /home/cxc/MoEBench/scripts/paper_reconstruct_cv_extras.py --dataset-root /home/cxc/MoEBench/dataset --suites unixbench --cv-mode leave_one_session_out --seed 42 --model-type xgboost --log1p-partial-index --train-aug 10 --train-k-max 6 --xi-ablations full --report-json /home/cxc/MoEBench/dataset/paper_supplementary/policy_unixbench_iZbp1acaw5wdllhz47922rZ.json --auto-install --glob-unixbench iZbp1acaw5wdllhz47922rZ_[0-9][0-9][0-9][0-9][0-9][0-9][0-9][0-9]T[0-9][0-9][0-9][0-9][0-9][0-9]Z/run-*.json --router-model-unixbench /home/cxc/MoEBench/dataset/experiments/router_recon_grid_unixbench_iZbp1acaw5wdllhz47922rZ_20260524T141404Z/trained_models/router_lgbm.pkl --eval-partial-k 3 --policies random,fixed_first_k,fixed_cpu_mix,fixed_io_mix,greedy_slowest,greedy_fastest,router
[unixbench] leave_one_session_out needs >= 2 session dirs; got 1. Falling back to random_fold.
Requirement already satisfied: xgboost in /home/cxc/dev/miniconda3/lib/python3.13/site-packages (3.2.0)
Requirement already satisfied: numpy in /home/cxc/dev/miniconda3/lib/python3.13/site-packages (from xgboost) (2.4.4)
Requirement already satisfied: scipy in /home/cxc/dev/miniconda3/lib/python3.13/site-packages (from xgboost) (1.17.1)
Requirement already satisfied: xgboost in /home/cxc/dev/miniconda3/lib/python3.13/site-packages (3.2.0)
Requirement already satisfied: numpy in /home/cxc/dev/miniconda3/lib/python3.13/site-packages (from xgboost) (2.4.4)
Requirement already satisfied: scipy in /home/cxc/dev/miniconda3/lib/python3.13/site-packages (from xgboost) (1.17.1)
Requirement already satisfied: xgboost in /home/cxc/dev/miniconda3/lib/python3.13/site-packages (3.2.0)
Requirement already satisfied: numpy in /home/cxc/dev/miniconda3/lib/python3.13/site-packages (from xgboost) (2.4.4)
Requirement already satisfied: scipy in /home/cxc/dev/miniconda3/lib/python3.13/site-packages (from xgboost) (1.17.1)
Requirement already satisfied: xgboost in /home/cxc/dev/miniconda3/lib/python3.13/site-packages (3.2.0)
Requirement already satisfied: numpy in /home/cxc/dev/miniconda3/lib/python3.13/site-packages (from xgboost) (2.4.4)
Requirement already satisfied: scipy in /home/cxc/dev/miniconda3/lib/python3.13/site-packages (from xgboost) (1.17.1)
Requirement already satisfied: xgboost in /home/cxc/dev/miniconda3/lib/python3.13/site-packages (3.2.0)
Requirement already satisfied: numpy in /home/cxc/dev/miniconda3/lib/python3.13/site-packages (from xgboost) (2.4.4)
Requirement already satisfied: scipy in /home/cxc/dev/miniconda3/lib/python3.13/site-packages (from xgboost) (1.17.1)
Requirement already satisfied: xgboost in /home/cxc/dev/miniconda3/lib/python3.13/site-packages (3.2.0)
Requirement already satisfied: numpy in /home/cxc/dev/miniconda3/lib/python3.13/site-packages (from xgboost) (2.4.4)
Requirement already satisfied: scipy in /home/cxc/dev/miniconda3/lib/python3.13/site-packages (from xgboost) (1.17.1)
Requirement already satisfied: xgboost in /home/cxc/dev/miniconda3/lib/python3.13/site-packages (3.2.0)
Requirement already satisfied: numpy in /home/cxc/dev/miniconda3/lib/python3.13/site-packages (from xgboost) (2.4.4)
Requirement already satisfied: scipy in /home/cxc/dev/miniconda3/lib/python3.13/site-packages (from xgboost) (1.17.1)
Requirement already satisfied: xgboost in /home/cxc/dev/miniconda3/lib/python3.13/site-packages (3.2.0)
Requirement already satisfied: numpy in /home/cxc/dev/miniconda3/lib/python3.13/site-packages (from xgboost) (2.4.4)
Requirement already satisfied: scipy in /home/cxc/dev/miniconda3/lib/python3.13/site-packages (from xgboost) (1.17.1)
Requirement already satisfied: xgboost in /home/cxc/dev/miniconda3/lib/python3.13/site-packages (3.2.0)
Requirement already satisfied: numpy in /home/cxc/dev/miniconda3/lib/python3.13/site-packages (from xgboost) (2.4.4)
Requirement already satisfied: scipy in /home/cxc/dev/miniconda3/lib/python3.13/site-packages (from xgboost) (1.17.1)
Requirement already satisfied: xgboost in /home/cxc/dev/miniconda3/lib/python3.13/site-packages (3.2.0)
Requirement already satisfied: numpy in /home/cxc/dev/miniconda3/lib/python3.13/site-packages (from xgboost) (2.4.4)
Requirement already satisfied: scipy in /home/cxc/dev/miniconda3/lib/python3.13/site-packages (from xgboost) (1.17.1)
Requirement already satisfied: xgboost in /home/cxc/dev/miniconda3/lib/python3.13/site-packages (3.2.0)
Requirement already satisfied: numpy in /home/cxc/dev/miniconda3/lib/python3.13/site-packages (from xgboost) (2.4.4)
Requirement already satisfied: scipy in /home/cxc/dev/miniconda3/lib/python3.13/site-packages (from xgboost) (1.17.1)
Requirement already satisfied: xgboost in /home/cxc/dev/miniconda3/lib/python3.13/site-packages (3.2.0)
Requirement already satisfied: numpy in /home/cxc/dev/miniconda3/lib/python3.13/site-packages (from xgboost) (2.4.4)
Requirement already satisfied: scipy in /home/cxc/dev/miniconda3/lib/python3.13/site-packages (from xgboost) (1.17.1)
Requirement already satisfied: xgboost in /home/cxc/dev/miniconda3/lib/python3.13/site-packages (3.2.0)
Requirement already satisfied: numpy in /home/cxc/dev/miniconda3/lib/python3.13/site-packages (from xgboost) (2.4.4)
Requirement already satisfied: scipy in /home/cxc/dev/miniconda3/lib/python3.13/site-packages (from xgboost) (1.17.1)
Requirement already satisfied: xgboost in /home/cxc/dev/miniconda3/lib/python3.13/site-packages (3.2.0)
Requirement already satisfied: numpy in /home/cxc/dev/miniconda3/lib/python3.13/site-packages (from xgboost) (2.4.4)
Requirement already satisfied: scipy in /home/cxc/dev/miniconda3/lib/python3.13/site-packages (from xgboost) (1.17.1)
Requirement already satisfied: xgboost in /home/cxc/dev/miniconda3/lib/python3.13/site-packages (3.2.0)
Requirement already satisfied: numpy in /home/cxc/dev/miniconda3/lib/python3.13/site-packages (from xgboost) (2.4.4)
Requirement already satisfied: scipy in /home/cxc/dev/miniconda3/lib/python3.13/site-packages (from xgboost) (1.17.1)
Requirement already satisfied: xgboost in /home/cxc/dev/miniconda3/lib/python3.13/site-packages (3.2.0)
Requirement already satisfied: numpy in /home/cxc/dev/miniconda3/lib/python3.13/site-packages (from xgboost) (2.4.4)
Requirement already satisfied: scipy in /home/cxc/dev/miniconda3/lib/python3.13/site-packages (from xgboost) (1.17.1)
Requirement already satisfied: xgboost in /home/cxc/dev/miniconda3/lib/python3.13/site-packages (3.2.0)
Requirement already satisfied: numpy in /home/cxc/dev/miniconda3/lib/python3.13/site-packages (from xgboost) (2.4.4)
Requirement already satisfied: scipy in /home/cxc/dev/miniconda3/lib/python3.13/site-packages (from xgboost) (1.17.1)
Requirement already satisfied: xgboost in /home/cxc/dev/miniconda3/lib/python3.13/site-packages (3.2.0)
Requirement already satisfied: numpy in /home/cxc/dev/miniconda3/lib/python3.13/site-packages (from xgboost) (2.4.4)
Requirement already satisfied: scipy in /home/cxc/dev/miniconda3/lib/python3.13/site-packages (from xgboost) (1.17.1)
Requirement already satisfied: xgboost in /home/cxc/dev/miniconda3/lib/python3.13/site-packages (3.2.0)
Requirement already satisfied: numpy in /home/cxc/dev/miniconda3/lib/python3.13/site-packages (from xgboost) (2.4.4)
Requirement already satisfied: scipy in /home/cxc/dev/miniconda3/lib/python3.13/site-packages (from xgboost) (1.17.1)
Requirement already satisfied: xgboost in /home/cxc/dev/miniconda3/lib/python3.13/site-packages (3.2.0)
Requirement already satisfied: numpy in /home/cxc/dev/miniconda3/lib/python3.13/site-packages (from xgboost) (2.4.4)
Requirement already satisfied: scipy in /home/cxc/dev/miniconda3/lib/python3.13/site-packages (from xgboost) (1.17.1)
Requirement already satisfied: xgboost in /home/cxc/dev/miniconda3/lib/python3.13/site-packages (3.2.0)
Requirement already satisfied: numpy in /home/cxc/dev/miniconda3/lib/python3.13/site-packages (from xgboost) (2.4.4)
Requirement already satisfied: scipy in /home/cxc/dev/miniconda3/lib/python3.13/site-packages (from xgboost) (1.17.1)
Requirement already satisfied: xgboost in /home/cxc/dev/miniconda3/lib/python3.13/site-packages (3.2.0)
Requirement already satisfied: numpy in /home/cxc/dev/miniconda3/lib/python3.13/site-packages (from xgboost) (2.4.4)
Requirement already satisfied: scipy in /home/cxc/dev/miniconda3/lib/python3.13/site-packages (from xgboost) (1.17.1)
Requirement already satisfied: xgboost in /home/cxc/dev/miniconda3/lib/python3.13/site-packages (3.2.0)
Requirement already satisfied: numpy in /home/cxc/dev/miniconda3/lib/python3.13/site-packages (from xgboost) (2.4.4)
Requirement already satisfied: scipy in /home/cxc/dev/miniconda3/lib/python3.13/site-packages (from xgboost) (1.17.1)
Requirement already satisfied: xgboost in /home/cxc/dev/miniconda3/lib/python3.13/site-packages (3.2.0)
Requirement already satisfied: numpy in /home/cxc/dev/miniconda3/lib/python3.13/site-packages (from xgboost) (2.4.4)
Requirement already satisfied: scipy in /home/cxc/dev/miniconda3/lib/python3.13/site-packages (from xgboost) (1.17.1)
Requirement already satisfied: xgboost in /home/cxc/dev/miniconda3/lib/python3.13/site-packages (3.2.0)
Requirement already satisfied: numpy in /home/cxc/dev/miniconda3/lib/python3.13/site-packages (from xgboost) (2.4.4)
Requirement already satisfied: scipy in /home/cxc/dev/miniconda3/lib/python3.13/site-packages (from xgboost) (1.17.1)
Requirement already satisfied: xgboost in /home/cxc/dev/miniconda3/lib/python3.13/site-packages (3.2.0)
Requirement already satisfied: numpy in /home/cxc/dev/miniconda3/lib/python3.13/site-packages (from xgboost) (2.4.4)
Requirement already satisfied: scipy in /home/cxc/dev/miniconda3/lib/python3.13/site-packages (from xgboost) (1.17.1)
Requirement already satisfied: xgboost in /home/cxc/dev/miniconda3/lib/python3.13/site-packages (3.2.0)
Requirement already satisfied: numpy in /home/cxc/dev/miniconda3/lib/python3.13/site-packages (from xgboost) (2.4.4)
Requirement already satisfied: scipy in /home/cxc/dev/miniconda3/lib/python3.13/site-packages (from xgboost) (1.17.1)
Requirement already satisfied: xgboost in /home/cxc/dev/miniconda3/lib/python3.13/site-packages (3.2.0)
Requirement already satisfied: numpy in /home/cxc/dev/miniconda3/lib/python3.13/site-packages (from xgboost) (2.4.4)
Requirement already satisfied: scipy in /home/cxc/dev/miniconda3/lib/python3.13/site-packages (from xgboost) (1.17.1)
Requirement already satisfied: xgboost in /home/cxc/dev/miniconda3/lib/python3.13/site-packages (3.2.0)
Requirement already satisfied: numpy in /home/cxc/dev/miniconda3/lib/python3.13/site-packages (from xgboost) (2.4.4)
Requirement already satisfied: scipy in /home/cxc/dev/miniconda3/lib/python3.13/site-packages (from xgboost) (1.17.1)
Requirement already satisfied: xgboost in /home/cxc/dev/miniconda3/lib/python3.13/site-packages (3.2.0)
Requirement already satisfied: numpy in /home/cxc/dev/miniconda3/lib/python3.13/site-packages (from xgboost) (2.4.4)
Requirement already satisfied: scipy in /home/cxc/dev/miniconda3/lib/python3.13/site-packages (from xgboost) (1.17.1)
/home/cxc/dev/miniconda3/lib/python3.13/site-packages/sklearn/utils/validation.py:2691: UserWarning: X does not have valid feature names, but LGBMRanker was fitted with feature names
  warnings.warn(
Requirement already satisfied: xgboost in /home/cxc/dev/miniconda3/lib/python3.13/site-packages (3.2.0)
Requirement already satisfied: numpy in /home/cxc/dev/miniconda3/lib/python3.13/site-packages (from xgboost) (2.4.4)
Requirement already satisfied: scipy in /home/cxc/dev/miniconda3/lib/python3.13/site-packages (from xgboost) (1.17.1)
/home/cxc/dev/miniconda3/lib/python3.13/site-packages/sklearn/utils/validation.py:2691: UserWarning: X does not have valid feature names, but LGBMRanker was fitted with feature names
  warnings.warn(
Requirement already satisfied: xgboost in /home/cxc/dev/miniconda3/lib/python3.13/site-packages (3.2.0)
Requirement already satisfied: numpy in /home/cxc/dev/miniconda3/lib/python3.13/site-packages (from xgboost) (2.4.4)
Requirement already satisfied: scipy in /home/cxc/dev/miniconda3/lib/python3.13/site-packages (from xgboost) (1.17.1)
/home/cxc/dev/miniconda3/lib/python3.13/site-packages/sklearn/utils/validation.py:2691: UserWarning: X does not have valid feature names, but LGBMRanker was fitted with feature names
  warnings.warn(
Requirement already satisfied: xgboost in /home/cxc/dev/miniconda3/lib/python3.13/site-packages (3.2.0)
Requirement already satisfied: numpy in /home/cxc/dev/miniconda3/lib/python3.13/site-packages (from xgboost) (2.4.4)
Requirement already satisfied: scipy in /home/cxc/dev/miniconda3/lib/python3.13/site-packages (from xgboost) (1.17.1)
/home/cxc/dev/miniconda3/lib/python3.13/site-packages/sklearn/utils/validation.py:2691: UserWarning: X does not have valid feature names, but LGBMRanker was fitted with feature names
  warnings.warn(
Requirement already satisfied: xgboost in /home/cxc/dev/miniconda3/lib/python3.13/site-packages (3.2.0)
Requirement already satisfied: numpy in /home/cxc/dev/miniconda3/lib/python3.13/site-packages (from xgboost) (2.4.4)
Requirement already satisfied: scipy in /home/cxc/dev/miniconda3/lib/python3.13/site-packages (from xgboost) (1.17.1)
/home/cxc/dev/miniconda3/lib/python3.13/site-packages/sklearn/utils/validation.py:2691: UserWarning: X does not have valid feature names, but LGBMRanker was fitted with feature names
  warnings.warn(
Requirement already satisfied: xgboost in /home/cxc/dev/miniconda3/lib/python3.13/site-packages (3.2.0)
Requirement already satisfied: numpy in /home/cxc/dev/miniconda3/lib/python3.13/site-packages (from xgboost) (2.4.4)
Requirement already satisfied: scipy in /home/cxc/dev/miniconda3/lib/python3.13/site-packages (from xgboost) (1.17.1)
{
  "schema": "moebench.paper_reconstruct_cv_extras.v2",
  "dataset_root": "/home/cxc/MoEBench/dataset",
  "suites_requested": [
    "unixbench"
  ],
  "eval_partial_k_list": [
    3
  ],
  "train_k_range_requested": [
    2,
    6
  ],
  "pts_suite_target": "logmean",
  "model_type": "xgboost",
  "policies": [
    "random",
    "fixed_first_k",
    "fixed_cpu_mix",
    "fixed_io_mix",
    "greedy_slowest",
    "greedy_fastest",
    "router"
  ],
  "xi_ablations": [
    "full"
  ],
  "suite_results": [
    {
      "suite_key": "unixbench",
      "pts_suite_filter": null,
      "glob_pattern": "iZbp1acaw5wdllhz47922rZ_[0-9][0-9][0-9][0-9][0-9][0-9][0-9][0-9]T[0-9][0-9][0-9][0-9][0-9][0-9]Z/run-*.json",
      "cv_mode_effective": "random_fold",
      "folds_effective": 5,
      "sessions": [
        "iZbp1acaw5wdllhz47922rZ_20260524T103902Z"
      ],
      "n_samples": 5,
      "num_profiles_or_subtests": 12,
      "profile_ids_head": [
        "dhry2reg",
        "whetstone-double",
        "execl",
        "fstime",
        "fsbuffer",
        "fsdisk",
        "pipe",
        "context1"
      ],
      "combinations": [
        {
          "suite_key": "unixbench",
          "xi_ablation": "full",
          "benchmark": "unixbench",
          "eval_partial_k": 3,
          "policy": "random",
          "oof_metrics": {
            "mae_all_targets": 49.126051213191104,
            "rmse_all_targets": 82.96014672799568,
            "mae_subtest_index_only": 50.37216298421226,
            "rmse_subtest_index_only": 85.16001742954104,
            "mae_suite_index": 34.172709960937524,
            "rmse_suite_index": 49.43960420048508,
            "spearman_suite": -0.3,
            "kendall_tau_suite": -0.2,
            "median_bucket_accuracy_suite": 0.4
          },
          "per_fold_metrics": [
            {
              "mae_all_targets": 14.815304330679103,
              "rmse_all_targets": 32.120058516193986,
              "mae_subtest_index_only": 15.569029235839855,
              "rmse_subtest_index_only": 33.39008857507028,
              "mae_suite_index": 5.770605468750091,
              "rmse_suite_index": 5.770605468750091,
              "spearman_suite": NaN,
              "kendall_tau_suite": NaN,
              "fold": 0,
              "n_val": 1,
              "median_bucket_accuracy_suite": NaN,
              "mean_eval_wall_saved_fraction": 0.75
            },
            {
              "mae_all_targets": 107.21100041316105,
              "rmse_all_targets": 131.5942101570682,
              "mae_subtest_index_only": 109.45554300944009,
              "rmse_subtest_index_only": 134.9929489460019,
              "mae_suite_index": 80.2764892578125,
              "rmse_suite_index": 80.2764892578125,
              "spearman_suite": NaN,
              "kendall_tau_suite": NaN,
              "fold": 1,
              "n_val": 1,
              "median_bucket_accuracy_suite": NaN,
              "mean_eval_wall_saved_fraction": 0.59375
            },
            {
              "mae_all_targets": 99.1296090932993,
              "rmse_all_targets": 122.26616623468841,
              "mae_subtest_index_only": 101.09883677164714,
              "rmse_subtest_index_only": 125.37846700200919,
              "mae_suite_index": 75.49887695312509,
              "rmse_suite_index": 75.49887695312509,
              "spearman_suite": NaN,
              "kendall_tau_suite": NaN,
              "fold": 2,
              "n_val": 1,
              "median_bucket_accuracy_suite": NaN,
              "mean_eval_wall_saved_fraction": 0.78125
            },
            {
              "mae_all_targets": 14.051219764122594,
              "rmse_all_targets": 30.778756182454085,
              "mae_subtest_index_only": 14.864464314778639,
              "rmse_subtest_index_only": 32.01157356585253,
              "mae_suite_index": 4.2922851562500455,
              "rmse_suite_index": 4.2922851562500455,
              "spearman_suite": NaN,
              "kendall_tau_suite": NaN,
              "fold": 3,
              "n_val": 1,
              "median_bucket_accuracy_suite": NaN,
              "mean_eval_wall_saved_fraction": 0.78125
            },
            {
              "mae_all_targets": 10.423122464693515,
              "rmse_all_targets": 12.91697262670645,
              "mae_subtest_index_only": 10.872941589355483,
              "rmse_subtest_index_only": 13.365916836261556,
              "mae_suite_index": 5.025292968749909,
              "rmse_suite_index": 5.025292968749909,
              "spearman_suite": NaN,
              "kendall_tau_suite": NaN,
              "fold": 4,
              "n_val": 1,
              "median_bucket_accuracy_suite": NaN,
              "mean_eval_wall_saved_fraction": 0.6875
            }
          ],
          "time_savings": {
            "mean_fraction_wall_time_saved_vs_full_suite": 0.71875,
            "description": "Eval subset; UnixBench ti.by_test_id parallel key 1 (single-copy)."
          },
          "n_oof": 5
        },
        {
          "suite_key": "unixbench",
          "xi_ablation": "full",
          "benchmark": "unixbench",
          "eval_partial_k": 3,
          "policy": "fixed_first_k",
          "oof_metrics": {
            "mae_all_targets": 49.126051213191104,
            "rmse_all_targets": 82.96014672799568,
            "mae_subtest_index_only": 50.37216298421226,
            "rmse_subtest_index_only": 85.16001742954104,
            "mae_suite_index": 34.172709960937524,
            "rmse_suite_index": 49.43960420048508,
            "spearman_suite": -0.3,
            "kendall_tau_suite": -0.2,
            "median_bucket_accuracy_suite": 0.4
          },
          "per_fold_metrics": [
            {
              "mae_all_targets": 14.815304330679103,
              "rmse_all_targets": 32.120058516193986,
              "mae_subtest_index_only": 15.569029235839855,
              "rmse_subtest_index_only": 33.39008857507028,
              "mae_suite_index": 5.770605468750091,
              "rmse_suite_index": 5.770605468750091,
              "spearman_suite": NaN,
              "kendall_tau_suite": NaN,
              "fold": 0,
              "n_val": 1,
              "median_bucket_accuracy_suite": NaN,
              "mean_eval_wall_saved_fraction": 0.84375
            },
            {
              "mae_all_targets": 107.21100041316105,
              "rmse_all_targets": 131.5942101570682,
              "mae_subtest_index_only": 109.45554300944009,
              "rmse_subtest_index_only": 134.9929489460019,
              "mae_suite_index": 80.2764892578125,
              "rmse_suite_index": 80.2764892578125,
              "spearman_suite": NaN,
              "kendall_tau_suite": NaN,
              "fold": 1,
              "n_val": 1,
              "median_bucket_accuracy_suite": NaN,
              "mean_eval_wall_saved_fraction": 0.84375
            },
            {
              "mae_all_targets": 99.1296090932993,
              "rmse_all_targets": 122.26616623468841,
              "mae_subtest_index_only": 101.09883677164714,
              "rmse_subtest_index_only": 125.37846700200919,
              "mae_suite_index": 75.49887695312509,
              "rmse_suite_index": 75.49887695312509,
              "spearman_suite": NaN,
              "kendall_tau_suite": NaN,
              "fold": 2,
              "n_val": 1,
              "median_bucket_accuracy_suite": NaN,
              "mean_eval_wall_saved_fraction": 0.84375
            },
            {
              "mae_all_targets": 14.051219764122594,
              "rmse_all_targets": 30.778756182454085,
              "mae_subtest_index_only": 14.864464314778639,
              "rmse_subtest_index_only": 32.01157356585253,
              "mae_suite_index": 4.2922851562500455,
              "rmse_suite_index": 4.2922851562500455,
              "spearman_suite": NaN,
              "kendall_tau_suite": NaN,
              "fold": 3,
              "n_val": 1,
              "median_bucket_accuracy_suite": NaN,
              "mean_eval_wall_saved_fraction": 0.84375
            },
            {
              "mae_all_targets": 10.423122464693515,
              "rmse_all_targets": 12.91697262670645,
              "mae_subtest_index_only": 10.872941589355483,
              "rmse_subtest_index_only": 13.365916836261556,
              "mae_suite_index": 5.025292968749909,
              "rmse_suite_index": 5.025292968749909,
              "spearman_suite": NaN,
              "kendall_tau_suite": NaN,
              "fold": 4,
              "n_val": 1,
              "median_bucket_accuracy_suite": NaN,
              "mean_eval_wall_saved_fraction": 0.84375
            }
          ],
          "time_savings": {
            "mean_fraction_wall_time_saved_vs_full_suite": 0.84375,
            "description": "Eval subset; UnixBench ti.by_test_id parallel key 1 (single-copy)."
          },
          "n_oof": 5
        },
        {
          "suite_key": "unixbench",
          "xi_ablation": "full",
          "benchmark": "unixbench",
          "eval_partial_k": 3,
          "policy": "fixed_cpu_mix",
          "oof_metrics": {
            "mae_all_targets": 49.126051213191104,
            "rmse_all_targets": 82.96014672799568,
            "mae_subtest_index_only": 50.37216298421226,
            "rmse_subtest_index_only": 85.16001742954104,
            "mae_suite_index": 34.172709960937524,
            "rmse_suite_index": 49.43960420048508,
            "spearman_suite": -0.3,
            "kendall_tau_suite": -0.2,
            "median_bucket_accuracy_suite": 0.4
          },
          "per_fold_metrics": [
            {
              "mae_all_targets": 14.815304330679103,
              "rmse_all_targets": 32.120058516193986,
              "mae_subtest_index_only": 15.569029235839855,
              "rmse_subtest_index_only": 33.39008857507028,
              "mae_suite_index": 5.770605468750091,
              "rmse_suite_index": 5.770605468750091,
              "spearman_suite": NaN,
              "kendall_tau_suite": NaN,
              "fold": 0,
              "n_val": 1,
              "median_bucket_accuracy_suite": NaN,
              "mean_eval_wall_saved_fraction": 0.90625
            },
            {
              "mae_all_targets": 107.21100041316105,
              "rmse_all_targets": 131.5942101570682,
              "mae_subtest_index_only": 109.45554300944009,
              "rmse_subtest_index_only": 134.9929489460019,
              "mae_suite_index": 80.2764892578125,
              "rmse_suite_index": 80.2764892578125,
              "spearman_suite": NaN,
              "kendall_tau_suite": NaN,
              "fold": 1,
              "n_val": 1,
              "median_bucket_accuracy_suite": NaN,
              "mean_eval_wall_saved_fraction": 0.90625
            },
            {
              "mae_all_targets": 99.1296090932993,
              "rmse_all_targets": 122.26616623468841,
              "mae_subtest_index_only": 101.09883677164714,
              "rmse_subtest_index_only": 125.37846700200919,
              "mae_suite_index": 75.49887695312509,
              "rmse_suite_index": 75.49887695312509,
              "spearman_suite": NaN,
              "kendall_tau_suite": NaN,
              "fold": 2,
              "n_val": 1,
              "median_bucket_accuracy_suite": NaN,
              "mean_eval_wall_saved_fraction": 0.90625
            },
            {
              "mae_all_targets": 14.051219764122594,
              "rmse_all_targets": 30.778756182454085,
              "mae_subtest_index_only": 14.864464314778639,
              "rmse_subtest_index_only": 32.01157356585253,
              "mae_suite_index": 4.2922851562500455,
              "rmse_suite_index": 4.2922851562500455,
              "spearman_suite": NaN,
              "kendall_tau_suite": NaN,
              "fold": 3,
              "n_val": 1,
              "median_bucket_accuracy_suite": NaN,
              "mean_eval_wall_saved_fraction": 0.90625
            },
            {
              "mae_all_targets": 10.423122464693515,
              "rmse_all_targets": 12.91697262670645,
              "mae_subtest_index_only": 10.872941589355483,
              "rmse_subtest_index_only": 13.365916836261556,
              "mae_suite_index": 5.025292968749909,
              "rmse_suite_index": 5.025292968749909,
              "spearman_suite": NaN,
              "kendall_tau_suite": NaN,
              "fold": 4,
              "n_val": 1,
              "median_bucket_accuracy_suite": NaN,
              "mean_eval_wall_saved_fraction": 0.90625
            }
          ],
          "time_savings": {
            "mean_fraction_wall_time_saved_vs_full_suite": 0.90625,
            "description": "Eval subset; UnixBench ti.by_test_id parallel key 1 (single-copy)."
          },
          "n_oof": 5
        },
        {
          "suite_key": "unixbench",
          "xi_ablation": "full",
          "benchmark": "unixbench",
          "eval_partial_k": 3,
          "policy": "fixed_io_mix",
          "oof_metrics": {
            "mae_all_targets": 49.126051213191104,
            "rmse_all_targets": 82.96014672799568,
            "mae_subtest_index_only": 50.37216298421226,
            "rmse_subtest_index_only": 85.16001742954104,
            "mae_suite_index": 34.172709960937524,
            "rmse_suite_index": 49.43960420048508,
            "spearman_suite": -0.3,
            "kendall_tau_suite": -0.2,
            "median_bucket_accuracy_suite": 0.4
          },
          "per_fold_metrics": [
            {
              "mae_all_targets": 14.815304330679103,
              "rmse_all_targets": 32.120058516193986,
              "mae_subtest_index_only": 15.569029235839855,
              "rmse_subtest_index_only": 33.39008857507028,
              "mae_suite_index": 5.770605468750091,
              "rmse_suite_index": 5.770605468750091,
              "spearman_suite": NaN,
              "kendall_tau_suite": NaN,
              "fold": 0,
              "n_val": 1,
              "median_bucket_accuracy_suite": NaN,
              "mean_eval_wall_saved_fraction": 0.71875
            },
            {
              "mae_all_targets": 107.21100041316105,
              "rmse_all_targets": 131.5942101570682,
              "mae_subtest_index_only": 109.45554300944009,
              "rmse_subtest_index_only": 134.9929489460019,
              "mae_suite_index": 80.2764892578125,
              "rmse_suite_index": 80.2764892578125,
              "spearman_suite": NaN,
              "kendall_tau_suite": NaN,
              "fold": 1,
              "n_val": 1,
              "median_bucket_accuracy_suite": NaN,
              "mean_eval_wall_saved_fraction": 0.71875
            },
            {
              "mae_all_targets": 99.1296090932993,
              "rmse_all_targets": 122.26616623468841,
              "mae_subtest_index_only": 101.09883677164714,
              "rmse_subtest_index_only": 125.37846700200919,
              "mae_suite_index": 75.49887695312509,
              "rmse_suite_index": 75.49887695312509,
              "spearman_suite": NaN,
              "kendall_tau_suite": NaN,
              "fold": 2,
              "n_val": 1,
              "median_bucket_accuracy_suite": NaN,
              "mean_eval_wall_saved_fraction": 0.71875
            },
            {
              "mae_all_targets": 14.051219764122594,
              "rmse_all_targets": 30.778756182454085,
              "mae_subtest_index_only": 14.864464314778639,
              "rmse_subtest_index_only": 32.01157356585253,
              "mae_suite_index": 4.2922851562500455,
              "rmse_suite_index": 4.2922851562500455,
              "spearman_suite": NaN,
              "kendall_tau_suite": NaN,
              "fold": 3,
              "n_val": 1,
              "median_bucket_accuracy_suite": NaN,
              "mean_eval_wall_saved_fraction": 0.71875
            },
            {
              "mae_all_targets": 10.423122464693515,
              "rmse_all_targets": 12.91697262670645,
              "mae_subtest_index_only": 10.872941589355483,
              "rmse_subtest_index_only": 13.365916836261556,
              "mae_suite_index": 5.025292968749909,
              "rmse_suite_index": 5.025292968749909,
              "spearman_suite": NaN,
              "kendall_tau_suite": NaN,
              "fold": 4,
              "n_val": 1,
              "median_bucket_accuracy_suite": NaN,
              "mean_eval_wall_saved_fraction": 0.71875
            }
          ],
          "time_savings": {
            "mean_fraction_wall_time_saved_vs_full_suite": 0.71875,
            "description": "Eval subset; UnixBench ti.by_test_id parallel key 1 (single-copy)."
          },
          "n_oof": 5
        },
        {
          "suite_key": "unixbench",
          "xi_ablation": "full",
          "benchmark": "unixbench",
          "eval_partial_k": 3,
          "policy": "greedy_slowest",
          "oof_metrics": {
            "mae_all_targets": 49.126051213191104,
            "rmse_all_targets": 82.96014672799568,
            "mae_subtest_index_only": 50.37216298421226,
            "rmse_subtest_index_only": 85.16001742954104,
            "mae_suite_index": 34.172709960937524,
            "rmse_suite_index": 49.43960420048508,
            "spearman_suite": -0.3,
            "kendall_tau_suite": -0.2,
            "median_bucket_accuracy_suite": 0.4
          },
          "per_fold_metrics": [
            {
              "mae_all_targets": 14.815304330679103,
              "rmse_all_targets": 32.120058516193986,
              "mae_subtest_index_only": 15.569029235839855,
              "rmse_subtest_index_only": 33.39008857507028,
              "mae_suite_index": 5.770605468750091,
              "rmse_suite_index": 5.770605468750091,
              "spearman_suite": NaN,
              "kendall_tau_suite": NaN,
              "fold": 0,
              "n_val": 1,
              "median_bucket_accuracy_suite": NaN,
              "mean_eval_wall_saved_fraction": 0.53125
            },
            {
              "mae_all_targets": 107.21100041316105,
              "rmse_all_targets": 131.5942101570682,
              "mae_subtest_index_only": 109.45554300944009,
              "rmse_subtest_index_only": 134.9929489460019,
              "mae_suite_index": 80.2764892578125,
              "rmse_suite_index": 80.2764892578125,
              "spearman_suite": NaN,
              "kendall_tau_suite": NaN,
              "fold": 1,
              "n_val": 1,
              "median_bucket_accuracy_suite": NaN,
              "mean_eval_wall_saved_fraction": 0.53125
            },
            {
              "mae_all_targets": 99.1296090932993,
              "rmse_all_targets": 122.26616623468841,
              "mae_subtest_index_only": 101.09883677164714,
              "rmse_subtest_index_only": 125.37846700200919,
              "mae_suite_index": 75.49887695312509,
              "rmse_suite_index": 75.49887695312509,
              "spearman_suite": NaN,
              "kendall_tau_suite": NaN,
              "fold": 2,
              "n_val": 1,
              "median_bucket_accuracy_suite": NaN,
              "mean_eval_wall_saved_fraction": 0.53125
            },
            {
              "mae_all_targets": 14.051219764122594,
              "rmse_all_targets": 30.778756182454085,
              "mae_subtest_index_only": 14.864464314778639,
              "rmse_subtest_index_only": 32.01157356585253,
              "mae_suite_index": 4.2922851562500455,
              "rmse_suite_index": 4.2922851562500455,
              "spearman_suite": NaN,
              "kendall_tau_suite": NaN,
              "fold": 3,
              "n_val": 1,
              "median_bucket_accuracy_suite": NaN,
              "mean_eval_wall_saved_fraction": 0.53125
            },
            {
              "mae_all_targets": 10.423122464693515,
              "rmse_all_targets": 12.91697262670645,
              "mae_subtest_index_only": 10.872941589355483,
              "rmse_subtest_index_only": 13.365916836261556,
              "mae_suite_index": 5.025292968749909,
              "rmse_suite_index": 5.025292968749909,
              "spearman_suite": NaN,
              "kendall_tau_suite": NaN,
              "fold": 4,
              "n_val": 1,
              "median_bucket_accuracy_suite": NaN,
              "mean_eval_wall_saved_fraction": 0.53125
            }
          ],
          "time_savings": {
            "mean_fraction_wall_time_saved_vs_full_suite": 0.53125,
            "description": "Eval subset; UnixBench ti.by_test_id parallel key 1 (single-copy)."
          },
          "n_oof": 5
        },
        {
          "suite_key": "unixbench",
          "xi_ablation": "full",
          "benchmark": "unixbench",
          "eval_partial_k": 3,
          "policy": "greedy_fastest",
          "oof_metrics": {
            "mae_all_targets": 49.126051213191104,
            "rmse_all_targets": 82.96014672799568,
            "mae_subtest_index_only": 50.37216298421226,
            "rmse_subtest_index_only": 85.16001742954104,
            "mae_suite_index": 34.172709960937524,
            "rmse_suite_index": 49.43960420048508,
            "spearman_suite": -0.3,
            "kendall_tau_suite": -0.2,
            "median_bucket_accuracy_suite": 0.4
          },
          "per_fold_metrics": [
            {
              "mae_all_targets": 14.815304330679103,
              "rmse_all_targets": 32.120058516193986,
              "mae_subtest_index_only": 15.569029235839855,
              "rmse_subtest_index_only": 33.39008857507028,
              "mae_suite_index": 5.770605468750091,
              "rmse_suite_index": 5.770605468750091,
              "spearman_suite": NaN,
              "kendall_tau_suite": NaN,
              "fold": 0,
              "n_val": 1,
              "median_bucket_accuracy_suite": NaN,
              "mean_eval_wall_saved_fraction": 0.90625
            },
            {
              "mae_all_targets": 107.21100041316105,
              "rmse_all_targets": 131.5942101570682,
              "mae_subtest_index_only": 109.45554300944009,
              "rmse_subtest_index_only": 134.9929489460019,
              "mae_suite_index": 80.2764892578125,
              "rmse_suite_index": 80.2764892578125,
              "spearman_suite": NaN,
              "kendall_tau_suite": NaN,
              "fold": 1,
              "n_val": 1,
              "median_bucket_accuracy_suite": NaN,
              "mean_eval_wall_saved_fraction": 0.90625
            },
            {
              "mae_all_targets": 99.1296090932993,
              "rmse_all_targets": 122.26616623468841,
              "mae_subtest_index_only": 101.09883677164714,
              "rmse_subtest_index_only": 125.37846700200919,
              "mae_suite_index": 75.49887695312509,
              "rmse_suite_index": 75.49887695312509,
              "spearman_suite": NaN,
              "kendall_tau_suite": NaN,
              "fold": 2,
              "n_val": 1,
              "median_bucket_accuracy_suite": NaN,
              "mean_eval_wall_saved_fraction": 0.90625
            },
            {
              "mae_all_targets": 14.051219764122594,
              "rmse_all_targets": 30.778756182454085,
              "mae_subtest_index_only": 14.864464314778639,
              "rmse_subtest_index_only": 32.01157356585253,
              "mae_suite_index": 4.2922851562500455,
              "rmse_suite_index": 4.2922851562500455,
              "spearman_suite": NaN,
              "kendall_tau_suite": NaN,
              "fold": 3,
              "n_val": 1,
              "median_bucket_accuracy_suite": NaN,
              "mean_eval_wall_saved_fraction": 0.90625
            },
            {
              "mae_all_targets": 10.423122464693515,
              "rmse_all_targets": 12.91697262670645,
              "mae_subtest_index_only": 10.872941589355483,
              "rmse_subtest_index_only": 13.365916836261556,
              "mae_suite_index": 5.025292968749909,
              "rmse_suite_index": 5.025292968749909,
              "spearman_suite": NaN,
              "kendall_tau_suite": NaN,
              "fold": 4,
              "n_val": 1,
              "median_bucket_accuracy_suite": NaN,
              "mean_eval_wall_saved_fraction": 0.90625
            }
          ],
          "time_savings": {
            "mean_fraction_wall_time_saved_vs_full_suite": 0.90625,
            "description": "Eval subset; UnixBench ti.by_test_id parallel key 1 (single-copy)."
          },
          "n_oof": 5
        },
        {
          "suite_key": "unixbench",
          "xi_ablation": "full",
          "benchmark": "unixbench",
          "eval_partial_k": 3,
          "policy": "router",
          "oof_metrics": {
            "mae_all_targets": 49.126051213191104,
            "rmse_all_targets": 82.96014672799568,
            "mae_subtest_index_only": 50.37216298421226,
            "rmse_subtest_index_only": 85.16001742954104,
            "mae_suite_index": 34.172709960937524,
            "rmse_suite_index": 49.43960420048508,
            "spearman_suite": -0.3,
            "kendall_tau_suite": -0.2,
            "median_bucket_accuracy_suite": 0.4
          },
          "per_fold_metrics": [
            {
              "mae_all_targets": 14.815304330679103,
              "rmse_all_targets": 32.120058516193986,
              "mae_subtest_index_only": 15.569029235839855,
              "rmse_subtest_index_only": 33.39008857507028,
              "mae_suite_index": 5.770605468750091,
              "rmse_suite_index": 5.770605468750091,
              "spearman_suite": NaN,
              "kendall_tau_suite": NaN,
              "fold": 0,
              "n_val": 1,
              "median_bucket_accuracy_suite": NaN,
              "mean_eval_wall_saved_fraction": 0.84375
            },
            {
              "mae_all_targets": 107.21100041316105,
              "rmse_all_targets": 131.5942101570682,
              "mae_subtest_index_only": 109.45554300944009,
              "rmse_subtest_index_only": 134.9929489460019,
              "mae_suite_index": 80.2764892578125,
              "rmse_suite_index": 80.2764892578125,
              "spearman_suite": NaN,
              "kendall_tau_suite": NaN,
              "fold": 1,
              "n_val": 1,
              "median_bucket_accuracy_suite": NaN,
              "mean_eval_wall_saved_fraction": 0.84375
            },
            {
              "mae_all_targets": 99.1296090932993,
              "rmse_all_targets": 122.26616623468841,
              "mae_subtest_index_only": 101.09883677164714,
              "rmse_subtest_index_only": 125.37846700200919,
              "mae_suite_index": 75.49887695312509,
              "rmse_suite_index": 75.49887695312509,
              "spearman_suite": NaN,
              "kendall_tau_suite": NaN,
              "fold": 2,
              "n_val": 1,
              "median_bucket_accuracy_suite": NaN,
              "mean_eval_wall_saved_fraction": 0.84375
            },
            {
              "mae_all_targets": 14.051219764122594,
              "rmse_all_targets": 30.778756182454085,
              "mae_subtest_index_only": 14.864464314778639,
              "rmse_subtest_index_only": 32.01157356585253,
              "mae_suite_index": 4.2922851562500455,
              "rmse_suite_index": 4.2922851562500455,
              "spearman_suite": NaN,
              "kendall_tau_suite": NaN,
              "fold": 3,
              "n_val": 1,
              "median_bucket_accuracy_suite": NaN,
              "mean_eval_wall_saved_fraction": 0.84375
            },
            {
              "mae_all_targets": 10.423122464693515,
              "rmse_all_targets": 12.91697262670645,
              "mae_subtest_index_only": 10.872941589355483,
              "rmse_subtest_index_only": 13.365916836261556,
              "mae_suite_index": 5.025292968749909,
              "rmse_suite_index": 5.025292968749909,
              "spearman_suite": NaN,
              "kendall_tau_suite": NaN,
              "fold": 4,
              "n_val": 1,
              "median_bucket_accuracy_suite": NaN,
              "mean_eval_wall_saved_fraction": 0.84375
            }
          ],
          "time_savings": {
            "mean_fraction_wall_time_saved_vs_full_suite": 0.84375,
            "description": "Eval subset; UnixBench ti.by_test_id parallel key 1 (single-copy)."
          },
          "n_oof": 5
        }
      ]
    }
  ]
}
+ /home/cxc/dev/miniconda3/bin/python3 /home/cxc/MoEBench/scripts/paper_reconstruct_cv_extras.py --dataset-root /home/cxc/MoEBench/dataset --suites phoronix_cpu --cv-mode leave_one_session_out --seed 42 --model-type lightgbm --log1p-partial-value --train-aug 10 --train-k-max 12 --xi-ablations full --report-json /home/cxc/MoEBench/dataset/paper_supplementary/policy_phoronix_cpu_aces-System-Product-Name.json --auto-install --glob-pts-cpu aces-System-Product-Name_cpu_[0-9][0-9][0-9][0-9][0-9][0-9][0-9][0-9]T[0-9][0-9][0-9][0-9][0-9][0-9]Z/run-*.json --router-model-pts-cpu /home/cxc/MoEBench/dataset/experiments/router_recon_grid_cpu_aces-System-Product-Name_20260525T053213Z/trained_models/router_mlp.pt --eval-partial-k 3 --policies random,fixed_first_k,fixed_cpu_mix,fixed_io_mix,greedy_slowest,greedy_fastest,router
[phoronix_cpu] leave_one_session_out needs >= 2 session dirs; got 1. Falling back to random_fold.
Requirement already satisfied: lightgbm in /home/cxc/dev/miniconda3/lib/python3.13/site-packages (4.6.0)
Requirement already satisfied: numpy>=1.17.0 in /home/cxc/dev/miniconda3/lib/python3.13/site-packages (from lightgbm) (2.4.4)
Requirement already satisfied: scipy in /home/cxc/dev/miniconda3/lib/python3.13/site-packages (from lightgbm) (1.17.1)
Requirement already satisfied: lightgbm in /home/cxc/dev/miniconda3/lib/python3.13/site-packages (4.6.0)
Requirement already satisfied: numpy>=1.17.0 in /home/cxc/dev/miniconda3/lib/python3.13/site-packages (from lightgbm) (2.4.4)
Requirement already satisfied: scipy in /home/cxc/dev/miniconda3/lib/python3.13/site-packages (from lightgbm) (1.17.1)
Requirement already satisfied: lightgbm in /home/cxc/dev/miniconda3/lib/python3.13/site-packages (4.6.0)
Requirement already satisfied: numpy>=1.17.0 in /home/cxc/dev/miniconda3/lib/python3.13/site-packages (from lightgbm) (2.4.4)
Requirement already satisfied: scipy in /home/cxc/dev/miniconda3/lib/python3.13/site-packages (from lightgbm) (1.17.1)
Requirement already satisfied: lightgbm in /home/cxc/dev/miniconda3/lib/python3.13/site-packages (4.6.0)
Requirement already satisfied: numpy>=1.17.0 in /home/cxc/dev/miniconda3/lib/python3.13/site-packages (from lightgbm) (2.4.4)
Requirement already satisfied: scipy in /home/cxc/dev/miniconda3/lib/python3.13/site-packages (from lightgbm) (1.17.1)
Requirement already satisfied: lightgbm in /home/cxc/dev/miniconda3/lib/python3.13/site-packages (4.6.0)
Requirement already satisfied: numpy>=1.17.0 in /home/cxc/dev/miniconda3/lib/python3.13/site-packages (from lightgbm) (2.4.4)
Requirement already satisfied: scipy in /home/cxc/dev/miniconda3/lib/python3.13/site-packages (from lightgbm) (1.17.1)
Requirement already satisfied: lightgbm in /home/cxc/dev/miniconda3/lib/python3.13/site-packages (4.6.0)
Requirement already satisfied: numpy>=1.17.0 in /home/cxc/dev/miniconda3/lib/python3.13/site-packages (from lightgbm) (2.4.4)
Requirement already satisfied: scipy in /home/cxc/dev/miniconda3/lib/python3.13/site-packages (from lightgbm) (1.17.1)
Requirement already satisfied: lightgbm in /home/cxc/dev/miniconda3/lib/python3.13/site-packages (4.6.0)
Requirement already satisfied: numpy>=1.17.0 in /home/cxc/dev/miniconda3/lib/python3.13/site-packages (from lightgbm) (2.4.4)
Requirement already satisfied: scipy in /home/cxc/dev/miniconda3/lib/python3.13/site-packages (from lightgbm) (1.17.1)
Requirement already satisfied: lightgbm in /home/cxc/dev/miniconda3/lib/python3.13/site-packages (4.6.0)
Requirement already satisfied: numpy>=1.17.0 in /home/cxc/dev/miniconda3/lib/python3.13/site-packages (from lightgbm) (2.4.4)
Requirement already satisfied: scipy in /home/cxc/dev/miniconda3/lib/python3.13/site-packages (from lightgbm) (1.17.1)
Requirement already satisfied: lightgbm in /home/cxc/dev/miniconda3/lib/python3.13/site-packages (4.6.0)
Requirement already satisfied: numpy>=1.17.0 in /home/cxc/dev/miniconda3/lib/python3.13/site-packages (from lightgbm) (2.4.4)
Requirement already satisfied: scipy in /home/cxc/dev/miniconda3/lib/python3.13/site-packages (from lightgbm) (1.17.1)
Requirement already satisfied: lightgbm in /home/cxc/dev/miniconda3/lib/python3.13/site-packages (4.6.0)
Requirement already satisfied: numpy>=1.17.0 in /home/cxc/dev/miniconda3/lib/python3.13/site-packages (from lightgbm) (2.4.4)
Requirement already satisfied: scipy in /home/cxc/dev/miniconda3/lib/python3.13/site-packages (from lightgbm) (1.17.1)
Requirement already satisfied: lightgbm in /home/cxc/dev/miniconda3/lib/python3.13/site-packages (4.6.0)
Requirement already satisfied: numpy>=1.17.0 in /home/cxc/dev/miniconda3/lib/python3.13/site-packages (from lightgbm) (2.4.4)
Requirement already satisfied: scipy in /home/cxc/dev/miniconda3/lib/python3.13/site-packages (from lightgbm) (1.17.1)
Requirement already satisfied: lightgbm in /home/cxc/dev/miniconda3/lib/python3.13/site-packages (4.6.0)
Requirement already satisfied: numpy>=1.17.0 in /home/cxc/dev/miniconda3/lib/python3.13/site-packages (from lightgbm) (2.4.4)
Requirement already satisfied: scipy in /home/cxc/dev/miniconda3/lib/python3.13/site-packages (from lightgbm) (1.17.1)
Requirement already satisfied: lightgbm in /home/cxc/dev/miniconda3/lib/python3.13/site-packages (4.6.0)
Requirement already satisfied: numpy>=1.17.0 in /home/cxc/dev/miniconda3/lib/python3.13/site-packages (from lightgbm) (2.4.4)
Requirement already satisfied: scipy in /home/cxc/dev/miniconda3/lib/python3.13/site-packages (from lightgbm) (1.17.1)
Requirement already satisfied: lightgbm in /home/cxc/dev/miniconda3/lib/python3.13/site-packages (4.6.0)
Requirement already satisfied: numpy>=1.17.0 in /home/cxc/dev/miniconda3/lib/python3.13/site-packages (from lightgbm) (2.4.4)
Requirement already satisfied: scipy in /home/cxc/dev/miniconda3/lib/python3.13/site-packages (from lightgbm) (1.17.1)
Requirement already satisfied: lightgbm in /home/cxc/dev/miniconda3/lib/python3.13/site-packages (4.6.0)
Requirement already satisfied: numpy>=1.17.0 in /home/cxc/dev/miniconda3/lib/python3.13/site-packages (from lightgbm) (2.4.4)
Requirement already satisfied: scipy in /home/cxc/dev/miniconda3/lib/python3.13/site-packages (from lightgbm) (1.17.1)
Requirement already satisfied: lightgbm in /home/cxc/dev/miniconda3/lib/python3.13/site-packages (4.6.0)
Requirement already satisfied: numpy>=1.17.0 in /home/cxc/dev/miniconda3/lib/python3.13/site-packages (from lightgbm) (2.4.4)
Requirement already satisfied: scipy in /home/cxc/dev/miniconda3/lib/python3.13/site-packages (from lightgbm) (1.17.1)
Requirement already satisfied: lightgbm in /home/cxc/dev/miniconda3/lib/python3.13/site-packages (4.6.0)
Requirement already satisfied: numpy>=1.17.0 in /home/cxc/dev/miniconda3/lib/python3.13/site-packages (from lightgbm) (2.4.4)
Requirement already satisfied: scipy in /home/cxc/dev/miniconda3/lib/python3.13/site-packages (from lightgbm) (1.17.1)
Requirement already satisfied: lightgbm in /home/cxc/dev/miniconda3/lib/python3.13/site-packages (4.6.0)
Requirement already satisfied: numpy>=1.17.0 in /home/cxc/dev/miniconda3/lib/python3.13/site-packages (from lightgbm) (2.4.4)
Requirement already satisfied: scipy in /home/cxc/dev/miniconda3/lib/python3.13/site-packages (from lightgbm) (1.17.1)
Requirement already satisfied: lightgbm in /home/cxc/dev/miniconda3/lib/python3.13/site-packages (4.6.0)
Requirement already satisfied: numpy>=1.17.0 in /home/cxc/dev/miniconda3/lib/python3.13/site-packages (from lightgbm) (2.4.4)
Requirement already satisfied: scipy in /home/cxc/dev/miniconda3/lib/python3.13/site-packages (from lightgbm) (1.17.1)
Requirement already satisfied: lightgbm in /home/cxc/dev/miniconda3/lib/python3.13/site-packages (4.6.0)
Requirement already satisfied: numpy>=1.17.0 in /home/cxc/dev/miniconda3/lib/python3.13/site-packages (from lightgbm) (2.4.4)
Requirement already satisfied: scipy in /home/cxc/dev/miniconda3/lib/python3.13/site-packages (from lightgbm) (1.17.1)
Requirement already satisfied: lightgbm in /home/cxc/dev/miniconda3/lib/python3.13/site-packages (4.6.0)
Requirement already satisfied: numpy>=1.17.0 in /home/cxc/dev/miniconda3/lib/python3.13/site-packages (from lightgbm) (2.4.4)
Requirement already satisfied: scipy in /home/cxc/dev/miniconda3/lib/python3.13/site-packages (from lightgbm) (1.17.1)
Requirement already satisfied: lightgbm in /home/cxc/dev/miniconda3/lib/python3.13/site-packages (4.6.0)
Requirement already satisfied: numpy>=1.17.0 in /home/cxc/dev/miniconda3/lib/python3.13/site-packages (from lightgbm) (2.4.4)
Requirement already satisfied: scipy in /home/cxc/dev/miniconda3/lib/python3.13/site-packages (from lightgbm) (1.17.1)
Requirement already satisfied: lightgbm in /home/cxc/dev/miniconda3/lib/python3.13/site-packages (4.6.0)
Requirement already satisfied: numpy>=1.17.0 in /home/cxc/dev/miniconda3/lib/python3.13/site-packages (from lightgbm) (2.4.4)
Requirement already satisfied: scipy in /home/cxc/dev/miniconda3/lib/python3.13/site-packages (from lightgbm) (1.17.1)
Requirement already satisfied: lightgbm in /home/cxc/dev/miniconda3/lib/python3.13/site-packages (4.6.0)
Requirement already satisfied: numpy>=1.17.0 in /home/cxc/dev/miniconda3/lib/python3.13/site-packages (from lightgbm) (2.4.4)
Requirement already satisfied: scipy in /home/cxc/dev/miniconda3/lib/python3.13/site-packages (from lightgbm) (1.17.1)
Requirement already satisfied: lightgbm in /home/cxc/dev/miniconda3/lib/python3.13/site-packages (4.6.0)
Requirement already satisfied: numpy>=1.17.0 in /home/cxc/dev/miniconda3/lib/python3.13/site-packages (from lightgbm) (2.4.4)
Requirement already satisfied: scipy in /home/cxc/dev/miniconda3/lib/python3.13/site-packages (from lightgbm) (1.17.1)
Requirement already satisfied: lightgbm in /home/cxc/dev/miniconda3/lib/python3.13/site-packages (4.6.0)
Requirement already satisfied: numpy>=1.17.0 in /home/cxc/dev/miniconda3/lib/python3.13/site-packages (from lightgbm) (2.4.4)
Requirement already satisfied: scipy in /home/cxc/dev/miniconda3/lib/python3.13/site-packages (from lightgbm) (1.17.1)
Requirement already satisfied: lightgbm in /home/cxc/dev/miniconda3/lib/python3.13/site-packages (4.6.0)
Requirement already satisfied: numpy>=1.17.0 in /home/cxc/dev/miniconda3/lib/python3.13/site-packages (from lightgbm) (2.4.4)
Requirement already satisfied: scipy in /home/cxc/dev/miniconda3/lib/python3.13/site-packages (from lightgbm) (1.17.1)
Requirement already satisfied: lightgbm in /home/cxc/dev/miniconda3/lib/python3.13/site-packages (4.6.0)
Requirement already satisfied: numpy>=1.17.0 in /home/cxc/dev/miniconda3/lib/python3.13/site-packages (from lightgbm) (2.4.4)
Requirement already satisfied: scipy in /home/cxc/dev/miniconda3/lib/python3.13/site-packages (from lightgbm) (1.17.1)
Requirement already satisfied: lightgbm in /home/cxc/dev/miniconda3/lib/python3.13/site-packages (4.6.0)
Requirement already satisfied: numpy>=1.17.0 in /home/cxc/dev/miniconda3/lib/python3.13/site-packages (from lightgbm) (2.4.4)
Requirement already satisfied: scipy in /home/cxc/dev/miniconda3/lib/python3.13/site-packages (from lightgbm) (1.17.1)
Requirement already satisfied: lightgbm in /home/cxc/dev/miniconda3/lib/python3.13/site-packages (4.6.0)
Requirement already satisfied: numpy>=1.17.0 in /home/cxc/dev/miniconda3/lib/python3.13/site-packages (from lightgbm) (2.4.4)
Requirement already satisfied: scipy in /home/cxc/dev/miniconda3/lib/python3.13/site-packages (from lightgbm) (1.17.1)
Requirement already satisfied: lightgbm in /home/cxc/dev/miniconda3/lib/python3.13/site-packages (4.6.0)
Requirement already satisfied: numpy>=1.17.0 in /home/cxc/dev/miniconda3/lib/python3.13/site-packages (from lightgbm) (2.4.4)
Requirement already satisfied: scipy in /home/cxc/dev/miniconda3/lib/python3.13/site-packages (from lightgbm) (1.17.1)
Requirement already satisfied: lightgbm in /home/cxc/dev/miniconda3/lib/python3.13/site-packages (4.6.0)
Requirement already satisfied: numpy>=1.17.0 in /home/cxc/dev/miniconda3/lib/python3.13/site-packages (from lightgbm) (2.4.4)
Requirement already satisfied: scipy in /home/cxc/dev/miniconda3/lib/python3.13/site-packages (from lightgbm) (1.17.1)
Requirement already satisfied: lightgbm in /home/cxc/dev/miniconda3/lib/python3.13/site-packages (4.6.0)
Requirement already satisfied: numpy>=1.17.0 in /home/cxc/dev/miniconda3/lib/python3.13/site-packages (from lightgbm) (2.4.4)
Requirement already satisfied: scipy in /home/cxc/dev/miniconda3/lib/python3.13/site-packages (from lightgbm) (1.17.1)
Requirement already satisfied: lightgbm in /home/cxc/dev/miniconda3/lib/python3.13/site-packages (4.6.0)
Requirement already satisfied: numpy>=1.17.0 in /home/cxc/dev/miniconda3/lib/python3.13/site-packages (from lightgbm) (2.4.4)
Requirement already satisfied: scipy in /home/cxc/dev/miniconda3/lib/python3.13/site-packages (from lightgbm) (1.17.1)
Requirement already satisfied: lightgbm in /home/cxc/dev/miniconda3/lib/python3.13/site-packages (4.6.0)
Requirement already satisfied: numpy>=1.17.0 in /home/cxc/dev/miniconda3/lib/python3.13/site-packages (from lightgbm) (2.4.4)
Requirement already satisfied: scipy in /home/cxc/dev/miniconda3/lib/python3.13/site-packages (from lightgbm) (1.17.1)
{
  "schema": "moebench.paper_reconstruct_cv_extras.v2",
  "dataset_root": "/home/cxc/MoEBench/dataset",
  "suites_requested": [
    "phoronix_cpu"
  ],
  "eval_partial_k_list": [
    3
  ],
  "train_k_range_requested": [
    2,
    12
  ],
  "pts_suite_target": "logmean",
  "model_type": "lightgbm",
  "policies": [
    "random",
    "fixed_first_k",
    "fixed_cpu_mix",
    "fixed_io_mix",
    "greedy_slowest",
    "greedy_fastest",
    "router"
  ],
  "xi_ablations": [
    "full"
  ],
  "suite_results": [
    {
      "suite_key": "phoronix_cpu",
      "pts_suite_filter": "cpu",
      "glob_pattern": "aces-System-Product-Name_cpu_[0-9][0-9][0-9][0-9][0-9][0-9][0-9][0-9]T[0-9][0-9][0-9][0-9][0-9][0-9]Z/run-*.json",
      "cv_mode_effective": "random_fold",
      "folds_effective": 5,
      "sessions": [
        "aces-System-Product-Name_cpu_20260520T033403Z"
      ],
      "n_samples": 5,
      "num_profiles_or_subtests": 13,
      "profile_ids_head": [
        "pts/asmfish-1.1.2",
        "pts/build-gcc-1.5.0",
        "pts/ctx-clock-1.0.0",
        "pts/kvazaar-1.2.0",
        "pts/namd-1.4.0",
        "pts/openssl-4.0.0",
        "pts/povray-1.2.1",
        "pts/radiance-1.0.0"
      ],
      "combinations": [
        {
          "suite_key": "phoronix_cpu",
          "xi_ablation": "full",
          "benchmark": "phoronix",
          "eval_partial_k": 3,
          "policy": "random",
          "oof_metrics": {
            "mae_all_targets": 5885922.67019406,
            "rmse_all_targets": 24466877.001523983,
            "mae_subtest_index_only": 6338681.722438666,
            "rmse_subtest_index_only": 25390478.201485835,
            "mae_suite_index": 54.99101417896909,
            "rmse_suite_index": 78.65106781568997,
            "spearman_suite": -0.39999999999999997,
            "kendall_tau_suite": -0.4,
            "median_bucket_accuracy_suite": 0.2
          },
          "per_fold_metrics": [
            {
              "mae_all_targets": 4064636.051858008,
              "rmse_all_targets": 13568644.824318573,
              "mae_subtest_index_only": 4377298.378146554,
              "rmse_subtest_index_only": 14080848.18565884,
              "mae_suite_index": 25.810106904173153,
              "rmse_suite_index": 25.810106904173153,
              "spearman_suite": NaN,
              "kendall_tau_suite": NaN,
              "fold": 0,
              "n_val": 1,
              "median_bucket_accuracy_suite": NaN,
              "mean_eval_wall_saved_fraction": 0.9202795637675598
            },
            {
              "mae_all_targets": 9196969.079679478,
              "rmse_all_targets": 34135048.589970484,
              "mae_subtest_index_only": 9904416.732141523,
              "rmse_subtest_index_only": 35423614.01808845,
              "mae_suite_index": 149.5976728943283,
              "rmse_suite_index": 149.5976728943283,
              "spearman_suite": NaN,
              "kendall_tau_suite": NaN,
              "fold": 1,
              "n_val": 1,
              "median_bucket_accuracy_suite": NaN,
              "mean_eval_wall_saved_fraction": 0.7872694436997474
            },
            {
              "mae_all_targets": 3215974.6992639108,
              "rmse_all_targets": 11464475.01318521,
              "mae_subtest_index_only": 3463357.058321839,
              "rmse_subtest_index_only": 11897247.977162477,
              "mae_suite_index": 4.031510838338363,
              "rmse_suite_index": 4.031510838338363,
              "spearman_suite": NaN,
              "kendall_tau_suite": NaN,
              "fold": 2,
              "n_val": 1,
              "median_bucket_accuracy_suite": NaN,
              "mean_eval_wall_saved_fraction": 0.8763142693338482
            },
            {
              "mae_all_targets": 10110124.168109698,
              "rmse_all_targets": 37491383.582840964,
              "mae_subtest_index_only": 10887819.225832816,
              "rmse_subtest_index_only": 38906647.446036406,
              "mae_suite_index": 88.41770917773056,
              "rmse_suite_index": 88.41770917773056,
              "spearman_suite": NaN,
              "kendall_tau_suite": NaN,
              "fold": 3,
              "n_val": 1,
              "median_bucket_accuracy_suite": NaN,
              "mean_eval_wall_saved_fraction": 0.2006762019229711
            },
            {
              "mae_all_targets": 2841909.352059207,
              "rmse_all_targets": 10334053.229333498,
              "mae_subtest_index_only": 3060517.217750601,
              "rmse_subtest_index_only": 10724153.85241588,
              "mae_suite_index": 7.098071080275076,
              "rmse_suite_index": 7.098071080275076,
              "spearman_suite": NaN,
              "kendall_tau_suite": NaN,
              "fold": 4,
              "n_val": 1,
              "median_bucket_accuracy_suite": NaN,
              "mean_eval_wall_saved_fraction": 0.965342181667358
            }
          ],
          "time_savings": {
            "mean_fraction_wall_time_saved_vs_full_suite": 0.749976332078297,
            "description": "Eval subset; PTS ti.by_test_id.time_s_total (or execution_cost)."
          },
          "n_oof": 5
        },
        {
          "suite_key": "phoronix_cpu",
          "xi_ablation": "full",
          "benchmark": "phoronix",
          "eval_partial_k": 3,
          "policy": "fixed_first_k",
          "oof_metrics": {
            "mae_all_targets": 5884423.553428654,
            "rmse_all_targets": 24458283.789384965,
            "mae_subtest_index_only": 6337067.288998999,
            "rmse_subtest_index_only": 25381560.603809476,
            "mae_suite_index": 54.99101417896909,
            "rmse_suite_index": 78.65106781568997,
            "spearman_suite": -0.39999999999999997,
            "kendall_tau_suite": -0.4,
            "median_bucket_accuracy_suite": 0.2
          },
          "per_fold_metrics": [
            {
              "mae_all_targets": 4064636.051858008,
              "rmse_all_targets": 13568644.824318573,
              "mae_subtest_index_only": 4377298.378146554,
              "rmse_subtest_index_only": 14080848.18565884,
              "mae_suite_index": 25.810106904173153,
              "rmse_suite_index": 25.810106904173153,
              "spearman_suite": NaN,
              "kendall_tau_suite": NaN,
              "fold": 0,
              "n_val": 1,
              "median_bucket_accuracy_suite": NaN,
              "mean_eval_wall_saved_fraction": 0.6646497936459375
            },
            {
              "mae_all_targets": 9196969.079679478,
              "rmse_all_targets": 34135048.589970484,
              "mae_subtest_index_only": 9904416.732141523,
              "rmse_subtest_index_only": 35423614.01808845,
              "mae_suite_index": 149.5976728943283,
              "rmse_suite_index": 149.5976728943283,
              "spearman_suite": NaN,
              "kendall_tau_suite": NaN,
              "fold": 1,
              "n_val": 1,
              "median_bucket_accuracy_suite": NaN,
              "mean_eval_wall_saved_fraction": 0.798881085146148
            },
            {
              "mae_all_targets": 3215974.7004789845,
              "rmse_all_targets": 11464475.013185231,
              "mae_subtest_index_only": 3463357.05963038,
              "rmse_subtest_index_only": 11897247.977162499,
              "mae_suite_index": 4.031510838338363,
              "rmse_suite_index": 4.031510838338363,
              "spearman_suite": NaN,
              "kendall_tau_suite": NaN,
              "fold": 2,
              "n_val": 1,
              "median_bucket_accuracy_suite": NaN,
              "mean_eval_wall_saved_fraction": 0.6201731802660962
            },
            {
              "mae_all_targets": 10102628.583067596,
              "rmse_all_targets": 37463338.36603003,
              "mae_subtest_index_only": 10879747.057325937,
              "rmse_subtest_index_only": 38877543.54912099,
              "mae_suite_index": 88.41770917773056,
              "rmse_suite_index": 88.41770917773056,
              "spearman_suite": NaN,
              "kendall_tau_suite": NaN,
              "fold": 3,
              "n_val": 1,
              "median_bucket_accuracy_suite": NaN,
              "mean_eval_wall_saved_fraction": 0.7127179702332185
            },
            {
              "mae_all_targets": 2841909.352059207,
              "rmse_all_targets": 10334053.229333498,
              "mae_subtest_index_only": 3060517.217750601,
              "rmse_subtest_index_only": 10724153.85241588,
              "mae_suite_index": 7.098071080275076,
              "rmse_suite_index": 7.098071080275076,
              "spearman_suite": NaN,
              "kendall_tau_suite": NaN,
              "fold": 4,
              "n_val": 1,
              "median_bucket_accuracy_suite": NaN,
              "mean_eval_wall_saved_fraction": 0.7450899065557371
            }
          ],
          "time_savings": {
            "mean_fraction_wall_time_saved_vs_full_suite": 0.7083023871694275,
            "description": "Eval subset; PTS ti.by_test_id.time_s_total (or execution_cost)."
          },
          "n_oof": 5
        },
        {
          "suite_key": "phoronix_cpu",
          "xi_ablation": "full",
          "benchmark": "phoronix",
          "eval_partial_k": 3,
          "policy": "fixed_cpu_mix",
          "oof_metrics": {
            "mae_all_targets": 5884423.553428654,
            "rmse_all_targets": 24458283.789384965,
            "mae_subtest_index_only": 6337067.288998999,
            "rmse_subtest_index_only": 25381560.603809476,
            "mae_suite_index": 54.99101417896909,
            "rmse_suite_index": 78.65106781568997,
            "spearman_suite": -0.39999999999999997,
            "kendall_tau_suite": -0.4,
            "median_bucket_accuracy_suite": 0.2
          },
          "per_fold_metrics": [
            {
              "mae_all_targets": 4064636.051858008,
              "rmse_all_targets": 13568644.824318573,
              "mae_subtest_index_only": 4377298.378146554,
              "rmse_subtest_index_only": 14080848.18565884,
              "mae_suite_index": 25.810106904173153,
              "rmse_suite_index": 25.810106904173153,
              "spearman_suite": NaN,
              "kendall_tau_suite": NaN,
              "fold": 0,
              "n_val": 1,
              "median_bucket_accuracy_suite": NaN,
              "mean_eval_wall_saved_fraction": 0.6646497936459375
            },
            {
              "mae_all_targets": 9196969.079679478,
              "rmse_all_targets": 34135048.589970484,
              "mae_subtest_index_only": 9904416.732141523,
              "rmse_subtest_index_only": 35423614.01808845,
              "mae_suite_index": 149.5976728943283,
              "rmse_suite_index": 149.5976728943283,
              "spearman_suite": NaN,
              "kendall_tau_suite": NaN,
              "fold": 1,
              "n_val": 1,
              "median_bucket_accuracy_suite": NaN,
              "mean_eval_wall_saved_fraction": 0.798881085146148
            },
            {
              "mae_all_targets": 3215974.7004789845,
              "rmse_all_targets": 11464475.013185231,
              "mae_subtest_index_only": 3463357.05963038,
              "rmse_subtest_index_only": 11897247.977162499,
              "mae_suite_index": 4.031510838338363,
              "rmse_suite_index": 4.031510838338363,
              "spearman_suite": NaN,
              "kendall_tau_suite": NaN,
              "fold": 2,
              "n_val": 1,
              "median_bucket_accuracy_suite": NaN,
              "mean_eval_wall_saved_fraction": 0.6201731802660962
            },
            {
              "mae_all_targets": 10102628.583067596,
              "rmse_all_targets": 37463338.36603003,
              "mae_subtest_index_only": 10879747.057325937,
              "rmse_subtest_index_only": 38877543.54912099,
              "mae_suite_index": 88.41770917773056,
              "rmse_suite_index": 88.41770917773056,
              "spearman_suite": NaN,
              "kendall_tau_suite": NaN,
              "fold": 3,
              "n_val": 1,
              "median_bucket_accuracy_suite": NaN,
              "mean_eval_wall_saved_fraction": 0.7127179702332185
            },
            {
              "mae_all_targets": 2841909.352059207,
              "rmse_all_targets": 10334053.229333498,
              "mae_subtest_index_only": 3060517.217750601,
              "rmse_subtest_index_only": 10724153.85241588,
              "mae_suite_index": 7.098071080275076,
              "rmse_suite_index": 7.098071080275076,
              "spearman_suite": NaN,
              "kendall_tau_suite": NaN,
              "fold": 4,
              "n_val": 1,
              "median_bucket_accuracy_suite": NaN,
              "mean_eval_wall_saved_fraction": 0.7450899065557371
            }
          ],
          "time_savings": {
            "mean_fraction_wall_time_saved_vs_full_suite": 0.7083023871694275,
            "description": "Eval subset; PTS ti.by_test_id.time_s_total (or execution_cost)."
          },
          "n_oof": 5
        },
        {
          "suite_key": "phoronix_cpu",
          "xi_ablation": "full",
          "benchmark": "phoronix",
          "eval_partial_k": 3,
          "policy": "fixed_io_mix",
          "oof_metrics": {
            "mae_all_targets": 5884423.553428654,
            "rmse_all_targets": 24458283.789384965,
            "mae_subtest_index_only": 6337067.288998999,
            "rmse_subtest_index_only": 25381560.603809476,
            "mae_suite_index": 54.99101417896909,
            "rmse_suite_index": 78.65106781568997,
            "spearman_suite": -0.39999999999999997,
            "kendall_tau_suite": -0.4,
            "median_bucket_accuracy_suite": 0.2
          },
          "per_fold_metrics": [
            {
              "mae_all_targets": 4064636.051858008,
              "rmse_all_targets": 13568644.824318573,
              "mae_subtest_index_only": 4377298.378146554,
              "rmse_subtest_index_only": 14080848.18565884,
              "mae_suite_index": 25.810106904173153,
              "rmse_suite_index": 25.810106904173153,
              "spearman_suite": NaN,
              "kendall_tau_suite": NaN,
              "fold": 0,
              "n_val": 1,
              "median_bucket_accuracy_suite": NaN,
              "mean_eval_wall_saved_fraction": 0.6646497936459375
            },
            {
              "mae_all_targets": 9196969.079679478,
              "rmse_all_targets": 34135048.589970484,
              "mae_subtest_index_only": 9904416.732141523,
              "rmse_subtest_index_only": 35423614.01808845,
              "mae_suite_index": 149.5976728943283,
              "rmse_suite_index": 149.5976728943283,
              "spearman_suite": NaN,
              "kendall_tau_suite": NaN,
              "fold": 1,
              "n_val": 1,
              "median_bucket_accuracy_suite": NaN,
              "mean_eval_wall_saved_fraction": 0.798881085146148
            },
            {
              "mae_all_targets": 3215974.7004789845,
              "rmse_all_targets": 11464475.013185231,
              "mae_subtest_index_only": 3463357.05963038,
              "rmse_subtest_index_only": 11897247.977162499,
              "mae_suite_index": 4.031510838338363,
              "rmse_suite_index": 4.031510838338363,
              "spearman_suite": NaN,
              "kendall_tau_suite": NaN,
              "fold": 2,
              "n_val": 1,
              "median_bucket_accuracy_suite": NaN,
              "mean_eval_wall_saved_fraction": 0.6201731802660962
            },
            {
              "mae_all_targets": 10102628.583067596,
              "rmse_all_targets": 37463338.36603003,
              "mae_subtest_index_only": 10879747.057325937,
              "rmse_subtest_index_only": 38877543.54912099,
              "mae_suite_index": 88.41770917773056,
              "rmse_suite_index": 88.41770917773056,
              "spearman_suite": NaN,
              "kendall_tau_suite": NaN,
              "fold": 3,
              "n_val": 1,
              "median_bucket_accuracy_suite": NaN,
              "mean_eval_wall_saved_fraction": 0.7127179702332185
            },
            {
              "mae_all_targets": 2841909.352059207,
              "rmse_all_targets": 10334053.229333498,
              "mae_subtest_index_only": 3060517.217750601,
              "rmse_subtest_index_only": 10724153.85241588,
              "mae_suite_index": 7.098071080275076,
              "rmse_suite_index": 7.098071080275076,
              "spearman_suite": NaN,
              "kendall_tau_suite": NaN,
              "fold": 4,
              "n_val": 1,
              "median_bucket_accuracy_suite": NaN,
              "mean_eval_wall_saved_fraction": 0.7450899065557371
            }
          ],
          "time_savings": {
            "mean_fraction_wall_time_saved_vs_full_suite": 0.7083023871694275,
            "description": "Eval subset; PTS ti.by_test_id.time_s_total (or execution_cost)."
          },
          "n_oof": 5
        },
        {
          "suite_key": "phoronix_cpu",
          "xi_ablation": "full",
          "benchmark": "phoronix",
          "eval_partial_k": 3,
          "policy": "greedy_slowest",
          "oof_metrics": {
            "mae_all_targets": 5887627.886240007,
            "rmse_all_targets": 24476655.758172996,
            "mae_subtest_index_only": 6340518.108949686,
            "rmse_subtest_index_only": 25400626.096843276,
            "mae_suite_index": 54.99101417896909,
            "rmse_suite_index": 78.65106781568997,
            "spearman_suite": -0.39999999999999997,
            "kendall_tau_suite": -0.4,
            "median_bucket_accuracy_suite": 0.2
          },
          "per_fold_metrics": [
            {
              "mae_all_targets": 4064636.051858008,
              "rmse_all_targets": 13568644.824318573,
              "mae_subtest_index_only": 4377298.378146554,
              "rmse_subtest_index_only": 14080848.18565884,
              "mae_suite_index": 25.810106904173153,
              "rmse_suite_index": 25.810106904173153,
              "spearman_suite": NaN,
              "kendall_tau_suite": NaN,
              "fold": 0,
              "n_val": 1,
              "median_bucket_accuracy_suite": NaN,
              "mean_eval_wall_saved_fraction": 0.2654035515087885
            },
            {
              "mae_all_targets": 9196969.079679478,
              "rmse_all_targets": 34135048.589970484,
              "mae_subtest_index_only": 9904416.732141523,
              "rmse_subtest_index_only": 35423614.01808845,
              "mae_suite_index": 149.5976728943283,
              "rmse_suite_index": 149.5976728943283,
              "spearman_suite": NaN,
              "kendall_tau_suite": NaN,
              "fold": 1,
              "n_val": 1,
              "median_bucket_accuracy_suite": NaN,
              "mean_eval_wall_saved_fraction": 0.20619267059303403
            },
            {
              "mae_all_targets": 3215974.6979558025,
              "rmse_all_targets": 11464475.013185188,
              "mae_subtest_index_only": 3463357.0569131076,
              "rmse_subtest_index_only": 11897247.977162452,
              "mae_suite_index": 4.031510838338363,
              "rmse_suite_index": 4.031510838338363,
              "spearman_suite": NaN,
              "kendall_tau_suite": NaN,
              "fold": 2,
              "n_val": 1,
              "median_bucket_accuracy_suite": NaN,
              "mean_eval_wall_saved_fraction": 0.20929407027125108
            },
            {
              "mae_all_targets": 10118650.249647541,
              "rmse_all_targets": 37523284.470282175,
              "mae_subtest_index_only": 10897001.159796646,
              "rmse_subtest_index_only": 38939752.56145976,
              "mae_suite_index": 88.41770917773056,
              "rmse_suite_index": 88.41770917773056,
              "spearman_suite": NaN,
              "kendall_tau_suite": NaN,
              "fold": 3,
              "n_val": 1,
              "median_bucket_accuracy_suite": NaN,
              "mean_eval_wall_saved_fraction": 0.1643184745700844
            },
            {
              "mae_all_targets": 2841909.352059207,
              "rmse_all_targets": 10334053.229333498,
              "mae_subtest_index_only": 3060517.217750601,
              "rmse_subtest_index_only": 10724153.85241588,
              "mae_suite_index": 7.098071080275076,
              "rmse_suite_index": 7.098071080275076,
              "spearman_suite": NaN,
              "kendall_tau_suite": NaN,
              "fold": 4,
              "n_val": 1,
              "median_bucket_accuracy_suite": NaN,
              "mean_eval_wall_saved_fraction": 0.23148608095249718
            }
          ],
          "time_savings": {
            "mean_fraction_wall_time_saved_vs_full_suite": 0.21533896957913107,
            "description": "Eval subset; PTS ti.by_test_id.time_s_total (or execution_cost)."
          },
          "n_oof": 5
        },
        {
          "suite_key": "phoronix_cpu",
          "xi_ablation": "full",
          "benchmark": "phoronix",
          "eval_partial_k": 3,
          "policy": "greedy_fastest",
          "oof_metrics": {
            "mae_all_targets": 5882716.145953573,
            "rmse_all_targets": 24448500.79486168,
            "mae_subtest_index_only": 6335228.542487374,
            "rmse_subtest_index_only": 25371408.31060208,
            "mae_suite_index": 54.99101417896909,
            "rmse_suite_index": 78.65106781568997,
            "spearman_suite": -0.39999999999999997,
            "kendall_tau_suite": -0.4,
            "median_bucket_accuracy_suite": 0.2
          },
          "per_fold_metrics": [
            {
              "mae_all_targets": 4064636.051858008,
              "rmse_all_targets": 13568644.824318573,
              "mae_subtest_index_only": 4377298.378146554,
              "rmse_subtest_index_only": 14080848.18565884,
              "mae_suite_index": 25.810106904173153,
              "rmse_suite_index": 25.810106904173153,
              "spearman_suite": NaN,
              "kendall_tau_suite": NaN,
              "fold": 0,
              "n_val": 1,
              "median_bucket_accuracy_suite": NaN,
              "mean_eval_wall_saved_fraction": 0.9879789693199321
            },
            {
              "mae_all_targets": 9196969.079679478,
              "rmse_all_targets": 34135048.589970484,
              "mae_subtest_index_only": 9904416.732141523,
              "rmse_subtest_index_only": 35423614.01808845,
              "mae_suite_index": 149.5976728943283,
              "rmse_suite_index": 149.5976728943283,
              "spearman_suite": NaN,
              "kendall_tau_suite": NaN,
              "fold": 1,
              "n_val": 1,
              "median_bucket_accuracy_suite": NaN,
              "mean_eval_wall_saved_fraction": 0.9915117333962208
            },
            {
              "mae_all_targets": 3215974.684871932,
              "rmse_all_targets": 11464475.01318496,
              "mae_subtest_index_only": 3463357.0428227857,
              "rmse_subtest_index_only": 11897247.977162216,
              "mae_suite_index": 4.031510838338363,
              "rmse_suite_index": 4.031510838338363,
              "spearman_suite": NaN,
              "kendall_tau_suite": NaN,
              "fold": 2,
              "n_val": 1,
              "median_bucket_accuracy_suite": NaN,
              "mean_eval_wall_saved_fraction": 0.9922121657076468
            },
            {
              "mae_all_targets": 10094091.561299248,
              "rmse_all_targets": 37431396.54753705,
              "mae_subtest_index_only": 10870553.341575406,
              "rmse_subtest_index_only": 38844395.95753782,
              "mae_suite_index": 88.41770917773056,
              "rmse_suite_index": 88.41770917773056,
              "spearman_suite": NaN,
              "kendall_tau_suite": NaN,
              "fold": 3,
              "n_val": 1,
              "median_bucket_accuracy_suite": NaN,
              "mean_eval_wall_saved_fraction": 0.9800930305377116
            },
            {
              "mae_all_targets": 2841909.352059207,
              "rmse_all_targets": 10334053.229333498,
              "mae_subtest_index_only": 3060517.217750601,
              "rmse_subtest_index_only": 10724153.85241588,
              "mae_suite_index": 7.098071080275076,
              "rmse_suite_index": 7.098071080275076,
              "spearman_suite": NaN,
              "kendall_tau_suite": NaN,
              "fold": 4,
              "n_val": 1,
              "median_bucket_accuracy_suite": NaN,
              "mean_eval_wall_saved_fraction": 0.9904496547685852
            }
          ],
          "time_savings": {
            "mean_fraction_wall_time_saved_vs_full_suite": 0.9884491107460194,
            "description": "Eval subset; PTS ti.by_test_id.time_s_total (or execution_cost)."
          },
          "n_oof": 5
        },
        {
          "suite_key": "phoronix_cpu",
          "xi_ablation": "full",
          "benchmark": "phoronix",
          "eval_partial_k": 3,
          "policy": "router",
          "oof_metrics": {
            "mae_all_targets": 5886524.763105326,
            "rmse_all_targets": 24470329.279058132,
            "mae_subtest_index_only": 6339330.130189262,
            "rmse_subtest_index_only": 25394060.799194194,
            "mae_suite_index": 54.99101417896909,
            "rmse_suite_index": 78.65106781568997,
            "spearman_suite": -0.39999999999999997,
            "kendall_tau_suite": -0.4,
            "median_bucket_accuracy_suite": 0.2
          },
          "per_fold_metrics": [
            {
              "mae_all_targets": 4064636.051858008,
              "rmse_all_targets": 13568644.824318573,
              "mae_subtest_index_only": 4377298.378146554,
              "rmse_subtest_index_only": 14080848.18565884,
              "mae_suite_index": 25.810106904173153,
              "rmse_suite_index": 25.810106904173153,
              "spearman_suite": NaN,
              "kendall_tau_suite": NaN,
              "fold": 0,
              "n_val": 1,
              "median_bucket_accuracy_suite": NaN,
              "mean_eval_wall_saved_fraction": 0.9129571524147965
            },
            {
              "mae_all_targets": 9196969.079679478,
              "rmse_all_targets": 34135048.589970484,
              "mae_subtest_index_only": 9904416.732141523,
              "rmse_subtest_index_only": 35423614.01808845,
              "mae_suite_index": 149.5976728943283,
              "rmse_suite_index": 149.5976728943283,
              "spearman_suite": NaN,
              "kendall_tau_suite": NaN,
              "fold": 1,
              "n_val": 1,
              "median_bucket_accuracy_suite": NaN,
              "mean_eval_wall_saved_fraction": 0.829308256202772
            },
            {
              "mae_all_targets": 3215974.6896608514,
              "rmse_all_targets": 11464475.013185043,
              "mae_subtest_index_only": 3463357.047980083,
              "rmse_subtest_index_only": 11897247.977162302,
              "mae_suite_index": 4.031510838338363,
              "rmse_suite_index": 4.031510838338363,
              "spearman_suite": NaN,
              "kendall_tau_suite": NaN,
              "fold": 2,
              "n_val": 1,
              "median_bucket_accuracy_suite": NaN,
              "mean_eval_wall_saved_fraction": 0.8963962107689293
            },
            {
              "mae_all_targets": 10113134.642269092,
              "rmse_all_targets": 37502647.46714361,
              "mae_subtest_index_only": 10891061.274927547,
              "rmse_subtest_index_only": 38918336.5311956,
              "mae_suite_index": 88.41770917773056,
              "rmse_suite_index": 88.41770917773056,
              "spearman_suite": NaN,
              "kendall_tau_suite": NaN,
              "fold": 3,
              "n_val": 1,
              "median_bucket_accuracy_suite": NaN,
              "mean_eval_wall_saved_fraction": 0.9240812057996102
            },
            {
              "mae_all_targets": 2841909.352059207,
              "rmse_all_targets": 10334053.229333498,
              "mae_subtest_index_only": 3060517.217750601,
              "rmse_subtest_index_only": 10724153.85241588,
              "mae_suite_index": 7.098071080275076,
              "rmse_suite_index": 7.098071080275076,
              "spearman_suite": NaN,
              "kendall_tau_suite": NaN,
              "fold": 4,
              "n_val": 1,
              "median_bucket_accuracy_suite": NaN,
              "mean_eval_wall_saved_fraction": 0.8933730207138849
            }
          ],
          "time_savings": {
            "mean_fraction_wall_time_saved_vs_full_suite": 0.8912231691799987,
            "description": "Eval subset; PTS ti.by_test_id.time_s_total (or execution_cost)."
          },
          "n_oof": 5
        }
      ]
    }
  ]
}
+ /home/cxc/dev/miniconda3/bin/python3 /home/cxc/MoEBench/scripts/paper_reconstruct_cv_extras.py --dataset-root /home/cxc/MoEBench/dataset --suites phoronix_cpu --cv-mode leave_one_session_out --seed 42 --model-type lightgbm --log1p-partial-value --train-aug 10 --train-k-max 12 --xi-ablations full --report-json /home/cxc/MoEBench/dataset/paper_supplementary/policy_phoronix_cpu_iZbp1glgt48i9a8d49embxZ.json --auto-install --glob-pts-cpu iZbp1glgt48i9a8d49embxZ_cpu_[0-9][0-9][0-9][0-9][0-9][0-9][0-9][0-9]T[0-9][0-9][0-9][0-9][0-9][0-9]Z/run-*.json --router-model-pts-cpu /home/cxc/MoEBench/dataset/experiments/router_recon_grid_cpu_iZbp1glgt48i9a8d49embxZ_20260525T134507Z/trained_models/router_mlp.pt --eval-partial-k 3 --policies random,fixed_first_k,fixed_cpu_mix,fixed_io_mix,greedy_slowest,greedy_fastest,router
[phoronix_cpu] leave_one_session_out needs >= 2 session dirs; got 1. Falling back to random_fold.
Requirement already satisfied: lightgbm in /home/cxc/dev/miniconda3/lib/python3.13/site-packages (4.6.0)
Requirement already satisfied: numpy>=1.17.0 in /home/cxc/dev/miniconda3/lib/python3.13/site-packages (from lightgbm) (2.4.4)
Requirement already satisfied: scipy in /home/cxc/dev/miniconda3/lib/python3.13/site-packages (from lightgbm) (1.17.1)
Requirement already satisfied: lightgbm in /home/cxc/dev/miniconda3/lib/python3.13/site-packages (4.6.0)
Requirement already satisfied: numpy>=1.17.0 in /home/cxc/dev/miniconda3/lib/python3.13/site-packages (from lightgbm) (2.4.4)
Requirement already satisfied: scipy in /home/cxc/dev/miniconda3/lib/python3.13/site-packages (from lightgbm) (1.17.1)
Requirement already satisfied: lightgbm in /home/cxc/dev/miniconda3/lib/python3.13/site-packages (4.6.0)
Requirement already satisfied: numpy>=1.17.0 in /home/cxc/dev/miniconda3/lib/python3.13/site-packages (from lightgbm) (2.4.4)
Requirement already satisfied: scipy in /home/cxc/dev/miniconda3/lib/python3.13/site-packages (from lightgbm) (1.17.1)
Requirement already satisfied: lightgbm in /home/cxc/dev/miniconda3/lib/python3.13/site-packages (4.6.0)
Requirement already satisfied: numpy>=1.17.0 in /home/cxc/dev/miniconda3/lib/python3.13/site-packages (from lightgbm) (2.4.4)
Requirement already satisfied: scipy in /home/cxc/dev/miniconda3/lib/python3.13/site-packages (from lightgbm) (1.17.1)
Requirement already satisfied: lightgbm in /home/cxc/dev/miniconda3/lib/python3.13/site-packages (4.6.0)
Requirement already satisfied: numpy>=1.17.0 in /home/cxc/dev/miniconda3/lib/python3.13/site-packages (from lightgbm) (2.4.4)
Requirement already satisfied: scipy in /home/cxc/dev/miniconda3/lib/python3.13/site-packages (from lightgbm) (1.17.1)
Requirement already satisfied: lightgbm in /home/cxc/dev/miniconda3/lib/python3.13/site-packages (4.6.0)
Requirement already satisfied: numpy>=1.17.0 in /home/cxc/dev/miniconda3/lib/python3.13/site-packages (from lightgbm) (2.4.4)
Requirement already satisfied: scipy in /home/cxc/dev/miniconda3/lib/python3.13/site-packages (from lightgbm) (1.17.1)
Requirement already satisfied: lightgbm in /home/cxc/dev/miniconda3/lib/python3.13/site-packages (4.6.0)
Requirement already satisfied: numpy>=1.17.0 in /home/cxc/dev/miniconda3/lib/python3.13/site-packages (from lightgbm) (2.4.4)
Requirement already satisfied: scipy in /home/cxc/dev/miniconda3/lib/python3.13/site-packages (from lightgbm) (1.17.1)
Requirement already satisfied: lightgbm in /home/cxc/dev/miniconda3/lib/python3.13/site-packages (4.6.0)
Requirement already satisfied: numpy>=1.17.0 in /home/cxc/dev/miniconda3/lib/python3.13/site-packages (from lightgbm) (2.4.4)
Requirement already satisfied: scipy in /home/cxc/dev/miniconda3/lib/python3.13/site-packages (from lightgbm) (1.17.1)
Requirement already satisfied: lightgbm in /home/cxc/dev/miniconda3/lib/python3.13/site-packages (4.6.0)
Requirement already satisfied: numpy>=1.17.0 in /home/cxc/dev/miniconda3/lib/python3.13/site-packages (from lightgbm) (2.4.4)
Requirement already satisfied: scipy in /home/cxc/dev/miniconda3/lib/python3.13/site-packages (from lightgbm) (1.17.1)
Requirement already satisfied: lightgbm in /home/cxc/dev/miniconda3/lib/python3.13/site-packages (4.6.0)
Requirement already satisfied: numpy>=1.17.0 in /home/cxc/dev/miniconda3/lib/python3.13/site-packages (from lightgbm) (2.4.4)
Requirement already satisfied: scipy in /home/cxc/dev/miniconda3/lib/python3.13/site-packages (from lightgbm) (1.17.1)
Requirement already satisfied: lightgbm in /home/cxc/dev/miniconda3/lib/python3.13/site-packages (4.6.0)
Requirement already satisfied: numpy>=1.17.0 in /home/cxc/dev/miniconda3/lib/python3.13/site-packages (from lightgbm) (2.4.4)
Requirement already satisfied: scipy in /home/cxc/dev/miniconda3/lib/python3.13/site-packages (from lightgbm) (1.17.1)
Requirement already satisfied: lightgbm in /home/cxc/dev/miniconda3/lib/python3.13/site-packages (4.6.0)
Requirement already satisfied: numpy>=1.17.0 in /home/cxc/dev/miniconda3/lib/python3.13/site-packages (from lightgbm) (2.4.4)
Requirement already satisfied: scipy in /home/cxc/dev/miniconda3/lib/python3.13/site-packages (from lightgbm) (1.17.1)
Requirement already satisfied: lightgbm in /home/cxc/dev/miniconda3/lib/python3.13/site-packages (4.6.0)
Requirement already satisfied: numpy>=1.17.0 in /home/cxc/dev/miniconda3/lib/python3.13/site-packages (from lightgbm) (2.4.4)
Requirement already satisfied: scipy in /home/cxc/dev/miniconda3/lib/python3.13/site-packages (from lightgbm) (1.17.1)
Requirement already satisfied: lightgbm in /home/cxc/dev/miniconda3/lib/python3.13/site-packages (4.6.0)
Requirement already satisfied: numpy>=1.17.0 in /home/cxc/dev/miniconda3/lib/python3.13/site-packages (from lightgbm) (2.4.4)
Requirement already satisfied: scipy in /home/cxc/dev/miniconda3/lib/python3.13/site-packages (from lightgbm) (1.17.1)
Requirement already satisfied: lightgbm in /home/cxc/dev/miniconda3/lib/python3.13/site-packages (4.6.0)
Requirement already satisfied: numpy>=1.17.0 in /home/cxc/dev/miniconda3/lib/python3.13/site-packages (from lightgbm) (2.4.4)
Requirement already satisfied: scipy in /home/cxc/dev/miniconda3/lib/python3.13/site-packages (from lightgbm) (1.17.1)
Requirement already satisfied: lightgbm in /home/cxc/dev/miniconda3/lib/python3.13/site-packages (4.6.0)
Requirement already satisfied: numpy>=1.17.0 in /home/cxc/dev/miniconda3/lib/python3.13/site-packages (from lightgbm) (2.4.4)
Requirement already satisfied: scipy in /home/cxc/dev/miniconda3/lib/python3.13/site-packages (from lightgbm) (1.17.1)
Requirement already satisfied: lightgbm in /home/cxc/dev/miniconda3/lib/python3.13/site-packages (4.6.0)
Requirement already satisfied: numpy>=1.17.0 in /home/cxc/dev/miniconda3/lib/python3.13/site-packages (from lightgbm) (2.4.4)
Requirement already satisfied: scipy in /home/cxc/dev/miniconda3/lib/python3.13/site-packages (from lightgbm) (1.17.1)
Requirement already satisfied: lightgbm in /home/cxc/dev/miniconda3/lib/python3.13/site-packages (4.6.0)
Requirement already satisfied: numpy>=1.17.0 in /home/cxc/dev/miniconda3/lib/python3.13/site-packages (from lightgbm) (2.4.4)
Requirement already satisfied: scipy in /home/cxc/dev/miniconda3/lib/python3.13/site-packages (from lightgbm) (1.17.1)
Requirement already satisfied: lightgbm in /home/cxc/dev/miniconda3/lib/python3.13/site-packages (4.6.0)
Requirement already satisfied: numpy>=1.17.0 in /home/cxc/dev/miniconda3/lib/python3.13/site-packages (from lightgbm) (2.4.4)
Requirement already satisfied: scipy in /home/cxc/dev/miniconda3/lib/python3.13/site-packages (from lightgbm) (1.17.1)
Requirement already satisfied: lightgbm in /home/cxc/dev/miniconda3/lib/python3.13/site-packages (4.6.0)
Requirement already satisfied: numpy>=1.17.0 in /home/cxc/dev/miniconda3/lib/python3.13/site-packages (from lightgbm) (2.4.4)
Requirement already satisfied: scipy in /home/cxc/dev/miniconda3/lib/python3.13/site-packages (from lightgbm) (1.17.1)
Requirement already satisfied: lightgbm in /home/cxc/dev/miniconda3/lib/python3.13/site-packages (4.6.0)
Requirement already satisfied: numpy>=1.17.0 in /home/cxc/dev/miniconda3/lib/python3.13/site-packages (from lightgbm) (2.4.4)
Requirement already satisfied: scipy in /home/cxc/dev/miniconda3/lib/python3.13/site-packages (from lightgbm) (1.17.1)
Requirement already satisfied: lightgbm in /home/cxc/dev/miniconda3/lib/python3.13/site-packages (4.6.0)
Requirement already satisfied: numpy>=1.17.0 in /home/cxc/dev/miniconda3/lib/python3.13/site-packages (from lightgbm) (2.4.4)
Requirement already satisfied: scipy in /home/cxc/dev/miniconda3/lib/python3.13/site-packages (from lightgbm) (1.17.1)
Requirement already satisfied: lightgbm in /home/cxc/dev/miniconda3/lib/python3.13/site-packages (4.6.0)
Requirement already satisfied: numpy>=1.17.0 in /home/cxc/dev/miniconda3/lib/python3.13/site-packages (from lightgbm) (2.4.4)
Requirement already satisfied: scipy in /home/cxc/dev/miniconda3/lib/python3.13/site-packages (from lightgbm) (1.17.1)
Requirement already satisfied: lightgbm in /home/cxc/dev/miniconda3/lib/python3.13/site-packages (4.6.0)
Requirement already satisfied: numpy>=1.17.0 in /home/cxc/dev/miniconda3/lib/python3.13/site-packages (from lightgbm) (2.4.4)
Requirement already satisfied: scipy in /home/cxc/dev/miniconda3/lib/python3.13/site-packages (from lightgbm) (1.17.1)
Requirement already satisfied: lightgbm in /home/cxc/dev/miniconda3/lib/python3.13/site-packages (4.6.0)
Requirement already satisfied: numpy>=1.17.0 in /home/cxc/dev/miniconda3/lib/python3.13/site-packages (from lightgbm) (2.4.4)
Requirement already satisfied: scipy in /home/cxc/dev/miniconda3/lib/python3.13/site-packages (from lightgbm) (1.17.1)
Requirement already satisfied: lightgbm in /home/cxc/dev/miniconda3/lib/python3.13/site-packages (4.6.0)
Requirement already satisfied: numpy>=1.17.0 in /home/cxc/dev/miniconda3/lib/python3.13/site-packages (from lightgbm) (2.4.4)
Requirement already satisfied: scipy in /home/cxc/dev/miniconda3/lib/python3.13/site-packages (from lightgbm) (1.17.1)
Requirement already satisfied: lightgbm in /home/cxc/dev/miniconda3/lib/python3.13/site-packages (4.6.0)
Requirement already satisfied: numpy>=1.17.0 in /home/cxc/dev/miniconda3/lib/python3.13/site-packages (from lightgbm) (2.4.4)
Requirement already satisfied: scipy in /home/cxc/dev/miniconda3/lib/python3.13/site-packages (from lightgbm) (1.17.1)
Requirement already satisfied: lightgbm in /home/cxc/dev/miniconda3/lib/python3.13/site-packages (4.6.0)
Requirement already satisfied: numpy>=1.17.0 in /home/cxc/dev/miniconda3/lib/python3.13/site-packages (from lightgbm) (2.4.4)
Requirement already satisfied: scipy in /home/cxc/dev/miniconda3/lib/python3.13/site-packages (from lightgbm) (1.17.1)
Requirement already satisfied: lightgbm in /home/cxc/dev/miniconda3/lib/python3.13/site-packages (4.6.0)
Requirement already satisfied: numpy>=1.17.0 in /home/cxc/dev/miniconda3/lib/python3.13/site-packages (from lightgbm) (2.4.4)
Requirement already satisfied: scipy in /home/cxc/dev/miniconda3/lib/python3.13/site-packages (from lightgbm) (1.17.1)
Requirement already satisfied: lightgbm in /home/cxc/dev/miniconda3/lib/python3.13/site-packages (4.6.0)
Requirement already satisfied: numpy>=1.17.0 in /home/cxc/dev/miniconda3/lib/python3.13/site-packages (from lightgbm) (2.4.4)
Requirement already satisfied: scipy in /home/cxc/dev/miniconda3/lib/python3.13/site-packages (from lightgbm) (1.17.1)
Requirement already satisfied: lightgbm in /home/cxc/dev/miniconda3/lib/python3.13/site-packages (4.6.0)
Requirement already satisfied: numpy>=1.17.0 in /home/cxc/dev/miniconda3/lib/python3.13/site-packages (from lightgbm) (2.4.4)
Requirement already satisfied: scipy in /home/cxc/dev/miniconda3/lib/python3.13/site-packages (from lightgbm) (1.17.1)
Requirement already satisfied: lightgbm in /home/cxc/dev/miniconda3/lib/python3.13/site-packages (4.6.0)
Requirement already satisfied: numpy>=1.17.0 in /home/cxc/dev/miniconda3/lib/python3.13/site-packages (from lightgbm) (2.4.4)
Requirement already satisfied: scipy in /home/cxc/dev/miniconda3/lib/python3.13/site-packages (from lightgbm) (1.17.1)
Requirement already satisfied: lightgbm in /home/cxc/dev/miniconda3/lib/python3.13/site-packages (4.6.0)
Requirement already satisfied: numpy>=1.17.0 in /home/cxc/dev/miniconda3/lib/python3.13/site-packages (from lightgbm) (2.4.4)
Requirement already satisfied: scipy in /home/cxc/dev/miniconda3/lib/python3.13/site-packages (from lightgbm) (1.17.1)
Requirement already satisfied: lightgbm in /home/cxc/dev/miniconda3/lib/python3.13/site-packages (4.6.0)
Requirement already satisfied: numpy>=1.17.0 in /home/cxc/dev/miniconda3/lib/python3.13/site-packages (from lightgbm) (2.4.4)
Requirement already satisfied: scipy in /home/cxc/dev/miniconda3/lib/python3.13/site-packages (from lightgbm) (1.17.1)
Requirement already satisfied: lightgbm in /home/cxc/dev/miniconda3/lib/python3.13/site-packages (4.6.0)
Requirement already satisfied: numpy>=1.17.0 in /home/cxc/dev/miniconda3/lib/python3.13/site-packages (from lightgbm) (2.4.4)
Requirement already satisfied: scipy in /home/cxc/dev/miniconda3/lib/python3.13/site-packages (from lightgbm) (1.17.1)
{
  "schema": "moebench.paper_reconstruct_cv_extras.v2",
  "dataset_root": "/home/cxc/MoEBench/dataset",
  "suites_requested": [
    "phoronix_cpu"
  ],
  "eval_partial_k_list": [
    3
  ],
  "train_k_range_requested": [
    2,
    12
  ],
  "pts_suite_target": "logmean",
  "model_type": "lightgbm",
  "policies": [
    "random",
    "fixed_first_k",
    "fixed_cpu_mix",
    "fixed_io_mix",
    "greedy_slowest",
    "greedy_fastest",
    "router"
  ],
  "xi_ablations": [
    "full"
  ],
  "suite_results": [
    {
      "suite_key": "phoronix_cpu",
      "pts_suite_filter": "cpu",
      "glob_pattern": "iZbp1glgt48i9a8d49embxZ_cpu_[0-9][0-9][0-9][0-9][0-9][0-9][0-9][0-9]T[0-9][0-9][0-9][0-9][0-9][0-9]Z/run-*.json",
      "cv_mode_effective": "random_fold",
      "folds_effective": 5,
      "sessions": [
        "iZbp1glgt48i9a8d49embxZ_cpu_20260525T050416Z"
      ],
      "n_samples": 5,
      "num_profiles_or_subtests": 5,
      "profile_ids_head": [
        "pts/asmfish-1.1.2",
        "pts/ctx-clock-1.0.0",
        "pts/namd-1.4.0",
        "pts/radiance-1.0.0",
        "pts/rodinia-1.3.2"
      ],
      "combinations": [
        {
          "suite_key": "phoronix_cpu",
          "xi_ablation": "full",
          "benchmark": "phoronix",
          "eval_partial_k": 3,
          "policy": "random",
          "oof_metrics": {
            "mae_all_targets": 6619.759167368812,
            "rmse_all_targets": 18583.14446149201,
            "mae_subtest_index_only": 7943.460934699999,
            "rmse_subtest_index_only": 20356.814811799817,
            "mae_suite_index": 1.250330712878099,
            "rmse_suite_index": 1.4319653737199356,
            "spearman_suite": -0.7,
            "kendall_tau_suite": -0.6,
            "median_bucket_accuracy_suite": 0.2
          },
          "per_fold_metrics": [
            {
              "mae_all_targets": 6366.560117411843,
              "rmse_all_targets": 15590.479035032029,
              "mae_subtest_index_only": 7639.690011116327,
              "rmse_subtest_index_only": 17078.514094741135,
              "mae_suite_index": 0.9106488894246922,
              "rmse_suite_index": 0.9106488894246922,
              "spearman_suite": NaN,
              "kendall_tau_suite": NaN,
              "fold": 0,
              "n_val": 1,
              "median_bucket_accuracy_suite": NaN,
              "mean_eval_wall_saved_fraction": 0.7701796957476057
            },
            {
              "mae_all_targets": 12570.378312056311,
              "rmse_all_targets": 30785.584869983744,
              "mae_subtest_index_only": 15084.098995469894,
              "rmse_subtest_index_only": 33723.91854921838,
              "mae_suite_index": 1.7748949883998648,
              "rmse_suite_index": 1.7748949883998648,
              "spearman_suite": NaN,
              "kendall_tau_suite": NaN,
              "fold": 1,
              "n_val": 1,
              "median_bucket_accuracy_suite": NaN,
              "mean_eval_wall_saved_fraction": 0.22848935717040617
            },
            {
              "mae_all_targets": 909.0885401297138,
              "rmse_all_targets": 2225.9495810858257,
              "mae_subtest_index_only": 1090.7868944072393,
              "rmse_subtest_index_only": 2438.4055802546077,
              "mae_suite_index": 0.5967687420860557,
              "rmse_suite_index": 0.5967687420860557,
              "spearman_suite": NaN,
              "kendall_tau_suite": NaN,
              "fold": 2,
              "n_val": 1,
              "median_bucket_accuracy_suite": NaN,
              "mean_eval_wall_saved_fraction": 0.6179176975453886
            },
            {
              "mae_all_targets": 7216.303141237266,
              "rmse_all_targets": 17672.421369489497,
              "mae_subtest_index_only": 8659.093142282509,
              "rmse_subtest_index_only": 19359.167631008753,
              "mae_suite_index": 2.353136011047809,
              "rmse_suite_index": 2.353136011047809,
              "spearman_suite": NaN,
              "kendall_tau_suite": NaN,
              "fold": 3,
              "n_val": 1,
              "median_bucket_accuracy_suite": NaN,
              "mean_eval_wall_saved_fraction": 0.5630265971272295
            },
            {
              "mae_all_targets": 6036.465726008926,
              "rmse_all_targets": 14784.508427957146,
              "mae_subtest_index_only": 7243.635630224026,
              "rmse_subtest_index_only": 16195.617532890228,
              "mae_suite_index": 0.6162049334320727,
              "rmse_suite_index": 0.6162049334320727,
              "spearman_suite": NaN,
              "kendall_tau_suite": NaN,
              "fold": 4,
              "n_val": 1,
              "median_bucket_accuracy_suite": NaN,
              "mean_eval_wall_saved_fraction": 0.7352927760122857
            }
          ],
          "time_savings": {
            "mean_fraction_wall_time_saved_vs_full_suite": 0.5829812247205831,
            "description": "Eval subset; PTS ti.by_test_id.time_s_total (or execution_cost)."
          },
          "n_oof": 5
        },
        {
          "suite_key": "phoronix_cpu",
          "xi_ablation": "full",
          "benchmark": "phoronix",
          "eval_partial_k": 3,
          "policy": "fixed_first_k",
          "oof_metrics": {
            "mae_all_targets": 6619.756279855516,
            "rmse_all_targets": 18583.14446113072,
            "mae_subtest_index_only": 7943.4574696840455,
            "rmse_subtest_index_only": 20356.81481140404,
            "mae_suite_index": 1.250330712878099,
            "rmse_suite_index": 1.4319653737199356,
            "spearman_suite": -0.7,
            "kendall_tau_suite": -0.6,
            "median_bucket_accuracy_suite": 0.2
          },
          "per_fold_metrics": [
            {
              "mae_all_targets": 6366.560117411843,
              "rmse_all_targets": 15590.479035032029,
              "mae_subtest_index_only": 7639.690011116327,
              "rmse_subtest_index_only": 17078.514094741135,
              "mae_suite_index": 0.9106488894246922,
              "rmse_suite_index": 0.9106488894246922,
              "spearman_suite": NaN,
              "kendall_tau_suite": NaN,
              "fold": 0,
              "n_val": 1,
              "median_bucket_accuracy_suite": NaN,
              "mean_eval_wall_saved_fraction": 0.26691198250131026
            },
            {
              "mae_all_targets": 12570.378312056311,
              "rmse_all_targets": 30785.584869983744,
              "mae_subtest_index_only": 15084.098995469894,
              "rmse_subtest_index_only": 33723.91854921838,
              "mae_suite_index": 1.7748949883998648,
              "rmse_suite_index": 1.7748949883998648,
              "spearman_suite": NaN,
              "kendall_tau_suite": NaN,
              "fold": 1,
              "n_val": 1,
              "median_bucket_accuracy_suite": NaN,
              "mean_eval_wall_saved_fraction": 0.2652178167856026
            },
            {
              "mae_all_targets": 909.0885401297138,
              "rmse_all_targets": 2225.9495810858257,
              "mae_subtest_index_only": 1090.7868944072393,
              "rmse_subtest_index_only": 2438.4055802546077,
              "mae_suite_index": 0.5967687420860557,
              "rmse_suite_index": 0.5967687420860557,
              "spearman_suite": NaN,
              "kendall_tau_suite": NaN,
              "fold": 2,
              "n_val": 1,
              "median_bucket_accuracy_suite": NaN,
              "mean_eval_wall_saved_fraction": 0.2629900183807175
            },
            {
              "mae_all_targets": 7216.303141237266,
              "rmse_all_targets": 17672.421369489497,
              "mae_subtest_index_only": 8659.093142282509,
              "rmse_subtest_index_only": 19359.167631008753,
              "mae_suite_index": 2.353136011047809,
              "rmse_suite_index": 2.353136011047809,
              "spearman_suite": NaN,
              "kendall_tau_suite": NaN,
              "fold": 3,
              "n_val": 1,
              "median_bucket_accuracy_suite": NaN,
              "mean_eval_wall_saved_fraction": 0.2635580084502179
            },
            {
              "mae_all_targets": 6036.45128844245,
              "rmse_all_targets": 14784.508425686536,
              "mae_subtest_index_only": 7243.618305144254,
              "rmse_subtest_index_only": 16195.6175304029,
              "mae_suite_index": 0.6162049334320727,
              "rmse_suite_index": 0.6162049334320727,
              "spearman_suite": NaN,
              "kendall_tau_suite": NaN,
              "fold": 4,
              "n_val": 1,
              "median_bucket_accuracy_suite": NaN,
              "mean_eval_wall_saved_fraction": 0.2640115863578998
            }
          ],
          "time_savings": {
            "mean_fraction_wall_time_saved_vs_full_suite": 0.2645378824951496,
            "description": "Eval subset; PTS ti.by_test_id.time_s_total (or execution_cost)."
          },
          "n_oof": 5
        },
        {
          "suite_key": "phoronix_cpu",
          "xi_ablation": "full",
          "benchmark": "phoronix",
          "eval_partial_k": 3,
          "policy": "fixed_cpu_mix",
          "oof_metrics": {
            "mae_all_targets": 6619.756279855516,
            "rmse_all_targets": 18583.14446113072,
            "mae_subtest_index_only": 7943.4574696840455,
            "rmse_subtest_index_only": 20356.81481140404,
            "mae_suite_index": 1.250330712878099,
            "rmse_suite_index": 1.4319653737199356,
            "spearman_suite": -0.7,
            "kendall_tau_suite": -0.6,
            "median_bucket_accuracy_suite": 0.2
          },
          "per_fold_metrics": [
            {
              "mae_all_targets": 6366.560117411843,
              "rmse_all_targets": 15590.479035032029,
              "mae_subtest_index_only": 7639.690011116327,
              "rmse_subtest_index_only": 17078.514094741135,
              "mae_suite_index": 0.9106488894246922,
              "rmse_suite_index": 0.9106488894246922,
              "spearman_suite": NaN,
              "kendall_tau_suite": NaN,
              "fold": 0,
              "n_val": 1,
              "median_bucket_accuracy_suite": NaN,
              "mean_eval_wall_saved_fraction": 0.26691198250131026
            },
            {
              "mae_all_targets": 12570.378312056311,
              "rmse_all_targets": 30785.584869983744,
              "mae_subtest_index_only": 15084.098995469894,
              "rmse_subtest_index_only": 33723.91854921838,
              "mae_suite_index": 1.7748949883998648,
              "rmse_suite_index": 1.7748949883998648,
              "spearman_suite": NaN,
              "kendall_tau_suite": NaN,
              "fold": 1,
              "n_val": 1,
              "median_bucket_accuracy_suite": NaN,
              "mean_eval_wall_saved_fraction": 0.2652178167856026
            },
            {
              "mae_all_targets": 909.0885401297138,
              "rmse_all_targets": 2225.9495810858257,
              "mae_subtest_index_only": 1090.7868944072393,
              "rmse_subtest_index_only": 2438.4055802546077,
              "mae_suite_index": 0.5967687420860557,
              "rmse_suite_index": 0.5967687420860557,
              "spearman_suite": NaN,
              "kendall_tau_suite": NaN,
              "fold": 2,
              "n_val": 1,
              "median_bucket_accuracy_suite": NaN,
              "mean_eval_wall_saved_fraction": 0.2629900183807175
            },
            {
              "mae_all_targets": 7216.303141237266,
              "rmse_all_targets": 17672.421369489497,
              "mae_subtest_index_only": 8659.093142282509,
              "rmse_subtest_index_only": 19359.167631008753,
              "mae_suite_index": 2.353136011047809,
              "rmse_suite_index": 2.353136011047809,
              "spearman_suite": NaN,
              "kendall_tau_suite": NaN,
              "fold": 3,
              "n_val": 1,
              "median_bucket_accuracy_suite": NaN,
              "mean_eval_wall_saved_fraction": 0.2635580084502179
            },
            {
              "mae_all_targets": 6036.45128844245,
              "rmse_all_targets": 14784.508425686536,
              "mae_subtest_index_only": 7243.618305144254,
              "rmse_subtest_index_only": 16195.6175304029,
              "mae_suite_index": 0.6162049334320727,
              "rmse_suite_index": 0.6162049334320727,
              "spearman_suite": NaN,
              "kendall_tau_suite": NaN,
              "fold": 4,
              "n_val": 1,
              "median_bucket_accuracy_suite": NaN,
              "mean_eval_wall_saved_fraction": 0.2640115863578998
            }
          ],
          "time_savings": {
            "mean_fraction_wall_time_saved_vs_full_suite": 0.2645378824951496,
            "description": "Eval subset; PTS ti.by_test_id.time_s_total (or execution_cost)."
          },
          "n_oof": 5
        },
        {
          "suite_key": "phoronix_cpu",
          "xi_ablation": "full",
          "benchmark": "phoronix",
          "eval_partial_k": 3,
          "policy": "fixed_io_mix",
          "oof_metrics": {
            "mae_all_targets": 6619.756279855516,
            "rmse_all_targets": 18583.14446113072,
            "mae_subtest_index_only": 7943.4574696840455,
            "rmse_subtest_index_only": 20356.81481140404,
            "mae_suite_index": 1.250330712878099,
            "rmse_suite_index": 1.4319653737199356,
            "spearman_suite": -0.7,
            "kendall_tau_suite": -0.6,
            "median_bucket_accuracy_suite": 0.2
          },
          "per_fold_metrics": [
            {
              "mae_all_targets": 6366.560117411843,
              "rmse_all_targets": 15590.479035032029,
              "mae_subtest_index_only": 7639.690011116327,
              "rmse_subtest_index_only": 17078.514094741135,
              "mae_suite_index": 0.9106488894246922,
              "rmse_suite_index": 0.9106488894246922,
              "spearman_suite": NaN,
              "kendall_tau_suite": NaN,
              "fold": 0,
              "n_val": 1,
              "median_bucket_accuracy_suite": NaN,
              "mean_eval_wall_saved_fraction": 0.26691198250131026
            },
            {
              "mae_all_targets": 12570.378312056311,
              "rmse_all_targets": 30785.584869983744,
              "mae_subtest_index_only": 15084.098995469894,
              "rmse_subtest_index_only": 33723.91854921838,
              "mae_suite_index": 1.7748949883998648,
              "rmse_suite_index": 1.7748949883998648,
              "spearman_suite": NaN,
              "kendall_tau_suite": NaN,
              "fold": 1,
              "n_val": 1,
              "median_bucket_accuracy_suite": NaN,
              "mean_eval_wall_saved_fraction": 0.2652178167856026
            },
            {
              "mae_all_targets": 909.0885401297138,
              "rmse_all_targets": 2225.9495810858257,
              "mae_subtest_index_only": 1090.7868944072393,
              "rmse_subtest_index_only": 2438.4055802546077,
              "mae_suite_index": 0.5967687420860557,
              "rmse_suite_index": 0.5967687420860557,
              "spearman_suite": NaN,
              "kendall_tau_suite": NaN,
              "fold": 2,
              "n_val": 1,
              "median_bucket_accuracy_suite": NaN,
              "mean_eval_wall_saved_fraction": 0.2629900183807175
            },
            {
              "mae_all_targets": 7216.303141237266,
              "rmse_all_targets": 17672.421369489497,
              "mae_subtest_index_only": 8659.093142282509,
              "rmse_subtest_index_only": 19359.167631008753,
              "mae_suite_index": 2.353136011047809,
              "rmse_suite_index": 2.353136011047809,
              "spearman_suite": NaN,
              "kendall_tau_suite": NaN,
              "fold": 3,
              "n_val": 1,
              "median_bucket_accuracy_suite": NaN,
              "mean_eval_wall_saved_fraction": 0.2635580084502179
            },
            {
              "mae_all_targets": 6036.45128844245,
              "rmse_all_targets": 14784.508425686536,
              "mae_subtest_index_only": 7243.618305144254,
              "rmse_subtest_index_only": 16195.6175304029,
              "mae_suite_index": 0.6162049334320727,
              "rmse_suite_index": 0.6162049334320727,
              "spearman_suite": NaN,
              "kendall_tau_suite": NaN,
              "fold": 4,
              "n_val": 1,
              "median_bucket_accuracy_suite": NaN,
              "mean_eval_wall_saved_fraction": 0.2640115863578998
            }
          ],
          "time_savings": {
            "mean_fraction_wall_time_saved_vs_full_suite": 0.2645378824951496,
            "description": "Eval subset; PTS ti.by_test_id.time_s_total (or execution_cost)."
          },
          "n_oof": 5
        },
        {
          "suite_key": "phoronix_cpu",
          "xi_ablation": "full",
          "benchmark": "phoronix",
          "eval_partial_k": 3,
          "policy": "greedy_slowest",
          "oof_metrics": {
            "mae_all_targets": 6619.757888458019,
            "rmse_all_targets": 18583.144461310123,
            "mae_subtest_index_only": 7943.459400007048,
            "rmse_subtest_index_only": 20356.814811600572,
            "mae_suite_index": 1.250330712878099,
            "rmse_suite_index": 1.4319653737199356,
            "spearman_suite": -0.7,
            "kendall_tau_suite": -0.6,
            "median_bucket_accuracy_suite": 0.2
          },
          "per_fold_metrics": [
            {
              "mae_all_targets": 6366.560117411843,
              "rmse_all_targets": 15590.479035032029,
              "mae_subtest_index_only": 7639.690011116327,
              "rmse_subtest_index_only": 17078.514094741135,
              "mae_suite_index": 0.9106488894246922,
              "rmse_suite_index": 0.9106488894246922,
              "spearman_suite": NaN,
              "kendall_tau_suite": NaN,
              "fold": 0,
              "n_val": 1,
              "median_bucket_accuracy_suite": NaN,
              "mean_eval_wall_saved_fraction": 0.06051440376100331
            },
            {
              "mae_all_targets": 12570.378312056311,
              "rmse_all_targets": 30785.584869983744,
              "mae_subtest_index_only": 15084.098995469894,
              "rmse_subtest_index_only": 33723.91854921838,
              "mae_suite_index": 1.7748949883998648,
              "rmse_suite_index": 1.7748949883998648,
              "spearman_suite": NaN,
              "kendall_tau_suite": NaN,
              "fold": 1,
              "n_val": 1,
              "median_bucket_accuracy_suite": NaN,
              "mean_eval_wall_saved_fraction": 0.060683221113347625
            },
            {
              "mae_all_targets": 909.0885401297138,
              "rmse_all_targets": 2225.9495810858257,
              "mae_subtest_index_only": 1090.7868944072393,
              "rmse_subtest_index_only": 2438.4055802546077,
              "mae_suite_index": 0.5967687420860557,
              "rmse_suite_index": 0.5967687420860557,
              "spearman_suite": NaN,
              "kendall_tau_suite": NaN,
              "fold": 2,
              "n_val": 1,
              "median_bucket_accuracy_suite": NaN,
              "mean_eval_wall_saved_fraction": 0.060005186731809955
            },
            {
              "mae_all_targets": 7216.303141237266,
              "rmse_all_targets": 17672.421369489497,
              "mae_subtest_index_only": 8659.093142282509,
              "rmse_subtest_index_only": 19359.167631008753,
              "mae_suite_index": 2.353136011047809,
              "rmse_suite_index": 2.353136011047809,
              "spearman_suite": NaN,
              "kendall_tau_suite": NaN,
              "fold": 3,
              "n_val": 1,
              "median_bucket_accuracy_suite": NaN,
              "mean_eval_wall_saved_fraction": 0.06044163487242143
            },
            {
              "mae_all_targets": 6036.459331454967,
              "rmse_all_targets": 14784.508426814038,
              "mae_subtest_index_only": 7243.627956759274,
              "rmse_subtest_index_only": 16195.617531638016,
              "mae_suite_index": 0.6162049334320727,
              "rmse_suite_index": 0.6162049334320727,
              "spearman_suite": NaN,
              "kendall_tau_suite": NaN,
              "fold": 4,
              "n_val": 1,
              "median_bucket_accuracy_suite": NaN,
              "mean_eval_wall_saved_fraction": 0.060254382897197596
            }
          ],
          "time_savings": {
            "mean_fraction_wall_time_saved_vs_full_suite": 0.06037976587515599,
            "description": "Eval subset; PTS ti.by_test_id.time_s_total (or execution_cost)."
          },
          "n_oof": 5
        },
        {
          "suite_key": "phoronix_cpu",
          "xi_ablation": "full",
          "benchmark": "phoronix",
          "eval_partial_k": 3,
          "policy": "greedy_fastest",
          "oof_metrics": {
            "mae_all_targets": 6619.756344782229,
            "rmse_all_targets": 18583.14446113991,
            "mae_subtest_index_only": 7943.457547596099,
            "rmse_subtest_index_only": 20356.81481141411,
            "mae_suite_index": 1.250330712878099,
            "rmse_suite_index": 1.4319653737199356,
            "spearman_suite": -0.7,
            "kendall_tau_suite": -0.6,
            "median_bucket_accuracy_suite": 0.2
          },
          "per_fold_metrics": [
            {
              "mae_all_targets": 6366.560117411843,
              "rmse_all_targets": 15590.479035032029,
              "mae_subtest_index_only": 7639.690011116327,
              "rmse_subtest_index_only": 17078.514094741135,
              "mae_suite_index": 0.9106488894246922,
              "rmse_suite_index": 0.9106488894246922,
              "spearman_suite": NaN,
              "kendall_tau_suite": NaN,
              "fold": 0,
              "n_val": 1,
              "median_bucket_accuracy_suite": NaN,
              "mean_eval_wall_saved_fraction": 0.7701796957476057
            },
            {
              "mae_all_targets": 12570.378312056311,
              "rmse_all_targets": 30785.584869983744,
              "mae_subtest_index_only": 15084.098995469894,
              "rmse_subtest_index_only": 33723.91854921838,
              "mae_suite_index": 1.7748949883998648,
              "rmse_suite_index": 1.7748949883998648,
              "spearman_suite": NaN,
              "kendall_tau_suite": NaN,
              "fold": 1,
              "n_val": 1,
              "median_bucket_accuracy_suite": NaN,
              "mean_eval_wall_saved_fraction": 0.7708064296391243
            },
            {
              "mae_all_targets": 909.0885401297138,
              "rmse_all_targets": 2225.9495810858257,
              "mae_subtest_index_only": 1090.7868944072393,
              "rmse_subtest_index_only": 2438.4055802546077,
              "mae_suite_index": 0.5967687420860557,
              "rmse_suite_index": 0.5967687420860557,
              "spearman_suite": NaN,
              "kendall_tau_suite": NaN,
              "fold": 2,
              "n_val": 1,
              "median_bucket_accuracy_suite": NaN,
              "mean_eval_wall_saved_fraction": 0.7622829949022377
            },
            {
              "mae_all_targets": 7216.303141237266,
              "rmse_all_targets": 17672.421369489497,
              "mae_subtest_index_only": 8659.093142282509,
              "rmse_subtest_index_only": 19359.167631008753,
              "mae_suite_index": 2.353136011047809,
              "rmse_suite_index": 2.353136011047809,
              "spearman_suite": NaN,
              "kendall_tau_suite": NaN,
              "fold": 3,
              "n_val": 1,
              "median_bucket_accuracy_suite": NaN,
              "mean_eval_wall_saved_fraction": 0.7661429707050259
            },
            {
              "mae_all_targets": 6036.45161307601,
              "rmse_all_targets": 14784.508425744296,
              "mae_subtest_index_only": 7243.618694704526,
              "rmse_subtest_index_only": 16195.617530466174,
              "mae_suite_index": 0.6162049334320727,
              "rmse_suite_index": 0.6162049334320727,
              "spearman_suite": NaN,
              "kendall_tau_suite": NaN,
              "fold": 4,
              "n_val": 1,
              "median_bucket_accuracy_suite": NaN,
              "mean_eval_wall_saved_fraction": 0.7647661441148296
            }
          ],
          "time_savings": {
            "mean_fraction_wall_time_saved_vs_full_suite": 0.7668356470217648,
            "description": "Eval subset; PTS ti.by_test_id.time_s_total (or execution_cost)."
          },
          "n_oof": 5
        },
        {
          "suite_key": "phoronix_cpu",
          "xi_ablation": "full",
          "benchmark": "phoronix",
          "eval_partial_k": 3,
          "policy": "router",
          "oof_metrics": {
            "mae_all_targets": 6619.7559639852325,
            "rmse_all_targets": 18583.14446108094,
            "mae_subtest_index_only": 7943.457090639704,
            "rmse_subtest_index_only": 20356.814811349515,
            "mae_suite_index": 1.250330712878099,
            "rmse_suite_index": 1.4319653737199356,
            "spearman_suite": -0.7,
            "kendall_tau_suite": -0.6,
            "median_bucket_accuracy_suite": 0.2
          },
          "per_fold_metrics": [
            {
              "mae_all_targets": 6366.560117411843,
              "rmse_all_targets": 15590.479035032029,
              "mae_subtest_index_only": 7639.690011116327,
              "rmse_subtest_index_only": 17078.514094741135,
              "mae_suite_index": 0.9106488894246922,
              "rmse_suite_index": 0.9106488894246922,
              "spearman_suite": NaN,
              "kendall_tau_suite": NaN,
              "fold": 0,
              "n_val": 1,
              "median_bucket_accuracy_suite": NaN,
              "mean_eval_wall_saved_fraction": 0.06051440376100331
            },
            {
              "mae_all_targets": 12570.378312056311,
              "rmse_all_targets": 30785.584869983744,
              "mae_subtest_index_only": 15084.098995469894,
              "rmse_subtest_index_only": 33723.91854921838,
              "mae_suite_index": 1.7748949883998648,
              "rmse_suite_index": 1.7748949883998648,
              "spearman_suite": NaN,
              "kendall_tau_suite": NaN,
              "fold": 1,
              "n_val": 1,
              "median_bucket_accuracy_suite": NaN,
              "mean_eval_wall_saved_fraction": 0.060683221113347625
            },
            {
              "mae_all_targets": 909.0885401297138,
              "rmse_all_targets": 2225.9495810858257,
              "mae_subtest_index_only": 1090.7868944072393,
              "rmse_subtest_index_only": 2438.4055802546077,
              "mae_suite_index": 0.5967687420860557,
              "rmse_suite_index": 0.5967687420860557,
              "spearman_suite": NaN,
              "kendall_tau_suite": NaN,
              "fold": 2,
              "n_val": 1,
              "median_bucket_accuracy_suite": NaN,
              "mean_eval_wall_saved_fraction": 0.2629900183807175
            },
            {
              "mae_all_targets": 7216.303141237266,
              "rmse_all_targets": 17672.421369489497,
              "mae_subtest_index_only": 8659.093142282509,
              "rmse_subtest_index_only": 19359.167631008753,
              "mae_suite_index": 2.353136011047809,
              "rmse_suite_index": 2.353136011047809,
              "spearman_suite": NaN,
              "kendall_tau_suite": NaN,
              "fold": 3,
              "n_val": 1,
              "median_bucket_accuracy_suite": NaN,
              "mean_eval_wall_saved_fraction": 0.06044163487242143
            },
            {
              "mae_all_targets": 6036.449709091031,
              "rmse_all_targets": 14784.508425373708,
              "mae_subtest_index_only": 7243.616409922552,
              "rmse_subtest_index_only": 16195.617530060214,
              "mae_suite_index": 0.6162049334320727,
              "rmse_suite_index": 0.6162049334320727,
              "spearman_suite": NaN,
              "kendall_tau_suite": NaN,
              "fold": 4,
              "n_val": 1,
              "median_bucket_accuracy_suite": NaN,
              "mean_eval_wall_saved_fraction": 0.20514847872033082
            }
          ],
          "time_savings": {
            "mean_fraction_wall_time_saved_vs_full_suite": 0.12995555136956413,
            "description": "Eval subset; PTS ti.by_test_id.time_s_total (or execution_cost)."
          },
          "n_oof": 5
        }
      ]
    }
  ]
}
+ /home/cxc/dev/miniconda3/bin/python3 /home/cxc/MoEBench/scripts/paper_reconstruct_cv_extras.py --dataset-root /home/cxc/MoEBench/dataset --suites phoronix_cpu --cv-mode leave_one_session_out --seed 42 --model-type lightgbm --log1p-partial-value --train-aug 10 --train-k-max 12 --xi-ablations full --report-json /home/cxc/MoEBench/dataset/paper_supplementary/policy_phoronix_cpu_iZbp15n87643uk1sqjrdvdZ.json --auto-install --glob-pts-cpu iZbp15n87643uk1sqjrdvdZ_cpu_[0-9][0-9][0-9][0-9][0-9][0-9][0-9][0-9]T[0-9][0-9][0-9][0-9][0-9][0-9]Z/run-*.json --router-model-pts-cpu /home/cxc/MoEBench/dataset/experiments/router_recon_grid_cpu_iZbp15n87643uk1sqjrdvdZ_20260529T040002Z/trained_models/router_mlp.pt --eval-partial-k 3 --policies random,fixed_first_k,fixed_cpu_mix,fixed_io_mix,greedy_slowest,greedy_fastest,router
[phoronix_cpu] leave_one_session_out needs >= 2 session dirs; got 1. Falling back to random_fold.
Requirement already satisfied: lightgbm in /home/cxc/dev/miniconda3/lib/python3.13/site-packages (4.6.0)
Requirement already satisfied: numpy>=1.17.0 in /home/cxc/dev/miniconda3/lib/python3.13/site-packages (from lightgbm) (2.4.4)
Requirement already satisfied: scipy in /home/cxc/dev/miniconda3/lib/python3.13/site-packages (from lightgbm) (1.17.1)
Requirement already satisfied: lightgbm in /home/cxc/dev/miniconda3/lib/python3.13/site-packages (4.6.0)
Requirement already satisfied: numpy>=1.17.0 in /home/cxc/dev/miniconda3/lib/python3.13/site-packages (from lightgbm) (2.4.4)
Requirement already satisfied: scipy in /home/cxc/dev/miniconda3/lib/python3.13/site-packages (from lightgbm) (1.17.1)
Requirement already satisfied: lightgbm in /home/cxc/dev/miniconda3/lib/python3.13/site-packages (4.6.0)
Requirement already satisfied: numpy>=1.17.0 in /home/cxc/dev/miniconda3/lib/python3.13/site-packages (from lightgbm) (2.4.4)
Requirement already satisfied: scipy in /home/cxc/dev/miniconda3/lib/python3.13/site-packages (from lightgbm) (1.17.1)
Requirement already satisfied: lightgbm in /home/cxc/dev/miniconda3/lib/python3.13/site-packages (4.6.0)
Requirement already satisfied: numpy>=1.17.0 in /home/cxc/dev/miniconda3/lib/python3.13/site-packages (from lightgbm) (2.4.4)
Requirement already satisfied: scipy in /home/cxc/dev/miniconda3/lib/python3.13/site-packages (from lightgbm) (1.17.1)
Requirement already satisfied: lightgbm in /home/cxc/dev/miniconda3/lib/python3.13/site-packages (4.6.0)
Requirement already satisfied: numpy>=1.17.0 in /home/cxc/dev/miniconda3/lib/python3.13/site-packages (from lightgbm) (2.4.4)
Requirement already satisfied: scipy in /home/cxc/dev/miniconda3/lib/python3.13/site-packages (from lightgbm) (1.17.1)
Requirement already satisfied: lightgbm in /home/cxc/dev/miniconda3/lib/python3.13/site-packages (4.6.0)
Requirement already satisfied: numpy>=1.17.0 in /home/cxc/dev/miniconda3/lib/python3.13/site-packages (from lightgbm) (2.4.4)
Requirement already satisfied: scipy in /home/cxc/dev/miniconda3/lib/python3.13/site-packages (from lightgbm) (1.17.1)
Requirement already satisfied: lightgbm in /home/cxc/dev/miniconda3/lib/python3.13/site-packages (4.6.0)
Requirement already satisfied: numpy>=1.17.0 in /home/cxc/dev/miniconda3/lib/python3.13/site-packages (from lightgbm) (2.4.4)
Requirement already satisfied: scipy in /home/cxc/dev/miniconda3/lib/python3.13/site-packages (from lightgbm) (1.17.1)
Requirement already satisfied: lightgbm in /home/cxc/dev/miniconda3/lib/python3.13/site-packages (4.6.0)
Requirement already satisfied: numpy>=1.17.0 in /home/cxc/dev/miniconda3/lib/python3.13/site-packages (from lightgbm) (2.4.4)
Requirement already satisfied: scipy in /home/cxc/dev/miniconda3/lib/python3.13/site-packages (from lightgbm) (1.17.1)
Requirement already satisfied: lightgbm in /home/cxc/dev/miniconda3/lib/python3.13/site-packages (4.6.0)
Requirement already satisfied: numpy>=1.17.0 in /home/cxc/dev/miniconda3/lib/python3.13/site-packages (from lightgbm) (2.4.4)
Requirement already satisfied: scipy in /home/cxc/dev/miniconda3/lib/python3.13/site-packages (from lightgbm) (1.17.1)
Requirement already satisfied: lightgbm in /home/cxc/dev/miniconda3/lib/python3.13/site-packages (4.6.0)
Requirement already satisfied: numpy>=1.17.0 in /home/cxc/dev/miniconda3/lib/python3.13/site-packages (from lightgbm) (2.4.4)
Requirement already satisfied: scipy in /home/cxc/dev/miniconda3/lib/python3.13/site-packages (from lightgbm) (1.17.1)
Requirement already satisfied: lightgbm in /home/cxc/dev/miniconda3/lib/python3.13/site-packages (4.6.0)
Requirement already satisfied: numpy>=1.17.0 in /home/cxc/dev/miniconda3/lib/python3.13/site-packages (from lightgbm) (2.4.4)
Requirement already satisfied: scipy in /home/cxc/dev/miniconda3/lib/python3.13/site-packages (from lightgbm) (1.17.1)
Requirement already satisfied: lightgbm in /home/cxc/dev/miniconda3/lib/python3.13/site-packages (4.6.0)
Requirement already satisfied: numpy>=1.17.0 in /home/cxc/dev/miniconda3/lib/python3.13/site-packages (from lightgbm) (2.4.4)
Requirement already satisfied: scipy in /home/cxc/dev/miniconda3/lib/python3.13/site-packages (from lightgbm) (1.17.1)
Requirement already satisfied: lightgbm in /home/cxc/dev/miniconda3/lib/python3.13/site-packages (4.6.0)
Requirement already satisfied: numpy>=1.17.0 in /home/cxc/dev/miniconda3/lib/python3.13/site-packages (from lightgbm) (2.4.4)
Requirement already satisfied: scipy in /home/cxc/dev/miniconda3/lib/python3.13/site-packages (from lightgbm) (1.17.1)
Requirement already satisfied: lightgbm in /home/cxc/dev/miniconda3/lib/python3.13/site-packages (4.6.0)
Requirement already satisfied: numpy>=1.17.0 in /home/cxc/dev/miniconda3/lib/python3.13/site-packages (from lightgbm) (2.4.4)
Requirement already satisfied: scipy in /home/cxc/dev/miniconda3/lib/python3.13/site-packages (from lightgbm) (1.17.1)
Requirement already satisfied: lightgbm in /home/cxc/dev/miniconda3/lib/python3.13/site-packages (4.6.0)
Requirement already satisfied: numpy>=1.17.0 in /home/cxc/dev/miniconda3/lib/python3.13/site-packages (from lightgbm) (2.4.4)
Requirement already satisfied: scipy in /home/cxc/dev/miniconda3/lib/python3.13/site-packages (from lightgbm) (1.17.1)
Requirement already satisfied: lightgbm in /home/cxc/dev/miniconda3/lib/python3.13/site-packages (4.6.0)
Requirement already satisfied: numpy>=1.17.0 in /home/cxc/dev/miniconda3/lib/python3.13/site-packages (from lightgbm) (2.4.4)
Requirement already satisfied: scipy in /home/cxc/dev/miniconda3/lib/python3.13/site-packages (from lightgbm) (1.17.1)
Requirement already satisfied: lightgbm in /home/cxc/dev/miniconda3/lib/python3.13/site-packages (4.6.0)
Requirement already satisfied: numpy>=1.17.0 in /home/cxc/dev/miniconda3/lib/python3.13/site-packages (from lightgbm) (2.4.4)
Requirement already satisfied: scipy in /home/cxc/dev/miniconda3/lib/python3.13/site-packages (from lightgbm) (1.17.1)
Requirement already satisfied: lightgbm in /home/cxc/dev/miniconda3/lib/python3.13/site-packages (4.6.0)
Requirement already satisfied: numpy>=1.17.0 in /home/cxc/dev/miniconda3/lib/python3.13/site-packages (from lightgbm) (2.4.4)
Requirement already satisfied: scipy in /home/cxc/dev/miniconda3/lib/python3.13/site-packages (from lightgbm) (1.17.1)
Requirement already satisfied: lightgbm in /home/cxc/dev/miniconda3/lib/python3.13/site-packages (4.6.0)
Requirement already satisfied: numpy>=1.17.0 in /home/cxc/dev/miniconda3/lib/python3.13/site-packages (from lightgbm) (2.4.4)
Requirement already satisfied: scipy in /home/cxc/dev/miniconda3/lib/python3.13/site-packages (from lightgbm) (1.17.1)
Requirement already satisfied: lightgbm in /home/cxc/dev/miniconda3/lib/python3.13/site-packages (4.6.0)
Requirement already satisfied: numpy>=1.17.0 in /home/cxc/dev/miniconda3/lib/python3.13/site-packages (from lightgbm) (2.4.4)
Requirement already satisfied: scipy in /home/cxc/dev/miniconda3/lib/python3.13/site-packages (from lightgbm) (1.17.1)
Requirement already satisfied: lightgbm in /home/cxc/dev/miniconda3/lib/python3.13/site-packages (4.6.0)
Requirement already satisfied: numpy>=1.17.0 in /home/cxc/dev/miniconda3/lib/python3.13/site-packages (from lightgbm) (2.4.4)
Requirement already satisfied: scipy in /home/cxc/dev/miniconda3/lib/python3.13/site-packages (from lightgbm) (1.17.1)
Requirement already satisfied: lightgbm in /home/cxc/dev/miniconda3/lib/python3.13/site-packages (4.6.0)
Requirement already satisfied: numpy>=1.17.0 in /home/cxc/dev/miniconda3/lib/python3.13/site-packages (from lightgbm) (2.4.4)
Requirement already satisfied: scipy in /home/cxc/dev/miniconda3/lib/python3.13/site-packages (from lightgbm) (1.17.1)
Requirement already satisfied: lightgbm in /home/cxc/dev/miniconda3/lib/python3.13/site-packages (4.6.0)
Requirement already satisfied: numpy>=1.17.0 in /home/cxc/dev/miniconda3/lib/python3.13/site-packages (from lightgbm) (2.4.4)
Requirement already satisfied: scipy in /home/cxc/dev/miniconda3/lib/python3.13/site-packages (from lightgbm) (1.17.1)
Requirement already satisfied: lightgbm in /home/cxc/dev/miniconda3/lib/python3.13/site-packages (4.6.0)
Requirement already satisfied: numpy>=1.17.0 in /home/cxc/dev/miniconda3/lib/python3.13/site-packages (from lightgbm) (2.4.4)
Requirement already satisfied: scipy in /home/cxc/dev/miniconda3/lib/python3.13/site-packages (from lightgbm) (1.17.1)
Requirement already satisfied: lightgbm in /home/cxc/dev/miniconda3/lib/python3.13/site-packages (4.6.0)
Requirement already satisfied: numpy>=1.17.0 in /home/cxc/dev/miniconda3/lib/python3.13/site-packages (from lightgbm) (2.4.4)
Requirement already satisfied: scipy in /home/cxc/dev/miniconda3/lib/python3.13/site-packages (from lightgbm) (1.17.1)
Requirement already satisfied: lightgbm in /home/cxc/dev/miniconda3/lib/python3.13/site-packages (4.6.0)
Requirement already satisfied: numpy>=1.17.0 in /home/cxc/dev/miniconda3/lib/python3.13/site-packages (from lightgbm) (2.4.4)
Requirement already satisfied: scipy in /home/cxc/dev/miniconda3/lib/python3.13/site-packages (from lightgbm) (1.17.1)
Requirement already satisfied: lightgbm in /home/cxc/dev/miniconda3/lib/python3.13/site-packages (4.6.0)
Requirement already satisfied: numpy>=1.17.0 in /home/cxc/dev/miniconda3/lib/python3.13/site-packages (from lightgbm) (2.4.4)
Requirement already satisfied: scipy in /home/cxc/dev/miniconda3/lib/python3.13/site-packages (from lightgbm) (1.17.1)
Requirement already satisfied: lightgbm in /home/cxc/dev/miniconda3/lib/python3.13/site-packages (4.6.0)
Requirement already satisfied: numpy>=1.17.0 in /home/cxc/dev/miniconda3/lib/python3.13/site-packages (from lightgbm) (2.4.4)
Requirement already satisfied: scipy in /home/cxc/dev/miniconda3/lib/python3.13/site-packages (from lightgbm) (1.17.1)
Requirement already satisfied: lightgbm in /home/cxc/dev/miniconda3/lib/python3.13/site-packages (4.6.0)
Requirement already satisfied: numpy>=1.17.0 in /home/cxc/dev/miniconda3/lib/python3.13/site-packages (from lightgbm) (2.4.4)
Requirement already satisfied: scipy in /home/cxc/dev/miniconda3/lib/python3.13/site-packages (from lightgbm) (1.17.1)
Requirement already satisfied: lightgbm in /home/cxc/dev/miniconda3/lib/python3.13/site-packages (4.6.0)
Requirement already satisfied: numpy>=1.17.0 in /home/cxc/dev/miniconda3/lib/python3.13/site-packages (from lightgbm) (2.4.4)
Requirement already satisfied: scipy in /home/cxc/dev/miniconda3/lib/python3.13/site-packages (from lightgbm) (1.17.1)
Requirement already satisfied: lightgbm in /home/cxc/dev/miniconda3/lib/python3.13/site-packages (4.6.0)
Requirement already satisfied: numpy>=1.17.0 in /home/cxc/dev/miniconda3/lib/python3.13/site-packages (from lightgbm) (2.4.4)
Requirement already satisfied: scipy in /home/cxc/dev/miniconda3/lib/python3.13/site-packages (from lightgbm) (1.17.1)
Requirement already satisfied: lightgbm in /home/cxc/dev/miniconda3/lib/python3.13/site-packages (4.6.0)
Requirement already satisfied: numpy>=1.17.0 in /home/cxc/dev/miniconda3/lib/python3.13/site-packages (from lightgbm) (2.4.4)
Requirement already satisfied: scipy in /home/cxc/dev/miniconda3/lib/python3.13/site-packages (from lightgbm) (1.17.1)
Requirement already satisfied: lightgbm in /home/cxc/dev/miniconda3/lib/python3.13/site-packages (4.6.0)
Requirement already satisfied: numpy>=1.17.0 in /home/cxc/dev/miniconda3/lib/python3.13/site-packages (from lightgbm) (2.4.4)
Requirement already satisfied: scipy in /home/cxc/dev/miniconda3/lib/python3.13/site-packages (from lightgbm) (1.17.1)
Requirement already satisfied: lightgbm in /home/cxc/dev/miniconda3/lib/python3.13/site-packages (4.6.0)
Requirement already satisfied: numpy>=1.17.0 in /home/cxc/dev/miniconda3/lib/python3.13/site-packages (from lightgbm) (2.4.4)
Requirement already satisfied: scipy in /home/cxc/dev/miniconda3/lib/python3.13/site-packages (from lightgbm) (1.17.1)
Requirement already satisfied: lightgbm in /home/cxc/dev/miniconda3/lib/python3.13/site-packages (4.6.0)
Requirement already satisfied: numpy>=1.17.0 in /home/cxc/dev/miniconda3/lib/python3.13/site-packages (from lightgbm) (2.4.4)
Requirement already satisfied: scipy in /home/cxc/dev/miniconda3/lib/python3.13/site-packages (from lightgbm) (1.17.1)
{
  "schema": "moebench.paper_reconstruct_cv_extras.v2",
  "dataset_root": "/home/cxc/MoEBench/dataset",
  "suites_requested": [
    "phoronix_cpu"
  ],
  "eval_partial_k_list": [
    3
  ],
  "train_k_range_requested": [
    2,
    12
  ],
  "pts_suite_target": "logmean",
  "model_type": "lightgbm",
  "policies": [
    "random",
    "fixed_first_k",
    "fixed_cpu_mix",
    "fixed_io_mix",
    "greedy_slowest",
    "greedy_fastest",
    "router"
  ],
  "xi_ablations": [
    "full"
  ],
  "suite_results": [
    {
      "suite_key": "phoronix_cpu",
      "pts_suite_filter": "cpu",
      "glob_pattern": "iZbp15n87643uk1sqjrdvdZ_cpu_[0-9][0-9][0-9][0-9][0-9][0-9][0-9][0-9]T[0-9][0-9][0-9][0-9][0-9][0-9]Z/run-*.json",
      "cv_mode_effective": "random_fold",
      "folds_effective": 5,
      "sessions": [
        "iZbp15n87643uk1sqjrdvdZ_cpu_20260526T174649Z"
      ],
      "n_samples": 5,
      "num_profiles_or_subtests": 11,
      "profile_ids_head": [
        "pts/asmfish-1.1.2",
        "pts/build-linux-kernel-1.18.0",
        "pts/compress-7zip-1.13.0",
        "pts/ctx-clock-1.0.0",
        "pts/namd-1.4.0",
        "pts/radiance-1.0.0",
        "pts/rodinia-1.3.2",
        "pts/stockfish-1.7.0"
      ],
      "combinations": [
        {
          "suite_key": "phoronix_cpu",
          "xi_ablation": "full",
          "benchmark": "phoronix",
          "eval_partial_k": 3,
          "policy": "random",
          "oof_metrics": {
            "mae_all_targets": 12695.06470366951,
            "rmse_all_targets": 45112.18065814554,
            "mae_subtest_index_only": 13848.854626841085,
            "rmse_subtest_index_only": 47118.13597021621,
            "mae_suite_index": 3.375548782179794,
            "rmse_suite_index": 3.7963564761332416,
            "spearman_suite": -0.9999999999999999,
            "kendall_tau_suite": -1.0,
            "median_bucket_accuracy_suite": 0.2
          },
          "per_fold_metrics": [
            {
              "mae_all_targets": 9423.434141579884,
              "rmse_all_targets": 28910.42377973003,
              "mae_subtest_index_only": 10279.999192484922,
              "rmse_subtest_index_only": 30195.952823332307,
              "mae_suite_index": 1.2185816244718808,
              "rmse_suite_index": 1.2185816244718808,
              "spearman_suite": NaN,
              "kendall_tau_suite": NaN,
              "fold": 0,
              "n_val": 1,
              "median_bucket_accuracy_suite": NaN,
              "mean_eval_wall_saved_fraction": 0.9109187835216069
            },
            {
              "mae_all_targets": 13928.659089386127,
              "rmse_all_targets": 46865.00059452387,
              "mae_subtest_index_only": 15194.683180414524,
              "rmse_subtest_index_only": 48948.89669382012,
              "mae_suite_index": 2.394088073761168,
              "rmse_suite_index": 2.394088073761168,
              "spearman_suite": NaN,
              "kendall_tau_suite": NaN,
              "fold": 1,
              "n_val": 1,
              "median_bucket_accuracy_suite": NaN,
              "mean_eval_wall_saved_fraction": 0.9300358313930136
            },
            {
              "mae_all_targets": 18520.22977764095,
              "rmse_all_targets": 59389.53500191809,
              "mae_subtest_index_only": 20203.402375718524,
              "rmse_subtest_index_only": 62030.34622776981,
              "mae_suite_index": 5.3311987876275,
              "rmse_suite_index": 5.3311987876275,
              "spearman_suite": NaN,
              "kendall_tau_suite": NaN,
              "fold": 2,
              "n_val": 1,
              "median_bucket_accuracy_suite": NaN,
              "mean_eval_wall_saved_fraction": 0.969016936730494
            },
            {
              "mae_all_targets": 18531.61407751975,
              "rmse_all_targets": 59409.55430130909,
              "mae_subtest_index_only": 20215.802614223394,
              "rmse_subtest_index_only": 62051.255702383794,
              "mae_suite_index": 5.540173779635779,
              "rmse_suite_index": 5.540173779635779,
              "spearman_suite": NaN,
              "kendall_tau_suite": NaN,
              "fold": 3,
              "n_val": 1,
              "median_bucket_accuracy_suite": NaN,
              "mean_eval_wall_saved_fraction": 0.1458699091578766
            },
            {
              "mae_all_targets": 3071.386432220844,
              "rmse_all_targets": 9316.186172101425,
              "mae_subtest_index_only": 3350.3857713640664,
              "rmse_subtest_index_only": 9730.439080951719,
              "mae_suite_index": 2.3937016454026434,
              "rmse_suite_index": 2.3937016454026434,
              "spearman_suite": NaN,
              "kendall_tau_suite": NaN,
              "fold": 4,
              "n_val": 1,
              "median_bucket_accuracy_suite": NaN,
              "mean_eval_wall_saved_fraction": 0.9483343346290498
            }
          ],
          "time_savings": {
            "mean_fraction_wall_time_saved_vs_full_suite": 0.7808351590864082,
            "description": "Eval subset; PTS ti.by_test_id.time_s_total (or execution_cost)."
          },
          "n_oof": 5
        },
        {
          "suite_key": "phoronix_cpu",
          "xi_ablation": "full",
          "benchmark": "phoronix",
          "eval_partial_k": 3,
          "policy": "fixed_first_k",
          "oof_metrics": {
            "mae_all_targets": 12699.206828250408,
            "rmse_all_targets": 45113.46397776897,
            "mae_subtest_index_only": 13853.374244340635,
            "rmse_subtest_index_only": 47119.47635395299,
            "mae_suite_index": 3.365251257913451,
            "rmse_suite_index": 3.781986454588294,
            "spearman_suite": -0.9999999999999999,
            "kendall_tau_suite": -1.0,
            "median_bucket_accuracy_suite": 0.2
          },
          "per_fold_metrics": [
            {
              "mae_all_targets": 9444.145896151576,
              "rmse_all_targets": 28920.434727996428,
              "mae_subtest_index_only": 10302.594082180673,
              "rmse_subtest_index_only": 30206.40891779174,
              "mae_suite_index": 1.2158498315277484,
              "rmse_suite_index": 1.2158498315277484,
              "spearman_suite": NaN,
              "kendall_tau_suite": NaN,
              "fold": 0,
              "n_val": 1,
              "median_bucket_accuracy_suite": NaN,
              "mean_eval_wall_saved_fraction": 0.13816295645304322
            },
            {
              "mae_all_targets": 13928.662024922762,
              "rmse_all_targets": 46865.0005946689,
              "mae_subtest_index_only": 15194.686382818125,
              "rmse_subtest_index_only": 48948.89669397159,
              "mae_suite_index": 2.394088073761168,
              "rmse_suite_index": 2.394088073761168,
              "spearman_suite": NaN,
              "kendall_tau_suite": NaN,
              "fold": 1,
              "n_val": 1,
              "median_bucket_accuracy_suite": NaN,
              "mean_eval_wall_saved_fraction": 0.1377882464591569
            },
            {
              "mae_all_targets": 18520.22977764095,
              "rmse_all_targets": 59389.53500191809,
              "mae_subtest_index_only": 20203.402375718524,
              "rmse_subtest_index_only": 62030.34622776981,
              "mae_suite_index": 5.3311987876275,
              "rmse_suite_index": 5.3311987876275,
              "spearman_suite": NaN,
              "kendall_tau_suite": NaN,
              "fold": 2,
              "n_val": 1,
              "median_bucket_accuracy_suite": NaN,
              "mean_eval_wall_saved_fraction": 0.1385094589015448
            },
            {
              "mae_all_targets": 18531.610010315915,
              "rmse_all_targets": 59409.55430093185,
              "mae_subtest_index_only": 20215.802609621795,
              "rmse_subtest_index_only": 62051.25570238378,
              "mae_suite_index": 5.491417951248195,
              "rmse_suite_index": 5.491417951248195,
              "spearman_suite": NaN,
              "kendall_tau_suite": NaN,
              "fold": 3,
              "n_val": 1,
              "median_bucket_accuracy_suite": NaN,
              "mean_eval_wall_saved_fraction": 0.14086759827559267
            },
            {
              "mae_all_targets": 3071.386432220844,
              "rmse_all_targets": 9316.186172101425,
              "mae_subtest_index_only": 3350.3857713640664,
              "rmse_subtest_index_only": 9730.439080951719,
              "mae_suite_index": 2.3937016454026434,
              "rmse_suite_index": 2.3937016454026434,
              "spearman_suite": NaN,
              "kendall_tau_suite": NaN,
              "fold": 4,
              "n_val": 1,
              "median_bucket_accuracy_suite": NaN,
              "mean_eval_wall_saved_fraction": 0.13782988052088607
            }
          ],
          "time_savings": {
            "mean_fraction_wall_time_saved_vs_full_suite": 0.13863162812204471,
            "description": "Eval subset; PTS ti.by_test_id.time_s_total (or execution_cost)."
          },
          "n_oof": 5
        },
        {
          "suite_key": "phoronix_cpu",
          "xi_ablation": "full",
          "benchmark": "phoronix",
          "eval_partial_k": 3,
          "policy": "fixed_cpu_mix",
          "oof_metrics": {
            "mae_all_targets": 12699.206828250408,
            "rmse_all_targets": 45113.46397776897,
            "mae_subtest_index_only": 13853.374244340635,
            "rmse_subtest_index_only": 47119.47635395299,
            "mae_suite_index": 3.365251257913451,
            "rmse_suite_index": 3.781986454588294,
            "spearman_suite": -0.9999999999999999,
            "kendall_tau_suite": -1.0,
            "median_bucket_accuracy_suite": 0.2
          },
          "per_fold_metrics": [
            {
              "mae_all_targets": 9444.145896151576,
              "rmse_all_targets": 28920.434727996428,
              "mae_subtest_index_only": 10302.594082180673,
              "rmse_subtest_index_only": 30206.40891779174,
              "mae_suite_index": 1.2158498315277484,
              "rmse_suite_index": 1.2158498315277484,
              "spearman_suite": NaN,
              "kendall_tau_suite": NaN,
              "fold": 0,
              "n_val": 1,
              "median_bucket_accuracy_suite": NaN,
              "mean_eval_wall_saved_fraction": 0.13816295645304322
            },
            {
              "mae_all_targets": 13928.662024922762,
              "rmse_all_targets": 46865.0005946689,
              "mae_subtest_index_only": 15194.686382818125,
              "rmse_subtest_index_only": 48948.89669397159,
              "mae_suite_index": 2.394088073761168,
              "rmse_suite_index": 2.394088073761168,
              "spearman_suite": NaN,
              "kendall_tau_suite": NaN,
              "fold": 1,
              "n_val": 1,
              "median_bucket_accuracy_suite": NaN,
              "mean_eval_wall_saved_fraction": 0.1377882464591569
            },
            {
              "mae_all_targets": 18520.22977764095,
              "rmse_all_targets": 59389.53500191809,
              "mae_subtest_index_only": 20203.402375718524,
              "rmse_subtest_index_only": 62030.34622776981,
              "mae_suite_index": 5.3311987876275,
              "rmse_suite_index": 5.3311987876275,
              "spearman_suite": NaN,
              "kendall_tau_suite": NaN,
              "fold": 2,
              "n_val": 1,
              "median_bucket_accuracy_suite": NaN,
              "mean_eval_wall_saved_fraction": 0.1385094589015448
            },
            {
              "mae_all_targets": 18531.610010315915,
              "rmse_all_targets": 59409.55430093185,
              "mae_subtest_index_only": 20215.802609621795,
              "rmse_subtest_index_only": 62051.25570238378,
              "mae_suite_index": 5.491417951248195,
              "rmse_suite_index": 5.491417951248195,
              "spearman_suite": NaN,
              "kendall_tau_suite": NaN,
              "fold": 3,
              "n_val": 1,
              "median_bucket_accuracy_suite": NaN,
              "mean_eval_wall_saved_fraction": 0.14086759827559267
            },
            {
              "mae_all_targets": 3071.386432220844,
              "rmse_all_targets": 9316.186172101425,
              "mae_subtest_index_only": 3350.3857713640664,
              "rmse_subtest_index_only": 9730.439080951719,
              "mae_suite_index": 2.3937016454026434,
              "rmse_suite_index": 2.3937016454026434,
              "spearman_suite": NaN,
              "kendall_tau_suite": NaN,
              "fold": 4,
              "n_val": 1,
              "median_bucket_accuracy_suite": NaN,
              "mean_eval_wall_saved_fraction": 0.13782988052088607
            }
          ],
          "time_savings": {
            "mean_fraction_wall_time_saved_vs_full_suite": 0.13863162812204471,
            "description": "Eval subset; PTS ti.by_test_id.time_s_total (or execution_cost)."
          },
          "n_oof": 5
        },
        {
          "suite_key": "phoronix_cpu",
          "xi_ablation": "full",
          "benchmark": "phoronix",
          "eval_partial_k": 3,
          "policy": "fixed_io_mix",
          "oof_metrics": {
            "mae_all_targets": 12699.206828250408,
            "rmse_all_targets": 45113.46397776897,
            "mae_subtest_index_only": 13853.374244340635,
            "rmse_subtest_index_only": 47119.47635395299,
            "mae_suite_index": 3.365251257913451,
            "rmse_suite_index": 3.781986454588294,
            "spearman_suite": -0.9999999999999999,
            "kendall_tau_suite": -1.0,
            "median_bucket_accuracy_suite": 0.2
          },
          "per_fold_metrics": [
            {
              "mae_all_targets": 9444.145896151576,
              "rmse_all_targets": 28920.434727996428,
              "mae_subtest_index_only": 10302.594082180673,
              "rmse_subtest_index_only": 30206.40891779174,
              "mae_suite_index": 1.2158498315277484,
              "rmse_suite_index": 1.2158498315277484,
              "spearman_suite": NaN,
              "kendall_tau_suite": NaN,
              "fold": 0,
              "n_val": 1,
              "median_bucket_accuracy_suite": NaN,
              "mean_eval_wall_saved_fraction": 0.13816295645304322
            },
            {
              "mae_all_targets": 13928.662024922762,
              "rmse_all_targets": 46865.0005946689,
              "mae_subtest_index_only": 15194.686382818125,
              "rmse_subtest_index_only": 48948.89669397159,
              "mae_suite_index": 2.394088073761168,
              "rmse_suite_index": 2.394088073761168,
              "spearman_suite": NaN,
              "kendall_tau_suite": NaN,
              "fold": 1,
              "n_val": 1,
              "median_bucket_accuracy_suite": NaN,
              "mean_eval_wall_saved_fraction": 0.1377882464591569
            },
            {
              "mae_all_targets": 18520.22977764095,
              "rmse_all_targets": 59389.53500191809,
              "mae_subtest_index_only": 20203.402375718524,
              "rmse_subtest_index_only": 62030.34622776981,
              "mae_suite_index": 5.3311987876275,
              "rmse_suite_index": 5.3311987876275,
              "spearman_suite": NaN,
              "kendall_tau_suite": NaN,
              "fold": 2,
              "n_val": 1,
              "median_bucket_accuracy_suite": NaN,
              "mean_eval_wall_saved_fraction": 0.1385094589015448
            },
            {
              "mae_all_targets": 18531.610010315915,
              "rmse_all_targets": 59409.55430093185,
              "mae_subtest_index_only": 20215.802609621795,
              "rmse_subtest_index_only": 62051.25570238378,
              "mae_suite_index": 5.491417951248195,
              "rmse_suite_index": 5.491417951248195,
              "spearman_suite": NaN,
              "kendall_tau_suite": NaN,
              "fold": 3,
              "n_val": 1,
              "median_bucket_accuracy_suite": NaN,
              "mean_eval_wall_saved_fraction": 0.14086759827559267
            },
            {
              "mae_all_targets": 3071.386432220844,
              "rmse_all_targets": 9316.186172101425,
              "mae_subtest_index_only": 3350.3857713640664,
              "rmse_subtest_index_only": 9730.439080951719,
              "mae_suite_index": 2.3937016454026434,
              "rmse_suite_index": 2.3937016454026434,
              "spearman_suite": NaN,
              "kendall_tau_suite": NaN,
              "fold": 4,
              "n_val": 1,
              "median_bucket_accuracy_suite": NaN,
              "mean_eval_wall_saved_fraction": 0.13782988052088607
            }
          ],
          "time_savings": {
            "mean_fraction_wall_time_saved_vs_full_suite": 0.13863162812204471,
            "description": "Eval subset; PTS ti.by_test_id.time_s_total (or execution_cost)."
          },
          "n_oof": 5
        },
        {
          "suite_key": "phoronix_cpu",
          "xi_ablation": "full",
          "benchmark": "phoronix",
          "eval_partial_k": 3,
          "policy": "greedy_slowest",
          "oof_metrics": {
            "mae_all_targets": 12695.064659622738,
            "rmse_all_targets": 45112.18065814495,
            "mae_subtest_index_only": 13848.854609834221,
            "rmse_subtest_index_only": 47118.135970215364,
            "mae_suite_index": 3.375207296451026,
            "rmse_suite_index": 3.7963863435735643,
            "spearman_suite": -0.9999999999999999,
            "kendall_tau_suite": -1.0,
            "median_bucket_accuracy_suite": 0.2
          },
          "per_fold_metrics": [
            {
              "mae_all_targets": 9423.433947387779,
              "rmse_all_targets": 28910.42377972188,
              "mae_subtest_index_only": 10279.999191493807,
              "rmse_subtest_index_only": 30195.9528233323,
              "mae_suite_index": 1.2162622214707426,
              "rmse_suite_index": 1.2162622214707426,
              "spearman_suite": NaN,
              "kendall_tau_suite": NaN,
              "fold": 0,
              "n_val": 1,
              "median_bucket_accuracy_suite": NaN,
              "mean_eval_wall_saved_fraction": 0.09309072190133844
            },
            {
              "mae_all_targets": 13928.659010364112,
              "rmse_all_targets": 46865.00059452,
              "mae_subtest_index_only": 15194.683094208689,
              "rmse_subtest_index_only": 48948.896693816074,
              "mae_suite_index": 2.394088073761168,
              "rmse_suite_index": 2.394088073761168,
              "spearman_suite": NaN,
              "kendall_tau_suite": NaN,
              "fold": 1,
              "n_val": 1,
              "median_bucket_accuracy_suite": NaN,
              "mean_eval_wall_saved_fraction": 0.09348605895679332
            },
            {
              "mae_all_targets": 18520.22977764095,
              "rmse_all_targets": 59389.53500191809,
              "mae_subtest_index_only": 20203.402375718524,
              "rmse_subtest_index_only": 62030.34622776981,
              "mae_suite_index": 5.3311987876275,
              "rmse_suite_index": 5.3311987876275,
              "spearman_suite": NaN,
              "kendall_tau_suite": NaN,
              "fold": 2,
              "n_val": 1,
              "median_bucket_accuracy_suite": NaN,
              "mean_eval_wall_saved_fraction": 0.0921602812547006
            },
            {
              "mae_all_targets": 18531.61413050001,
              "rmse_all_targets": 59409.55430131385,
              "mae_subtest_index_only": 20215.802616386012,
              "rmse_subtest_index_only": 62051.2557023838,
              "mae_suite_index": 5.540785753993077,
              "rmse_suite_index": 5.540785753993077,
              "spearman_suite": NaN,
              "kendall_tau_suite": NaN,
              "fold": 3,
              "n_val": 1,
              "median_bucket_accuracy_suite": NaN,
              "mean_eval_wall_saved_fraction": 0.09366684175740625
            },
            {
              "mae_all_targets": 3071.386432220844,
              "rmse_all_targets": 9316.186172101425,
              "mae_subtest_index_only": 3350.3857713640664,
              "rmse_subtest_index_only": 9730.439080951719,
              "mae_suite_index": 2.3937016454026434,
              "rmse_suite_index": 2.3937016454026434,
              "spearman_suite": NaN,
              "kendall_tau_suite": NaN,
              "fold": 4,
              "n_val": 1,
              "median_bucket_accuracy_suite": NaN,
              "mean_eval_wall_saved_fraction": 0.09300870132608709
            }
          ],
          "time_savings": {
            "mean_fraction_wall_time_saved_vs_full_suite": 0.09308252103926513,
            "description": "Eval subset; PTS ti.by_test_id.time_s_total (or execution_cost)."
          },
          "n_oof": 5
        },
        {
          "suite_key": "phoronix_cpu",
          "xi_ablation": "full",
          "benchmark": "phoronix",
          "eval_partial_k": 3,
          "policy": "greedy_fastest",
          "oof_metrics": {
            "mae_all_targets": 12699.20672124438,
            "rmse_all_targets": 45113.463977765736,
            "mae_subtest_index_only": 13853.374194117245,
            "rmse_subtest_index_only": 47119.47635395053,
            "mae_suite_index": 3.364519642902269,
            "rmse_suite_index": 3.7818599675260995,
            "spearman_suite": -0.9999999999999999,
            "kendall_tau_suite": -1.0,
            "median_bucket_accuracy_suite": 0.2
          },
          "per_fold_metrics": [
            {
              "mae_all_targets": 9444.145547558432,
              "rmse_all_targets": 28920.43472798194,
              "mae_subtest_index_only": 10302.594077977528,
              "rmse_subtest_index_only": 30206.40891779172,
              "mae_suite_index": 1.2117129483763165,
              "rmse_suite_index": 1.2117129483763165,
              "spearman_suite": NaN,
              "kendall_tau_suite": NaN,
              "fold": 0,
              "n_val": 1,
              "median_bucket_accuracy_suite": NaN,
              "mean_eval_wall_saved_fraction": 0.9876958550200912
            },
            {
              "mae_all_targets": 13928.661796851457,
              "rmse_all_targets": 46865.000594657555,
              "mae_subtest_index_only": 15194.686134013067,
              "rmse_subtest_index_only": 48948.896693959745,
              "mae_suite_index": 2.394088073761168,
              "rmse_suite_index": 2.394088073761168,
              "spearman_suite": NaN,
              "kendall_tau_suite": NaN,
              "fold": 1,
              "n_val": 1,
              "median_bucket_accuracy_suite": NaN,
              "mean_eval_wall_saved_fraction": 0.9877645406547578
            },
            {
              "mae_all_targets": 18520.22977764095,
              "rmse_all_targets": 59389.53500191809,
              "mae_subtest_index_only": 20203.402375718524,
              "rmse_subtest_index_only": 62030.34622776981,
              "mae_suite_index": 5.3311987876275,
              "rmse_suite_index": 5.3311987876275,
              "spearman_suite": NaN,
              "kendall_tau_suite": NaN,
              "fold": 2,
              "n_val": 1,
              "median_bucket_accuracy_suite": NaN,
              "mean_eval_wall_saved_fraction": 0.9877623160946946
            },
            {
              "mae_all_targets": 18531.61005195023,
              "rmse_all_targets": 59409.554300935546,
              "mae_subtest_index_only": 20215.802611513038,
              "rmse_subtest_index_only": 62051.25570238379,
              "mae_suite_index": 5.491896759343717,
              "rmse_suite_index": 5.491896759343717,
              "spearman_suite": NaN,
              "kendall_tau_suite": NaN,
              "fold": 3,
              "n_val": 1,
              "median_bucket_accuracy_suite": NaN,
              "mean_eval_wall_saved_fraction": 0.9876967207555086
            },
            {
              "mae_all_targets": 3071.386432220844,
              "rmse_all_targets": 9316.186172101425,
              "mae_subtest_index_only": 3350.3857713640664,
              "rmse_subtest_index_only": 9730.439080951719,
              "mae_suite_index": 2.3937016454026434,
              "rmse_suite_index": 2.3937016454026434,
              "spearman_suite": NaN,
              "kendall_tau_suite": NaN,
              "fold": 4,
              "n_val": 1,
              "median_bucket_accuracy_suite": NaN,
              "mean_eval_wall_saved_fraction": 0.987703558114275
            }
          ],
          "time_savings": {
            "mean_fraction_wall_time_saved_vs_full_suite": 0.9877245981278655,
            "description": "Eval subset; PTS ti.by_test_id.time_s_total (or execution_cost)."
          },
          "n_oof": 5
        },
        {
          "suite_key": "phoronix_cpu",
          "xi_ablation": "full",
          "benchmark": "phoronix",
          "eval_partial_k": 3,
          "policy": "router",
          "oof_metrics": {
            "mae_all_targets": 12695.064561008365,
            "rmse_all_targets": 45112.180658141624,
            "mae_subtest_index_only": 13848.854636058588,
            "rmse_subtest_index_only": 47118.13597021682,
            "mae_suite_index": 3.3737354559148116,
            "rmse_suite_index": 3.7957135339813974,
            "spearman_suite": -0.9999999999999999,
            "kendall_tau_suite": -1.0,
            "median_bucket_accuracy_suite": 0.2
          },
          "per_fold_metrics": [
            {
              "mae_all_targets": 9423.433402038765,
              "rmse_all_targets": 28910.423779699227,
              "mae_subtest_index_only": 10279.999184847647,
              "rmse_subtest_index_only": 30195.95282333227,
              "mae_suite_index": 1.2097911410642155,
              "rmse_suite_index": 1.2097911410642155,
              "spearman_suite": NaN,
              "kendall_tau_suite": NaN,
              "fold": 0,
              "n_val": 1,
              "median_bucket_accuracy_suite": NaN,
              "mean_eval_wall_saved_fraction": 0.8946241693462801
            },
            {
              "mae_all_targets": 13928.659148760244,
              "rmse_all_targets": 46865.000594526784,
              "mae_subtest_index_only": 15194.683245186288,
              "rmse_subtest_index_only": 48948.89669382315,
              "mae_suite_index": 2.394088073761168,
              "rmse_suite_index": 2.394088073761168,
              "spearman_suite": NaN,
              "kendall_tau_suite": NaN,
              "fold": 1,
              "n_val": 1,
              "median_bucket_accuracy_suite": NaN,
              "mean_eval_wall_saved_fraction": 0.9381567114894133
            },
            {
              "mae_all_targets": 18520.22977764095,
              "rmse_all_targets": 59389.53500191809,
              "mae_subtest_index_only": 20203.402375718524,
              "rmse_subtest_index_only": 62030.34622776981,
              "mae_suite_index": 5.3311987876275,
              "rmse_suite_index": 5.3311987876275,
              "spearman_suite": NaN,
              "kendall_tau_suite": NaN,
              "fold": 2,
              "n_val": 1,
              "median_bucket_accuracy_suite": NaN,
              "mean_eval_wall_saved_fraction": 0.8955124225093372
            },
            {
              "mae_all_targets": 18531.614044381033,
              "rmse_all_targets": 59409.55430130691,
              "mae_subtest_index_only": 20215.802603176424,
              "rmse_subtest_index_only": 62051.255702383765,
              "mae_suite_index": 5.539897631718532,
              "rmse_suite_index": 5.539897631718532,
              "spearman_suite": NaN,
              "kendall_tau_suite": NaN,
              "fold": 3,
              "n_val": 1,
              "median_bucket_accuracy_suite": NaN,
              "mean_eval_wall_saved_fraction": 0.8911483744165614
            },
            {
              "mae_all_targets": 3071.386432220844,
              "rmse_all_targets": 9316.186172101425,
              "mae_subtest_index_only": 3350.3857713640664,
              "rmse_subtest_index_only": 9730.439080951719,
              "mae_suite_index": 2.3937016454026434,
              "rmse_suite_index": 2.3937016454026434,
              "spearman_suite": NaN,
              "kendall_tau_suite": NaN,
              "fold": 4,
              "n_val": 1,
              "median_bucket_accuracy_suite": NaN,
              "mean_eval_wall_saved_fraction": 0.9385695131315623
            }
          ],
          "time_savings": {
            "mean_fraction_wall_time_saved_vs_full_suite": 0.9116022381786308,
            "description": "Eval subset; PTS ti.by_test_id.time_s_total (or execution_cost)."
          },
          "n_oof": 5
        }
      ]
    }
  ]
}
+ /home/cxc/dev/miniconda3/bin/python3 /home/cxc/MoEBench/scripts/paper_reconstruct_cv_extras.py --dataset-root /home/cxc/MoEBench/dataset --suites phoronix_cpu --cv-mode leave_one_session_out --seed 42 --model-type lightgbm --log1p-partial-value --train-aug 10 --train-k-max 12 --xi-ablations full --report-json /home/cxc/MoEBench/dataset/paper_supplementary/policy_phoronix_cpu_iZbp16krl0yc7euw7sb6slZ.json --auto-install --glob-pts-cpu iZbp16krl0yc7euw7sb6slZ_cpu_[0-9][0-9][0-9][0-9][0-9][0-9][0-9][0-9]T[0-9][0-9][0-9][0-9][0-9][0-9]Z/run-*.json --router-model-pts-cpu /home/cxc/MoEBench/dataset/experiments/router_recon_grid_cpu_iZbp16krl0yc7euw7sb6slZ_20260527T035712Z/trained_models/router_mlp.pt --eval-partial-k 3 --policies random,fixed_first_k,fixed_cpu_mix,fixed_io_mix,greedy_slowest,greedy_fastest,router
[phoronix_cpu] leave_one_session_out needs >= 2 session dirs; got 1. Falling back to random_fold.
Requirement already satisfied: lightgbm in /home/cxc/dev/miniconda3/lib/python3.13/site-packages (4.6.0)
Requirement already satisfied: numpy>=1.17.0 in /home/cxc/dev/miniconda3/lib/python3.13/site-packages (from lightgbm) (2.4.4)
Requirement already satisfied: scipy in /home/cxc/dev/miniconda3/lib/python3.13/site-packages (from lightgbm) (1.17.1)
Requirement already satisfied: lightgbm in /home/cxc/dev/miniconda3/lib/python3.13/site-packages (4.6.0)
Requirement already satisfied: numpy>=1.17.0 in /home/cxc/dev/miniconda3/lib/python3.13/site-packages (from lightgbm) (2.4.4)
Requirement already satisfied: scipy in /home/cxc/dev/miniconda3/lib/python3.13/site-packages (from lightgbm) (1.17.1)
Requirement already satisfied: lightgbm in /home/cxc/dev/miniconda3/lib/python3.13/site-packages (4.6.0)
Requirement already satisfied: numpy>=1.17.0 in /home/cxc/dev/miniconda3/lib/python3.13/site-packages (from lightgbm) (2.4.4)
Requirement already satisfied: scipy in /home/cxc/dev/miniconda3/lib/python3.13/site-packages (from lightgbm) (1.17.1)
Requirement already satisfied: lightgbm in /home/cxc/dev/miniconda3/lib/python3.13/site-packages (4.6.0)
Requirement already satisfied: numpy>=1.17.0 in /home/cxc/dev/miniconda3/lib/python3.13/site-packages (from lightgbm) (2.4.4)
Requirement already satisfied: scipy in /home/cxc/dev/miniconda3/lib/python3.13/site-packages (from lightgbm) (1.17.1)
Requirement already satisfied: lightgbm in /home/cxc/dev/miniconda3/lib/python3.13/site-packages (4.6.0)
Requirement already satisfied: numpy>=1.17.0 in /home/cxc/dev/miniconda3/lib/python3.13/site-packages (from lightgbm) (2.4.4)
Requirement already satisfied: scipy in /home/cxc/dev/miniconda3/lib/python3.13/site-packages (from lightgbm) (1.17.1)
Requirement already satisfied: lightgbm in /home/cxc/dev/miniconda3/lib/python3.13/site-packages (4.6.0)
Requirement already satisfied: numpy>=1.17.0 in /home/cxc/dev/miniconda3/lib/python3.13/site-packages (from lightgbm) (2.4.4)
Requirement already satisfied: scipy in /home/cxc/dev/miniconda3/lib/python3.13/site-packages (from lightgbm) (1.17.1)
Requirement already satisfied: lightgbm in /home/cxc/dev/miniconda3/lib/python3.13/site-packages (4.6.0)
Requirement already satisfied: numpy>=1.17.0 in /home/cxc/dev/miniconda3/lib/python3.13/site-packages (from lightgbm) (2.4.4)
Requirement already satisfied: scipy in /home/cxc/dev/miniconda3/lib/python3.13/site-packages (from lightgbm) (1.17.1)
Requirement already satisfied: lightgbm in /home/cxc/dev/miniconda3/lib/python3.13/site-packages (4.6.0)
Requirement already satisfied: numpy>=1.17.0 in /home/cxc/dev/miniconda3/lib/python3.13/site-packages (from lightgbm) (2.4.4)
Requirement already satisfied: scipy in /home/cxc/dev/miniconda3/lib/python3.13/site-packages (from lightgbm) (1.17.1)
Requirement already satisfied: lightgbm in /home/cxc/dev/miniconda3/lib/python3.13/site-packages (4.6.0)
Requirement already satisfied: numpy>=1.17.0 in /home/cxc/dev/miniconda3/lib/python3.13/site-packages (from lightgbm) (2.4.4)
Requirement already satisfied: scipy in /home/cxc/dev/miniconda3/lib/python3.13/site-packages (from lightgbm) (1.17.1)
Requirement already satisfied: lightgbm in /home/cxc/dev/miniconda3/lib/python3.13/site-packages (4.6.0)
Requirement already satisfied: numpy>=1.17.0 in /home/cxc/dev/miniconda3/lib/python3.13/site-packages (from lightgbm) (2.4.4)
Requirement already satisfied: scipy in /home/cxc/dev/miniconda3/lib/python3.13/site-packages (from lightgbm) (1.17.1)
Requirement already satisfied: lightgbm in /home/cxc/dev/miniconda3/lib/python3.13/site-packages (4.6.0)
Requirement already satisfied: numpy>=1.17.0 in /home/cxc/dev/miniconda3/lib/python3.13/site-packages (from lightgbm) (2.4.4)
Requirement already satisfied: scipy in /home/cxc/dev/miniconda3/lib/python3.13/site-packages (from lightgbm) (1.17.1)
Requirement already satisfied: lightgbm in /home/cxc/dev/miniconda3/lib/python3.13/site-packages (4.6.0)
Requirement already satisfied: numpy>=1.17.0 in /home/cxc/dev/miniconda3/lib/python3.13/site-packages (from lightgbm) (2.4.4)
Requirement already satisfied: scipy in /home/cxc/dev/miniconda3/lib/python3.13/site-packages (from lightgbm) (1.17.1)
Requirement already satisfied: lightgbm in /home/cxc/dev/miniconda3/lib/python3.13/site-packages (4.6.0)
Requirement already satisfied: numpy>=1.17.0 in /home/cxc/dev/miniconda3/lib/python3.13/site-packages (from lightgbm) (2.4.4)
Requirement already satisfied: scipy in /home/cxc/dev/miniconda3/lib/python3.13/site-packages (from lightgbm) (1.17.1)
Requirement already satisfied: lightgbm in /home/cxc/dev/miniconda3/lib/python3.13/site-packages (4.6.0)
Requirement already satisfied: numpy>=1.17.0 in /home/cxc/dev/miniconda3/lib/python3.13/site-packages (from lightgbm) (2.4.4)
Requirement already satisfied: scipy in /home/cxc/dev/miniconda3/lib/python3.13/site-packages (from lightgbm) (1.17.1)
Requirement already satisfied: lightgbm in /home/cxc/dev/miniconda3/lib/python3.13/site-packages (4.6.0)
Requirement already satisfied: numpy>=1.17.0 in /home/cxc/dev/miniconda3/lib/python3.13/site-packages (from lightgbm) (2.4.4)
Requirement already satisfied: scipy in /home/cxc/dev/miniconda3/lib/python3.13/site-packages (from lightgbm) (1.17.1)
Requirement already satisfied: lightgbm in /home/cxc/dev/miniconda3/lib/python3.13/site-packages (4.6.0)
Requirement already satisfied: numpy>=1.17.0 in /home/cxc/dev/miniconda3/lib/python3.13/site-packages (from lightgbm) (2.4.4)
Requirement already satisfied: scipy in /home/cxc/dev/miniconda3/lib/python3.13/site-packages (from lightgbm) (1.17.1)
Requirement already satisfied: lightgbm in /home/cxc/dev/miniconda3/lib/python3.13/site-packages (4.6.0)
Requirement already satisfied: numpy>=1.17.0 in /home/cxc/dev/miniconda3/lib/python3.13/site-packages (from lightgbm) (2.4.4)
Requirement already satisfied: scipy in /home/cxc/dev/miniconda3/lib/python3.13/site-packages (from lightgbm) (1.17.1)
Requirement already satisfied: lightgbm in /home/cxc/dev/miniconda3/lib/python3.13/site-packages (4.6.0)
Requirement already satisfied: numpy>=1.17.0 in /home/cxc/dev/miniconda3/lib/python3.13/site-packages (from lightgbm) (2.4.4)
Requirement already satisfied: scipy in /home/cxc/dev/miniconda3/lib/python3.13/site-packages (from lightgbm) (1.17.1)
Requirement already satisfied: lightgbm in /home/cxc/dev/miniconda3/lib/python3.13/site-packages (4.6.0)
Requirement already satisfied: numpy>=1.17.0 in /home/cxc/dev/miniconda3/lib/python3.13/site-packages (from lightgbm) (2.4.4)
Requirement already satisfied: scipy in /home/cxc/dev/miniconda3/lib/python3.13/site-packages (from lightgbm) (1.17.1)
Requirement already satisfied: lightgbm in /home/cxc/dev/miniconda3/lib/python3.13/site-packages (4.6.0)
Requirement already satisfied: numpy>=1.17.0 in /home/cxc/dev/miniconda3/lib/python3.13/site-packages (from lightgbm) (2.4.4)
Requirement already satisfied: scipy in /home/cxc/dev/miniconda3/lib/python3.13/site-packages (from lightgbm) (1.17.1)
Requirement already satisfied: lightgbm in /home/cxc/dev/miniconda3/lib/python3.13/site-packages (4.6.0)
Requirement already satisfied: numpy>=1.17.0 in /home/cxc/dev/miniconda3/lib/python3.13/site-packages (from lightgbm) (2.4.4)
Requirement already satisfied: scipy in /home/cxc/dev/miniconda3/lib/python3.13/site-packages (from lightgbm) (1.17.1)
Requirement already satisfied: lightgbm in /home/cxc/dev/miniconda3/lib/python3.13/site-packages (4.6.0)
Requirement already satisfied: numpy>=1.17.0 in /home/cxc/dev/miniconda3/lib/python3.13/site-packages (from lightgbm) (2.4.4)
Requirement already satisfied: scipy in /home/cxc/dev/miniconda3/lib/python3.13/site-packages (from lightgbm) (1.17.1)
Requirement already satisfied: lightgbm in /home/cxc/dev/miniconda3/lib/python3.13/site-packages (4.6.0)
Requirement already satisfied: numpy>=1.17.0 in /home/cxc/dev/miniconda3/lib/python3.13/site-packages (from lightgbm) (2.4.4)
Requirement already satisfied: scipy in /home/cxc/dev/miniconda3/lib/python3.13/site-packages (from lightgbm) (1.17.1)
Requirement already satisfied: lightgbm in /home/cxc/dev/miniconda3/lib/python3.13/site-packages (4.6.0)
Requirement already satisfied: numpy>=1.17.0 in /home/cxc/dev/miniconda3/lib/python3.13/site-packages (from lightgbm) (2.4.4)
Requirement already satisfied: scipy in /home/cxc/dev/miniconda3/lib/python3.13/site-packages (from lightgbm) (1.17.1)
Requirement already satisfied: lightgbm in /home/cxc/dev/miniconda3/lib/python3.13/site-packages (4.6.0)
Requirement already satisfied: numpy>=1.17.0 in /home/cxc/dev/miniconda3/lib/python3.13/site-packages (from lightgbm) (2.4.4)
Requirement already satisfied: scipy in /home/cxc/dev/miniconda3/lib/python3.13/site-packages (from lightgbm) (1.17.1)
Requirement already satisfied: lightgbm in /home/cxc/dev/miniconda3/lib/python3.13/site-packages (4.6.0)
Requirement already satisfied: numpy>=1.17.0 in /home/cxc/dev/miniconda3/lib/python3.13/site-packages (from lightgbm) (2.4.4)
Requirement already satisfied: scipy in /home/cxc/dev/miniconda3/lib/python3.13/site-packages (from lightgbm) (1.17.1)
Requirement already satisfied: lightgbm in /home/cxc/dev/miniconda3/lib/python3.13/site-packages (4.6.0)
Requirement already satisfied: numpy>=1.17.0 in /home/cxc/dev/miniconda3/lib/python3.13/site-packages (from lightgbm) (2.4.4)
Requirement already satisfied: scipy in /home/cxc/dev/miniconda3/lib/python3.13/site-packages (from lightgbm) (1.17.1)
Requirement already satisfied: lightgbm in /home/cxc/dev/miniconda3/lib/python3.13/site-packages (4.6.0)
Requirement already satisfied: numpy>=1.17.0 in /home/cxc/dev/miniconda3/lib/python3.13/site-packages (from lightgbm) (2.4.4)
Requirement already satisfied: scipy in /home/cxc/dev/miniconda3/lib/python3.13/site-packages (from lightgbm) (1.17.1)
Requirement already satisfied: lightgbm in /home/cxc/dev/miniconda3/lib/python3.13/site-packages (4.6.0)
Requirement already satisfied: numpy>=1.17.0 in /home/cxc/dev/miniconda3/lib/python3.13/site-packages (from lightgbm) (2.4.4)
Requirement already satisfied: scipy in /home/cxc/dev/miniconda3/lib/python3.13/site-packages (from lightgbm) (1.17.1)
Requirement already satisfied: lightgbm in /home/cxc/dev/miniconda3/lib/python3.13/site-packages (4.6.0)
Requirement already satisfied: numpy>=1.17.0 in /home/cxc/dev/miniconda3/lib/python3.13/site-packages (from lightgbm) (2.4.4)
Requirement already satisfied: scipy in /home/cxc/dev/miniconda3/lib/python3.13/site-packages (from lightgbm) (1.17.1)
Requirement already satisfied: lightgbm in /home/cxc/dev/miniconda3/lib/python3.13/site-packages (4.6.0)
Requirement already satisfied: numpy>=1.17.0 in /home/cxc/dev/miniconda3/lib/python3.13/site-packages (from lightgbm) (2.4.4)
Requirement already satisfied: scipy in /home/cxc/dev/miniconda3/lib/python3.13/site-packages (from lightgbm) (1.17.1)
Requirement already satisfied: lightgbm in /home/cxc/dev/miniconda3/lib/python3.13/site-packages (4.6.0)
Requirement already satisfied: numpy>=1.17.0 in /home/cxc/dev/miniconda3/lib/python3.13/site-packages (from lightgbm) (2.4.4)
Requirement already satisfied: scipy in /home/cxc/dev/miniconda3/lib/python3.13/site-packages (from lightgbm) (1.17.1)
Requirement already satisfied: lightgbm in /home/cxc/dev/miniconda3/lib/python3.13/site-packages (4.6.0)
Requirement already satisfied: numpy>=1.17.0 in /home/cxc/dev/miniconda3/lib/python3.13/site-packages (from lightgbm) (2.4.4)
Requirement already satisfied: scipy in /home/cxc/dev/miniconda3/lib/python3.13/site-packages (from lightgbm) (1.17.1)
Requirement already satisfied: lightgbm in /home/cxc/dev/miniconda3/lib/python3.13/site-packages (4.6.0)
Requirement already satisfied: numpy>=1.17.0 in /home/cxc/dev/miniconda3/lib/python3.13/site-packages (from lightgbm) (2.4.4)
Requirement already satisfied: scipy in /home/cxc/dev/miniconda3/lib/python3.13/site-packages (from lightgbm) (1.17.1)
Requirement already satisfied: lightgbm in /home/cxc/dev/miniconda3/lib/python3.13/site-packages (4.6.0)
Requirement already satisfied: numpy>=1.17.0 in /home/cxc/dev/miniconda3/lib/python3.13/site-packages (from lightgbm) (2.4.4)
Requirement already satisfied: scipy in /home/cxc/dev/miniconda3/lib/python3.13/site-packages (from lightgbm) (1.17.1)
{
  "schema": "moebench.paper_reconstruct_cv_extras.v2",
  "dataset_root": "/home/cxc/MoEBench/dataset",
  "suites_requested": [
    "phoronix_cpu"
  ],
  "eval_partial_k_list": [
    3
  ],
  "train_k_range_requested": [
    2,
    12
  ],
  "pts_suite_target": "logmean",
  "model_type": "lightgbm",
  "policies": [
    "random",
    "fixed_first_k",
    "fixed_cpu_mix",
    "fixed_io_mix",
    "greedy_slowest",
    "greedy_fastest",
    "router"
  ],
  "xi_ablations": [
    "full"
  ],
  "suite_results": [
    {
      "suite_key": "phoronix_cpu",
      "pts_suite_filter": "cpu",
      "glob_pattern": "iZbp16krl0yc7euw7sb6slZ_cpu_[0-9][0-9][0-9][0-9][0-9][0-9][0-9][0-9]T[0-9][0-9][0-9][0-9][0-9][0-9]Z/run-*.json",
      "cv_mode_effective": "random_fold",
      "folds_effective": 5,
      "sessions": [
        "iZbp16krl0yc7euw7sb6slZ_cpu_20260525T045459Z"
      ],
      "n_samples": 5,
      "num_profiles_or_subtests": 10,
      "profile_ids_head": [
        "pts/asmfish-1.1.2",
        "pts/build-linux-kernel-1.18.0",
        "pts/compress-7zip-1.13.0",
        "pts/ctx-clock-1.0.0",
        "pts/namd-1.4.0",
        "pts/openssl-4.0.0",
        "pts/radiance-1.0.0",
        "pts/rodinia-1.3.2"
      ],
      "combinations": [
        {
          "suite_key": "phoronix_cpu",
          "xi_ablation": "full",
          "benchmark": "phoronix",
          "eval_partial_k": 3,
          "policy": "random",
          "oof_metrics": {
            "mae_all_targets": 202553.27343926422,
            "rmse_all_targets": 684789.4996560946,
            "mae_subtest_index_only": 222805.37057693233,
            "rmse_subtest_index_only": 718213.286290221,
            "mae_suite_index": 32.30206258265862,
            "rmse_suite_index": 34.54992384737082,
            "spearman_suite": -0.8999999999999998,
            "kendall_tau_suite": -0.8,
            "median_bucket_accuracy_suite": 0.2
          },
          "per_fold_metrics": [
            {
              "mae_all_targets": 244294.43040777202,
              "rmse_all_targets": 745739.9748327566,
              "mae_subtest_index_only": 268720.09201459703,
              "rmse_subtest_index_only": 782138.68394737,
              "mae_suite_index": 37.81433952173575,
              "rmse_suite_index": 37.81433952173575,
              "spearman_suite": NaN,
              "kendall_tau_suite": NaN,
              "fold": 0,
              "n_val": 1,
              "median_bucket_accuracy_suite": NaN,
              "mean_eval_wall_saved_fraction": 0.9800974199312273
            },
            {
              "mae_all_targets": 19027.447690368994,
              "rmse_all_targets": 55723.63449124064,
              "mae_subtest_index_only": 20928.44446824507,
              "rmse_subtest_index_only": 58443.44064520835,
              "mae_suite_index": 17.479911608215843,
              "rmse_suite_index": 17.479911608215843,
              "spearman_suite": NaN,
              "kendall_tau_suite": NaN,
              "fold": 1,
              "n_val": 1,
              "median_bucket_accuracy_suite": NaN,
              "mean_eval_wall_saved_fraction": 0.964022253558096
            },
            {
              "mae_all_targets": 197178.04712827376,
              "rmse_all_targets": 604549.2846650656,
              "mae_subtest_index_only": 216890.7000432637,
              "rmse_subtest_index_only": 634056.6387023613,
              "mae_suite_index": 51.51797837450613,
              "rmse_suite_index": 51.51797837450613,
              "spearman_suite": NaN,
              "kendall_tau_suite": NaN,
              "fold": 2,
              "n_val": 1,
              "median_bucket_accuracy_suite": NaN,
              "mean_eval_wall_saved_fraction": 0.23576382149533667
            },
            {
              "mae_all_targets": 303713.2227548832,
              "rmse_all_targets": 927339.0201394317,
              "mae_subtest_index_only": 334082.45422380976,
              "rmse_subtest_index_only": 972601.3695532012,
              "mae_suite_index": 20.90806561754107,
              "rmse_suite_index": 20.90806561754107,
              "spearman_suite": NaN,
              "kendall_tau_suite": NaN,
              "fold": 3,
              "n_val": 1,
              "median_bucket_accuracy_suite": NaN,
              "mean_eval_wall_saved_fraction": 0.966251310826622
            },
            {
              "mae_all_targets": 248553.21921502298,
              "rmse_all_targets": 748339.8725375682,
              "mae_subtest_index_only": 273405.1621347462,
              "rmse_subtest_index_only": 784865.4796831886,
              "mae_suite_index": 33.790017791294304,
              "rmse_suite_index": 33.790017791294304,
              "spearman_suite": NaN,
              "kendall_tau_suite": NaN,
              "fold": 4,
              "n_val": 1,
              "median_bucket_accuracy_suite": NaN,
              "mean_eval_wall_saved_fraction": 0.9749512090133491
            }
          ],
          "time_savings": {
            "mean_fraction_wall_time_saved_vs_full_suite": 0.8242172029649263,
            "description": "Eval subset; PTS ti.by_test_id.time_s_total (or execution_cost)."
          },
          "n_oof": 5
        },
        {
          "suite_key": "phoronix_cpu",
          "xi_ablation": "full",
          "benchmark": "phoronix",
          "eval_partial_k": 3,
          "policy": "fixed_first_k",
          "oof_metrics": {
            "mae_all_targets": 210407.05241104405,
            "rmse_all_targets": 708401.8625619529,
            "mae_subtest_index_only": 231444.52744589015,
            "rmse_subtest_index_only": 742978.1414348598,
            "mae_suite_index": 32.30206258265862,
            "rmse_suite_index": 34.54992384737082,
            "spearman_suite": -0.8999999999999998,
            "kendall_tau_suite": -0.8,
            "median_bucket_accuracy_suite": 0.2
          },
          "per_fold_metrics": [
            {
              "mae_all_targets": 244294.7505212118,
              "rmse_all_targets": 745739.9750411878,
              "mae_subtest_index_only": 268720.4441393808,
              "rmse_subtest_index_only": 782138.6841659747,
              "mae_suite_index": 37.81433952173575,
              "rmse_suite_index": 37.81433952173575,
              "spearman_suite": NaN,
              "kendall_tau_suite": NaN,
              "fold": 0,
              "n_val": 1,
              "median_bucket_accuracy_suite": NaN,
              "mean_eval_wall_saved_fraction": 0.26177803284405277
            },
            {
              "mae_all_targets": 19027.447674919953,
              "rmse_all_targets": 55723.634491240446,
              "mae_subtest_index_only": 20928.444451251125,
              "rmse_subtest_index_only": 58443.440645208146,
              "mae_suite_index": 17.479911608215843,
              "rmse_suite_index": 17.479911608215843,
              "spearman_suite": NaN,
              "kendall_tau_suite": NaN,
              "fold": 1,
              "n_val": 1,
              "median_bucket_accuracy_suite": NaN,
              "mean_eval_wall_saved_fraction": 0.26447882361704494
            },
            {
              "mae_all_targets": 236446.6218891822,
              "rmse_all_targets": 727985.2591146124,
              "mae_subtest_index_only": 260086.13228026297,
              "rmse_subtest_index_only": 763517.3809230383,
              "mae_suite_index": 51.51797837450613,
              "rmse_suite_index": 51.51797837450613,
              "spearman_suite": NaN,
              "kendall_tau_suite": NaN,
              "fold": 2,
              "n_val": 1,
              "median_bucket_accuracy_suite": NaN,
              "mean_eval_wall_saved_fraction": 0.2628593282324218
            },
            {
              "mae_all_targets": 303713.2227548832,
              "rmse_all_targets": 927339.0201394317,
              "mae_subtest_index_only": 334082.45422380976,
              "rmse_subtest_index_only": 972601.3695532012,
              "mae_suite_index": 20.90806561754107,
              "rmse_suite_index": 20.90806561754107,
              "spearman_suite": NaN,
              "kendall_tau_suite": NaN,
              "fold": 3,
              "n_val": 1,
              "median_bucket_accuracy_suite": NaN,
              "mean_eval_wall_saved_fraction": 0.2610581934328138
            },
            {
              "mae_all_targets": 248553.21921502298,
              "rmse_all_targets": 748339.8725375682,
              "mae_subtest_index_only": 273405.1621347462,
              "rmse_subtest_index_only": 784865.4796831886,
              "mae_suite_index": 33.790017791294304,
              "rmse_suite_index": 33.790017791294304,
              "spearman_suite": NaN,
              "kendall_tau_suite": NaN,
              "fold": 4,
              "n_val": 1,
              "median_bucket_accuracy_suite": NaN,
              "mean_eval_wall_saved_fraction": 0.26025213861338364
            }
          ],
          "time_savings": {
            "mean_fraction_wall_time_saved_vs_full_suite": 0.2620853033479434,
            "description": "Eval subset; PTS ti.by_test_id.time_s_total (or execution_cost)."
          },
          "n_oof": 5
        },
        {
          "suite_key": "phoronix_cpu",
          "xi_ablation": "full",
          "benchmark": "phoronix",
          "eval_partial_k": 3,
          "policy": "fixed_cpu_mix",
          "oof_metrics": {
            "mae_all_targets": 210407.05241104405,
            "rmse_all_targets": 708401.8625619529,
            "mae_subtest_index_only": 231444.52744589015,
            "rmse_subtest_index_only": 742978.1414348598,
            "mae_suite_index": 32.30206258265862,
            "rmse_suite_index": 34.54992384737082,
            "spearman_suite": -0.8999999999999998,
            "kendall_tau_suite": -0.8,
            "median_bucket_accuracy_suite": 0.2
          },
          "per_fold_metrics": [
            {
              "mae_all_targets": 244294.7505212118,
              "rmse_all_targets": 745739.9750411878,
              "mae_subtest_index_only": 268720.4441393808,
              "rmse_subtest_index_only": 782138.6841659747,
              "mae_suite_index": 37.81433952173575,
              "rmse_suite_index": 37.81433952173575,
              "spearman_suite": NaN,
              "kendall_tau_suite": NaN,
              "fold": 0,
              "n_val": 1,
              "median_bucket_accuracy_suite": NaN,
              "mean_eval_wall_saved_fraction": 0.26177803284405277
            },
            {
              "mae_all_targets": 19027.447674919953,
              "rmse_all_targets": 55723.634491240446,
              "mae_subtest_index_only": 20928.444451251125,
              "rmse_subtest_index_only": 58443.440645208146,
              "mae_suite_index": 17.479911608215843,
              "rmse_suite_index": 17.479911608215843,
              "spearman_suite": NaN,
              "kendall_tau_suite": NaN,
              "fold": 1,
              "n_val": 1,
              "median_bucket_accuracy_suite": NaN,
              "mean_eval_wall_saved_fraction": 0.26447882361704494
            },
            {
              "mae_all_targets": 236446.6218891822,
              "rmse_all_targets": 727985.2591146124,
              "mae_subtest_index_only": 260086.13228026297,
              "rmse_subtest_index_only": 763517.3809230383,
              "mae_suite_index": 51.51797837450613,
              "rmse_suite_index": 51.51797837450613,
              "spearman_suite": NaN,
              "kendall_tau_suite": NaN,
              "fold": 2,
              "n_val": 1,
              "median_bucket_accuracy_suite": NaN,
              "mean_eval_wall_saved_fraction": 0.2628593282324218
            },
            {
              "mae_all_targets": 303713.2227548832,
              "rmse_all_targets": 927339.0201394317,
              "mae_subtest_index_only": 334082.45422380976,
              "rmse_subtest_index_only": 972601.3695532012,
              "mae_suite_index": 20.90806561754107,
              "rmse_suite_index": 20.90806561754107,
              "spearman_suite": NaN,
              "kendall_tau_suite": NaN,
              "fold": 3,
              "n_val": 1,
              "median_bucket_accuracy_suite": NaN,
              "mean_eval_wall_saved_fraction": 0.2610581934328138
            },
            {
              "mae_all_targets": 248553.21921502298,
              "rmse_all_targets": 748339.8725375682,
              "mae_subtest_index_only": 273405.1621347462,
              "rmse_subtest_index_only": 784865.4796831886,
              "mae_suite_index": 33.790017791294304,
              "rmse_suite_index": 33.790017791294304,
              "spearman_suite": NaN,
              "kendall_tau_suite": NaN,
              "fold": 4,
              "n_val": 1,
              "median_bucket_accuracy_suite": NaN,
              "mean_eval_wall_saved_fraction": 0.26025213861338364
            }
          ],
          "time_savings": {
            "mean_fraction_wall_time_saved_vs_full_suite": 0.2620853033479434,
            "description": "Eval subset; PTS ti.by_test_id.time_s_total (or execution_cost)."
          },
          "n_oof": 5
        },
        {
          "suite_key": "phoronix_cpu",
          "xi_ablation": "full",
          "benchmark": "phoronix",
          "eval_partial_k": 3,
          "policy": "fixed_io_mix",
          "oof_metrics": {
            "mae_all_targets": 210407.05241104405,
            "rmse_all_targets": 708401.8625619529,
            "mae_subtest_index_only": 231444.52744589015,
            "rmse_subtest_index_only": 742978.1414348598,
            "mae_suite_index": 32.30206258265862,
            "rmse_suite_index": 34.54992384737082,
            "spearman_suite": -0.8999999999999998,
            "kendall_tau_suite": -0.8,
            "median_bucket_accuracy_suite": 0.2
          },
          "per_fold_metrics": [
            {
              "mae_all_targets": 244294.7505212118,
              "rmse_all_targets": 745739.9750411878,
              "mae_subtest_index_only": 268720.4441393808,
              "rmse_subtest_index_only": 782138.6841659747,
              "mae_suite_index": 37.81433952173575,
              "rmse_suite_index": 37.81433952173575,
              "spearman_suite": NaN,
              "kendall_tau_suite": NaN,
              "fold": 0,
              "n_val": 1,
              "median_bucket_accuracy_suite": NaN,
              "mean_eval_wall_saved_fraction": 0.26177803284405277
            },
            {
              "mae_all_targets": 19027.447674919953,
              "rmse_all_targets": 55723.634491240446,
              "mae_subtest_index_only": 20928.444451251125,
              "rmse_subtest_index_only": 58443.440645208146,
              "mae_suite_index": 17.479911608215843,
              "rmse_suite_index": 17.479911608215843,
              "spearman_suite": NaN,
              "kendall_tau_suite": NaN,
              "fold": 1,
              "n_val": 1,
              "median_bucket_accuracy_suite": NaN,
              "mean_eval_wall_saved_fraction": 0.26447882361704494
            },
            {
              "mae_all_targets": 236446.6218891822,
              "rmse_all_targets": 727985.2591146124,
              "mae_subtest_index_only": 260086.13228026297,
              "rmse_subtest_index_only": 763517.3809230383,
              "mae_suite_index": 51.51797837450613,
              "rmse_suite_index": 51.51797837450613,
              "spearman_suite": NaN,
              "kendall_tau_suite": NaN,
              "fold": 2,
              "n_val": 1,
              "median_bucket_accuracy_suite": NaN,
              "mean_eval_wall_saved_fraction": 0.2628593282324218
            },
            {
              "mae_all_targets": 303713.2227548832,
              "rmse_all_targets": 927339.0201394317,
              "mae_subtest_index_only": 334082.45422380976,
              "rmse_subtest_index_only": 972601.3695532012,
              "mae_suite_index": 20.90806561754107,
              "rmse_suite_index": 20.90806561754107,
              "spearman_suite": NaN,
              "kendall_tau_suite": NaN,
              "fold": 3,
              "n_val": 1,
              "median_bucket_accuracy_suite": NaN,
              "mean_eval_wall_saved_fraction": 0.2610581934328138
            },
            {
              "mae_all_targets": 248553.21921502298,
              "rmse_all_targets": 748339.8725375682,
              "mae_subtest_index_only": 273405.1621347462,
              "rmse_subtest_index_only": 784865.4796831886,
              "mae_suite_index": 33.790017791294304,
              "rmse_suite_index": 33.790017791294304,
              "spearman_suite": NaN,
              "kendall_tau_suite": NaN,
              "fold": 4,
              "n_val": 1,
              "median_bucket_accuracy_suite": NaN,
              "mean_eval_wall_saved_fraction": 0.26025213861338364
            }
          ],
          "time_savings": {
            "mean_fraction_wall_time_saved_vs_full_suite": 0.2620853033479434,
            "description": "Eval subset; PTS ti.by_test_id.time_s_total (or execution_cost)."
          },
          "n_oof": 5
        },
        {
          "suite_key": "phoronix_cpu",
          "xi_ablation": "full",
          "benchmark": "phoronix",
          "eval_partial_k": 3,
          "policy": "greedy_slowest",
          "oof_metrics": {
            "mae_all_targets": 200350.1479585273,
            "rmse_all_targets": 679604.8912817007,
            "mae_subtest_index_only": 220381.93254812178,
            "rmse_subtest_index_only": 712775.6231522257,
            "mae_suite_index": 32.30206258265862,
            "rmse_suite_index": 34.54992384737082,
            "spearman_suite": -0.8999999999999998,
            "kendall_tau_suite": -0.8,
            "median_bucket_accuracy_suite": 0.2
          },
          "per_fold_metrics": [
            {
              "mae_all_targets": 244295.64702253116,
              "rmse_all_targets": 745739.9756329497,
              "mae_subtest_index_only": 268721.43029083207,
              "rmse_subtest_index_only": 782138.6847866199,
              "mae_suite_index": 37.81433952173575,
              "rmse_suite_index": 37.81433952173575,
              "spearman_suite": NaN,
              "kendall_tau_suite": NaN,
              "fold": 0,
              "n_val": 1,
              "median_bucket_accuracy_suite": NaN,
              "mean_eval_wall_saved_fraction": 0.08369399203528387
            },
            {
              "mae_all_targets": 17059.733332578788,
              "rmse_all_targets": 49656.82668478152,
              "mae_subtest_index_only": 18763.958674675843,
              "rmse_subtest_index_only": 52080.51890570928,
              "mae_suite_index": 17.479911608215843,
              "rmse_suite_index": 17.479911608215843,
              "spearman_suite": NaN,
              "kendall_tau_suite": NaN,
              "fold": 1,
              "n_val": 1,
              "median_bucket_accuracy_suite": NaN,
              "mean_eval_wall_saved_fraction": 0.08118911364657244
            },
            {
              "mae_all_targets": 188132.72916894042,
              "rmse_all_targets": 575124.0410485385,
              "mae_subtest_index_only": 206940.850287997,
              "rmse_subtest_index_only": 603195.182827077,
              "mae_suite_index": 51.51797837450613,
              "rmse_suite_index": 51.51797837450613,
              "spearman_suite": NaN,
              "kendall_tau_suite": NaN,
              "fold": 2,
              "n_val": 1,
              "median_bucket_accuracy_suite": NaN,
              "mean_eval_wall_saved_fraction": 0.0827808480861367
            },
            {
              "mae_all_targets": 303713.2227548832,
              "rmse_all_targets": 927339.0201394317,
              "mae_subtest_index_only": 334082.45422380976,
              "rmse_subtest_index_only": 972601.3695532012,
              "mae_suite_index": 20.90806561754107,
              "rmse_suite_index": 20.90806561754107,
              "spearman_suite": NaN,
              "kendall_tau_suite": NaN,
              "fold": 3,
              "n_val": 1,
              "median_bucket_accuracy_suite": NaN,
              "mean_eval_wall_saved_fraction": 0.08224595563764467
            },
            {
              "mae_all_targets": 248549.40751370278,
              "rmse_all_targets": 748328.0087711961,
              "mae_subtest_index_only": 273400.96926329396,
              "rmse_subtest_index_only": 784853.0368600438,
              "mae_suite_index": 33.790017791294304,
              "rmse_suite_index": 33.790017791294304,
              "spearman_suite": NaN,
              "kendall_tau_suite": NaN,
              "fold": 4,
              "n_val": 1,
              "median_bucket_accuracy_suite": NaN,
              "mean_eval_wall_saved_fraction": 0.09708073082993561
            }
          ],
          "time_savings": {
            "mean_fraction_wall_time_saved_vs_full_suite": 0.08539812804711466,
            "description": "Eval subset; PTS ti.by_test_id.time_s_total (or execution_cost)."
          },
          "n_oof": 5
        },
        {
          "suite_key": "phoronix_cpu",
          "xi_ablation": "full",
          "benchmark": "phoronix",
          "eval_partial_k": 3,
          "policy": "greedy_fastest",
          "oof_metrics": {
            "mae_all_targets": 210181.4083237188,
            "rmse_all_targets": 707080.9756016996,
            "mae_subtest_index_only": 231196.3189498324,
            "rmse_subtest_index_only": 741592.7835033636,
            "mae_suite_index": 32.30206258265862,
            "rmse_suite_index": 34.54992384737082,
            "spearman_suite": -0.8999999999999998,
            "kendall_tau_suite": -0.8,
            "median_bucket_accuracy_suite": 0.2
          },
          "per_fold_metrics": [
            {
              "mae_all_targets": 244293.88764874928,
              "rmse_all_targets": 745739.9744828156,
              "mae_subtest_index_only": 268719.494979672,
              "rmse_subtest_index_only": 782138.6835803489,
              "mae_suite_index": 37.81433952173575,
              "rmse_suite_index": 37.81433952173575,
              "spearman_suite": NaN,
              "kendall_tau_suite": NaN,
              "fold": 0,
              "n_val": 1,
              "median_bucket_accuracy_suite": NaN,
              "mean_eval_wall_saved_fraction": 0.9892502692434854
            },
            {
              "mae_all_targets": 19006.42459107591,
              "rmse_all_targets": 55710.3767522174,
              "mae_subtest_index_only": 20905.31905902268,
              "rmse_subtest_index_only": 58429.535811151836,
              "mae_suite_index": 17.479911608215843,
              "rmse_suite_index": 17.479911608215843,
              "spearman_suite": NaN,
              "kendall_tau_suite": NaN,
              "fold": 1,
              "n_val": 1,
              "median_bucket_accuracy_suite": NaN,
              "mean_eval_wall_saved_fraction": 0.9893056388127437
            },
            {
              "mae_all_targets": 235340.28740886247,
              "rmse_all_targets": 721536.9370774076,
              "mae_subtest_index_only": 258869.16435191128,
              "rmse_subtest_index_only": 756754.3237130141,
              "mae_suite_index": 51.51797837450613,
              "rmse_suite_index": 51.51797837450613,
              "spearman_suite": NaN,
              "kendall_tau_suite": NaN,
              "fold": 2,
              "n_val": 1,
              "median_bucket_accuracy_suite": NaN,
              "mean_eval_wall_saved_fraction": 0.9892597378717145
            },
            {
              "mae_all_targets": 303713.2227548832,
              "rmse_all_targets": 927339.0201394317,
              "mae_subtest_index_only": 334082.45422380976,
              "rmse_subtest_index_only": 972601.3695532012,
              "mae_suite_index": 20.90806561754107,
              "rmse_suite_index": 20.90806561754107,
              "spearman_suite": NaN,
              "kendall_tau_suite": NaN,
              "fold": 3,
              "n_val": 1,
              "median_bucket_accuracy_suite": NaN,
              "mean_eval_wall_saved_fraction": 0.9893126938585363
            },
            {
              "mae_all_targets": 248553.21921502298,
              "rmse_all_targets": 748339.8725375682,
              "mae_subtest_index_only": 273405.1621347462,
              "rmse_subtest_index_only": 784865.4796831886,
              "mae_suite_index": 33.790017791294304,
              "rmse_suite_index": 33.790017791294304,
              "spearman_suite": NaN,
              "kendall_tau_suite": NaN,
              "fold": 4,
              "n_val": 1,
              "median_bucket_accuracy_suite": NaN,
              "mean_eval_wall_saved_fraction": 0.9895329524864039
            }
          ],
          "time_savings": {
            "mean_fraction_wall_time_saved_vs_full_suite": 0.9893322584545767,
            "description": "Eval subset; PTS ti.by_test_id.time_s_total (or execution_cost)."
          },
          "n_oof": 5
        },
        {
          "suite_key": "phoronix_cpu",
          "xi_ablation": "full",
          "benchmark": "phoronix",
          "eval_partial_k": 3,
          "policy": "router",
          "oof_metrics": {
            "mae_all_targets": 201789.10697320235,
            "rmse_all_targets": 682581.3385322103,
            "mae_subtest_index_only": 221964.7874642643,
            "rmse_subtest_index_only": 715897.3473650371,
            "mae_suite_index": 32.30206258265862,
            "rmse_suite_index": 34.54992384737082,
            "spearman_suite": -0.8999999999999998,
            "kendall_tau_suite": -0.8,
            "median_bucket_accuracy_suite": 0.2
          },
          "per_fold_metrics": [
            {
              "mae_all_targets": 244294.48966669792,
              "rmse_all_targets": 745739.9748712255,
              "mae_subtest_index_only": 268720.1571994155,
              "rmse_subtest_index_only": 782138.6839877166,
              "mae_suite_index": 37.81433952173575,
              "rmse_suite_index": 37.81433952173575,
              "spearman_suite": NaN,
              "kendall_tau_suite": NaN,
              "fold": 0,
              "n_val": 1,
              "median_bucket_accuracy_suite": NaN,
              "mean_eval_wall_saved_fraction": 0.8194872892619887
            },
            {
              "mae_all_targets": 19027.447674919953,
              "rmse_all_targets": 55723.634491240446,
              "mae_subtest_index_only": 20928.444451251125,
              "rmse_subtest_index_only": 58443.440645208146,
              "mae_suite_index": 17.479911608215843,
              "rmse_suite_index": 17.479911608215843,
              "spearman_suite": NaN,
              "kendall_tau_suite": NaN,
              "fold": 1,
              "n_val": 1,
              "median_bucket_accuracy_suite": NaN,
              "mean_eval_wall_saved_fraction": 0.9676702351082673
            },
            {
              "mae_all_targets": 193357.15555448766,
              "rmse_all_targets": 591931.551699658,
              "mae_subtest_index_only": 212687.71931209898,
              "rmse_subtest_index_only": 620823.0487199322,
              "mae_suite_index": 51.51797837450613,
              "rmse_suite_index": 51.51797837450613,
              "spearman_suite": NaN,
              "kendall_tau_suite": NaN,
              "fold": 2,
              "n_val": 1,
              "median_bucket_accuracy_suite": NaN,
              "mean_eval_wall_saved_fraction": 0.9566555531151996
            },
            {
              "mae_all_targets": 303713.2227548832,
              "rmse_all_targets": 927339.0201394317,
              "mae_subtest_index_only": 334082.45422380976,
              "rmse_subtest_index_only": 972601.3695532012,
              "mae_suite_index": 20.90806561754107,
              "rmse_suite_index": 20.90806561754107,
              "spearman_suite": NaN,
              "kendall_tau_suite": NaN,
              "fold": 3,
              "n_val": 1,
              "median_bucket_accuracy_suite": NaN,
              "mean_eval_wall_saved_fraction": 0.957012156000852
            },
            {
              "mae_all_targets": 248553.21921502298,
              "rmse_all_targets": 748339.8725375682,
              "mae_subtest_index_only": 273405.1621347462,
              "rmse_subtest_index_only": 784865.4796831886,
              "mae_suite_index": 33.790017791294304,
              "rmse_suite_index": 33.790017791294304,
              "spearman_suite": NaN,
              "kendall_tau_suite": NaN,
              "fold": 4,
              "n_val": 1,
              "median_bucket_accuracy_suite": NaN,
              "mean_eval_wall_saved_fraction": 0.941833969700702
            }
          ],
          "time_savings": {
            "mean_fraction_wall_time_saved_vs_full_suite": 0.9285318406374019,
            "description": "Eval subset; PTS ti.by_test_id.time_s_total (or execution_cost)."
          },
          "n_oof": 5
        }
      ]
    }
  ]
}
+ /home/cxc/dev/miniconda3/bin/python3 /home/cxc/MoEBench/scripts/paper_reconstruct_cv_extras.py --dataset-root /home/cxc/MoEBench/dataset --suites phoronix_cpu --cv-mode leave_one_session_out --seed 42 --model-type lightgbm --log1p-partial-value --train-aug 10 --train-k-max 12 --xi-ablations full --report-json /home/cxc/MoEBench/dataset/paper_supplementary/policy_phoronix_cpu_iZbp1acaw5wdllhz47922rZ.json --auto-install --glob-pts-cpu iZbp1acaw5wdllhz47922rZ_cpu_[0-9][0-9][0-9][0-9][0-9][0-9][0-9][0-9]T[0-9][0-9][0-9][0-9][0-9][0-9]Z/run-*.json --router-model-pts-cpu /home/cxc/MoEBench/dataset/experiments/router_recon_grid_cpu_iZbp1acaw5wdllhz47922rZ_20260525T073952Z/trained_models/router_mlp.pt --eval-partial-k 3 --policies random,fixed_first_k,fixed_cpu_mix,fixed_io_mix,greedy_slowest,greedy_fastest,router
[phoronix_cpu] leave_one_session_out needs >= 2 session dirs; got 1. Falling back to random_fold.
Requirement already satisfied: lightgbm in /home/cxc/dev/miniconda3/lib/python3.13/site-packages (4.6.0)
Requirement already satisfied: numpy>=1.17.0 in /home/cxc/dev/miniconda3/lib/python3.13/site-packages (from lightgbm) (2.4.4)
Requirement already satisfied: scipy in /home/cxc/dev/miniconda3/lib/python3.13/site-packages (from lightgbm) (1.17.1)
Requirement already satisfied: lightgbm in /home/cxc/dev/miniconda3/lib/python3.13/site-packages (4.6.0)
Requirement already satisfied: numpy>=1.17.0 in /home/cxc/dev/miniconda3/lib/python3.13/site-packages (from lightgbm) (2.4.4)
Requirement already satisfied: scipy in /home/cxc/dev/miniconda3/lib/python3.13/site-packages (from lightgbm) (1.17.1)
Requirement already satisfied: lightgbm in /home/cxc/dev/miniconda3/lib/python3.13/site-packages (4.6.0)
Requirement already satisfied: numpy>=1.17.0 in /home/cxc/dev/miniconda3/lib/python3.13/site-packages (from lightgbm) (2.4.4)
Requirement already satisfied: scipy in /home/cxc/dev/miniconda3/lib/python3.13/site-packages (from lightgbm) (1.17.1)
Requirement already satisfied: lightgbm in /home/cxc/dev/miniconda3/lib/python3.13/site-packages (4.6.0)
Requirement already satisfied: numpy>=1.17.0 in /home/cxc/dev/miniconda3/lib/python3.13/site-packages (from lightgbm) (2.4.4)
Requirement already satisfied: scipy in /home/cxc/dev/miniconda3/lib/python3.13/site-packages (from lightgbm) (1.17.1)
Requirement already satisfied: lightgbm in /home/cxc/dev/miniconda3/lib/python3.13/site-packages (4.6.0)
Requirement already satisfied: numpy>=1.17.0 in /home/cxc/dev/miniconda3/lib/python3.13/site-packages (from lightgbm) (2.4.4)
Requirement already satisfied: scipy in /home/cxc/dev/miniconda3/lib/python3.13/site-packages (from lightgbm) (1.17.1)
Requirement already satisfied: lightgbm in /home/cxc/dev/miniconda3/lib/python3.13/site-packages (4.6.0)
Requirement already satisfied: numpy>=1.17.0 in /home/cxc/dev/miniconda3/lib/python3.13/site-packages (from lightgbm) (2.4.4)
Requirement already satisfied: scipy in /home/cxc/dev/miniconda3/lib/python3.13/site-packages (from lightgbm) (1.17.1)
Requirement already satisfied: lightgbm in /home/cxc/dev/miniconda3/lib/python3.13/site-packages (4.6.0)
Requirement already satisfied: numpy>=1.17.0 in /home/cxc/dev/miniconda3/lib/python3.13/site-packages (from lightgbm) (2.4.4)
Requirement already satisfied: scipy in /home/cxc/dev/miniconda3/lib/python3.13/site-packages (from lightgbm) (1.17.1)
Requirement already satisfied: lightgbm in /home/cxc/dev/miniconda3/lib/python3.13/site-packages (4.6.0)
Requirement already satisfied: numpy>=1.17.0 in /home/cxc/dev/miniconda3/lib/python3.13/site-packages (from lightgbm) (2.4.4)
Requirement already satisfied: scipy in /home/cxc/dev/miniconda3/lib/python3.13/site-packages (from lightgbm) (1.17.1)
Requirement already satisfied: lightgbm in /home/cxc/dev/miniconda3/lib/python3.13/site-packages (4.6.0)
Requirement already satisfied: numpy>=1.17.0 in /home/cxc/dev/miniconda3/lib/python3.13/site-packages (from lightgbm) (2.4.4)
Requirement already satisfied: scipy in /home/cxc/dev/miniconda3/lib/python3.13/site-packages (from lightgbm) (1.17.1)
Requirement already satisfied: lightgbm in /home/cxc/dev/miniconda3/lib/python3.13/site-packages (4.6.0)
Requirement already satisfied: numpy>=1.17.0 in /home/cxc/dev/miniconda3/lib/python3.13/site-packages (from lightgbm) (2.4.4)
Requirement already satisfied: scipy in /home/cxc/dev/miniconda3/lib/python3.13/site-packages (from lightgbm) (1.17.1)
Requirement already satisfied: lightgbm in /home/cxc/dev/miniconda3/lib/python3.13/site-packages (4.6.0)
Requirement already satisfied: numpy>=1.17.0 in /home/cxc/dev/miniconda3/lib/python3.13/site-packages (from lightgbm) (2.4.4)
Requirement already satisfied: scipy in /home/cxc/dev/miniconda3/lib/python3.13/site-packages (from lightgbm) (1.17.1)
Requirement already satisfied: lightgbm in /home/cxc/dev/miniconda3/lib/python3.13/site-packages (4.6.0)
Requirement already satisfied: numpy>=1.17.0 in /home/cxc/dev/miniconda3/lib/python3.13/site-packages (from lightgbm) (2.4.4)
Requirement already satisfied: scipy in /home/cxc/dev/miniconda3/lib/python3.13/site-packages (from lightgbm) (1.17.1)
Requirement already satisfied: lightgbm in /home/cxc/dev/miniconda3/lib/python3.13/site-packages (4.6.0)
Requirement already satisfied: numpy>=1.17.0 in /home/cxc/dev/miniconda3/lib/python3.13/site-packages (from lightgbm) (2.4.4)
Requirement already satisfied: scipy in /home/cxc/dev/miniconda3/lib/python3.13/site-packages (from lightgbm) (1.17.1)
Requirement already satisfied: lightgbm in /home/cxc/dev/miniconda3/lib/python3.13/site-packages (4.6.0)
Requirement already satisfied: numpy>=1.17.0 in /home/cxc/dev/miniconda3/lib/python3.13/site-packages (from lightgbm) (2.4.4)
Requirement already satisfied: scipy in /home/cxc/dev/miniconda3/lib/python3.13/site-packages (from lightgbm) (1.17.1)
Requirement already satisfied: lightgbm in /home/cxc/dev/miniconda3/lib/python3.13/site-packages (4.6.0)
Requirement already satisfied: numpy>=1.17.0 in /home/cxc/dev/miniconda3/lib/python3.13/site-packages (from lightgbm) (2.4.4)
Requirement already satisfied: scipy in /home/cxc/dev/miniconda3/lib/python3.13/site-packages (from lightgbm) (1.17.1)
Requirement already satisfied: lightgbm in /home/cxc/dev/miniconda3/lib/python3.13/site-packages (4.6.0)
Requirement already satisfied: numpy>=1.17.0 in /home/cxc/dev/miniconda3/lib/python3.13/site-packages (from lightgbm) (2.4.4)
Requirement already satisfied: scipy in /home/cxc/dev/miniconda3/lib/python3.13/site-packages (from lightgbm) (1.17.1)
Requirement already satisfied: lightgbm in /home/cxc/dev/miniconda3/lib/python3.13/site-packages (4.6.0)
Requirement already satisfied: numpy>=1.17.0 in /home/cxc/dev/miniconda3/lib/python3.13/site-packages (from lightgbm) (2.4.4)
Requirement already satisfied: scipy in /home/cxc/dev/miniconda3/lib/python3.13/site-packages (from lightgbm) (1.17.1)
Requirement already satisfied: lightgbm in /home/cxc/dev/miniconda3/lib/python3.13/site-packages (4.6.0)
Requirement already satisfied: numpy>=1.17.0 in /home/cxc/dev/miniconda3/lib/python3.13/site-packages (from lightgbm) (2.4.4)
Requirement already satisfied: scipy in /home/cxc/dev/miniconda3/lib/python3.13/site-packages (from lightgbm) (1.17.1)
Requirement already satisfied: lightgbm in /home/cxc/dev/miniconda3/lib/python3.13/site-packages (4.6.0)
Requirement already satisfied: numpy>=1.17.0 in /home/cxc/dev/miniconda3/lib/python3.13/site-packages (from lightgbm) (2.4.4)
Requirement already satisfied: scipy in /home/cxc/dev/miniconda3/lib/python3.13/site-packages (from lightgbm) (1.17.1)
Requirement already satisfied: lightgbm in /home/cxc/dev/miniconda3/lib/python3.13/site-packages (4.6.0)
Requirement already satisfied: numpy>=1.17.0 in /home/cxc/dev/miniconda3/lib/python3.13/site-packages (from lightgbm) (2.4.4)
Requirement already satisfied: scipy in /home/cxc/dev/miniconda3/lib/python3.13/site-packages (from lightgbm) (1.17.1)
Requirement already satisfied: lightgbm in /home/cxc/dev/miniconda3/lib/python3.13/site-packages (4.6.0)
Requirement already satisfied: numpy>=1.17.0 in /home/cxc/dev/miniconda3/lib/python3.13/site-packages (from lightgbm) (2.4.4)
Requirement already satisfied: scipy in /home/cxc/dev/miniconda3/lib/python3.13/site-packages (from lightgbm) (1.17.1)
Requirement already satisfied: lightgbm in /home/cxc/dev/miniconda3/lib/python3.13/site-packages (4.6.0)
Requirement already satisfied: numpy>=1.17.0 in /home/cxc/dev/miniconda3/lib/python3.13/site-packages (from lightgbm) (2.4.4)
Requirement already satisfied: scipy in /home/cxc/dev/miniconda3/lib/python3.13/site-packages (from lightgbm) (1.17.1)
Requirement already satisfied: lightgbm in /home/cxc/dev/miniconda3/lib/python3.13/site-packages (4.6.0)
Requirement already satisfied: numpy>=1.17.0 in /home/cxc/dev/miniconda3/lib/python3.13/site-packages (from lightgbm) (2.4.4)
Requirement already satisfied: scipy in /home/cxc/dev/miniconda3/lib/python3.13/site-packages (from lightgbm) (1.17.1)
Requirement already satisfied: lightgbm in /home/cxc/dev/miniconda3/lib/python3.13/site-packages (4.6.0)
Requirement already satisfied: numpy>=1.17.0 in /home/cxc/dev/miniconda3/lib/python3.13/site-packages (from lightgbm) (2.4.4)
Requirement already satisfied: scipy in /home/cxc/dev/miniconda3/lib/python3.13/site-packages (from lightgbm) (1.17.1)
Requirement already satisfied: lightgbm in /home/cxc/dev/miniconda3/lib/python3.13/site-packages (4.6.0)
Requirement already satisfied: numpy>=1.17.0 in /home/cxc/dev/miniconda3/lib/python3.13/site-packages (from lightgbm) (2.4.4)
Requirement already satisfied: scipy in /home/cxc/dev/miniconda3/lib/python3.13/site-packages (from lightgbm) (1.17.1)
Requirement already satisfied: lightgbm in /home/cxc/dev/miniconda3/lib/python3.13/site-packages (4.6.0)
Requirement already satisfied: numpy>=1.17.0 in /home/cxc/dev/miniconda3/lib/python3.13/site-packages (from lightgbm) (2.4.4)
Requirement already satisfied: scipy in /home/cxc/dev/miniconda3/lib/python3.13/site-packages (from lightgbm) (1.17.1)
Requirement already satisfied: lightgbm in /home/cxc/dev/miniconda3/lib/python3.13/site-packages (4.6.0)
Requirement already satisfied: numpy>=1.17.0 in /home/cxc/dev/miniconda3/lib/python3.13/site-packages (from lightgbm) (2.4.4)
Requirement already satisfied: scipy in /home/cxc/dev/miniconda3/lib/python3.13/site-packages (from lightgbm) (1.17.1)
Requirement already satisfied: lightgbm in /home/cxc/dev/miniconda3/lib/python3.13/site-packages (4.6.0)
Requirement already satisfied: numpy>=1.17.0 in /home/cxc/dev/miniconda3/lib/python3.13/site-packages (from lightgbm) (2.4.4)
Requirement already satisfied: scipy in /home/cxc/dev/miniconda3/lib/python3.13/site-packages (from lightgbm) (1.17.1)
Requirement already satisfied: lightgbm in /home/cxc/dev/miniconda3/lib/python3.13/site-packages (4.6.0)
Requirement already satisfied: numpy>=1.17.0 in /home/cxc/dev/miniconda3/lib/python3.13/site-packages (from lightgbm) (2.4.4)
Requirement already satisfied: scipy in /home/cxc/dev/miniconda3/lib/python3.13/site-packages (from lightgbm) (1.17.1)
Requirement already satisfied: lightgbm in /home/cxc/dev/miniconda3/lib/python3.13/site-packages (4.6.0)
Requirement already satisfied: numpy>=1.17.0 in /home/cxc/dev/miniconda3/lib/python3.13/site-packages (from lightgbm) (2.4.4)
Requirement already satisfied: scipy in /home/cxc/dev/miniconda3/lib/python3.13/site-packages (from lightgbm) (1.17.1)
Requirement already satisfied: lightgbm in /home/cxc/dev/miniconda3/lib/python3.13/site-packages (4.6.0)
Requirement already satisfied: numpy>=1.17.0 in /home/cxc/dev/miniconda3/lib/python3.13/site-packages (from lightgbm) (2.4.4)
Requirement already satisfied: scipy in /home/cxc/dev/miniconda3/lib/python3.13/site-packages (from lightgbm) (1.17.1)
Requirement already satisfied: lightgbm in /home/cxc/dev/miniconda3/lib/python3.13/site-packages (4.6.0)
Requirement already satisfied: numpy>=1.17.0 in /home/cxc/dev/miniconda3/lib/python3.13/site-packages (from lightgbm) (2.4.4)
Requirement already satisfied: scipy in /home/cxc/dev/miniconda3/lib/python3.13/site-packages (from lightgbm) (1.17.1)
Requirement already satisfied: lightgbm in /home/cxc/dev/miniconda3/lib/python3.13/site-packages (4.6.0)
Requirement already satisfied: numpy>=1.17.0 in /home/cxc/dev/miniconda3/lib/python3.13/site-packages (from lightgbm) (2.4.4)
Requirement already satisfied: scipy in /home/cxc/dev/miniconda3/lib/python3.13/site-packages (from lightgbm) (1.17.1)
Requirement already satisfied: lightgbm in /home/cxc/dev/miniconda3/lib/python3.13/site-packages (4.6.0)
Requirement already satisfied: numpy>=1.17.0 in /home/cxc/dev/miniconda3/lib/python3.13/site-packages (from lightgbm) (2.4.4)
Requirement already satisfied: scipy in /home/cxc/dev/miniconda3/lib/python3.13/site-packages (from lightgbm) (1.17.1)
Requirement already satisfied: lightgbm in /home/cxc/dev/miniconda3/lib/python3.13/site-packages (4.6.0)
Requirement already satisfied: numpy>=1.17.0 in /home/cxc/dev/miniconda3/lib/python3.13/site-packages (from lightgbm) (2.4.4)
Requirement already satisfied: scipy in /home/cxc/dev/miniconda3/lib/python3.13/site-packages (from lightgbm) (1.17.1)
{
  "schema": "moebench.paper_reconstruct_cv_extras.v2",
  "dataset_root": "/home/cxc/MoEBench/dataset",
  "suites_requested": [
    "phoronix_cpu"
  ],
  "eval_partial_k_list": [
    3
  ],
  "train_k_range_requested": [
    2,
    12
  ],
  "pts_suite_target": "logmean",
  "model_type": "lightgbm",
  "policies": [
    "random",
    "fixed_first_k",
    "fixed_cpu_mix",
    "fixed_io_mix",
    "greedy_slowest",
    "greedy_fastest",
    "router"
  ],
  "xi_ablations": [
    "full"
  ],
  "suite_results": [
    {
      "suite_key": "phoronix_cpu",
      "pts_suite_filter": "cpu",
      "glob_pattern": "iZbp1acaw5wdllhz47922rZ_cpu_[0-9][0-9][0-9][0-9][0-9][0-9][0-9][0-9]T[0-9][0-9][0-9][0-9][0-9][0-9]Z/run-*.json",
      "cv_mode_effective": "random_fold",
      "folds_effective": 5,
      "sessions": [
        "iZbp1acaw5wdllhz47922rZ_cpu_20260525T045422Z"
      ],
      "n_samples": 5,
      "num_profiles_or_subtests": 4,
      "profile_ids_head": [
        "pts/namd-1.4.0",
        "pts/rodinia-1.3.2",
        "pts/stockfish-1.7.0",
        "pts/x264-2.7.0"
      ],
      "combinations": [
        {
          "suite_key": "phoronix_cpu",
          "xi_ablation": "full",
          "benchmark": "phoronix",
          "eval_partial_k": 3,
          "policy": "random",
          "oof_metrics": {
            "mae_all_targets": 4563.596855851111,
            "rmse_all_targets": 11760.600625391193,
            "mae_subtest_index_only": 5704.302336988355,
            "rmse_subtest_index_only": 13148.751218218385,
            "mae_suite_index": 0.774931302134803,
            "rmse_suite_index": 0.9774256221907787,
            "spearman_suite": -0.7,
            "kendall_tau_suite": -0.6,
            "median_bucket_accuracy_suite": 0.4
          },
          "per_fold_metrics": [
            {
              "mae_all_targets": 430.2597008621362,
              "rmse_all_targets": 961.2691185603549,
              "mae_subtest_index_only": 537.48282934815,
              "rmse_subtest_index_only": 1074.7313294829712,
              "mae_suite_index": 1.3671869180811882,
              "rmse_suite_index": 1.3671869180811882,
              "spearman_suite": NaN,
              "kendall_tau_suite": NaN,
              "fold": 0,
              "n_val": 1,
              "median_bucket_accuracy_suite": NaN,
              "mean_eval_wall_saved_fraction": 0.27461496475948655
            },
            {
              "mae_all_targets": 3052.1210989111723,
              "rmse_all_targets": 6824.534214913671,
              "mae_subtest_index_only": 3815.0912652884067,
              "rmse_subtest_index_only": 7630.061208713017,
              "mae_suite_index": 0.2404334022352259,
              "rmse_suite_index": 0.2404334022352259,
              "spearman_suite": NaN,
              "kendall_tau_suite": NaN,
              "fold": 1,
              "n_val": 1,
              "median_bucket_accuracy_suite": NaN,
              "mean_eval_wall_saved_fraction": 0.1936247614503817
            },
            {
              "mae_all_targets": 7045.948662510304,
              "rmse_all_targets": 15755.02481863163,
              "mae_subtest_index_only": 8807.368043593795,
              "rmse_subtest_index_only": 17614.653240306612,
              "mae_suite_index": 0.2711381763344889,
              "rmse_suite_index": 0.2711381763344889,
              "spearman_suite": NaN,
              "kendall_tau_suite": NaN,
              "fold": 2,
              "n_val": 1,
              "median_bucket_accuracy_suite": NaN,
              "mean_eval_wall_saved_fraction": 0.27586699865378433
            },
            {
              "mae_all_targets": 4792.8372808377335,
              "rmse_all_targets": 10716.175199626901,
              "mae_subtest_index_only": 5990.640541568388,
              "rmse_subtest_index_only": 11981.048075057379,
              "mae_suite_index": 1.624237915118556,
              "rmse_suite_index": 1.624237915118556,
              "spearman_suite": NaN,
              "kendall_tau_suite": NaN,
              "fold": 3,
              "n_val": 1,
              "median_bucket_accuracy_suite": NaN,
              "mean_eval_wall_saved_fraction": 0.21084541034639556
            },
            {
              "mae_all_targets": 7496.81753613421,
              "rmse_all_targets": 16763.147432273454,
              "mae_subtest_index_only": 9370.929005143036,
              "rmse_subtest_index_only": 18741.76858678597,
              "mae_suite_index": 0.371660098904556,
              "rmse_suite_index": 0.371660098904556,
              "spearman_suite": NaN,
              "kendall_tau_suite": NaN,
              "fold": 4,
              "n_val": 1,
              "median_bucket_accuracy_suite": NaN,
              "mean_eval_wall_saved_fraction": 0.478016910526535
            }
          ],
          "time_savings": {
            "mean_fraction_wall_time_saved_vs_full_suite": 0.28659380914731664,
            "description": "Eval subset; PTS ti.by_test_id.time_s_total (or execution_cost)."
          },
          "n_oof": 5
        },
        {
          "suite_key": "phoronix_cpu",
          "xi_ablation": "full",
          "benchmark": "phoronix",
          "eval_partial_k": 3,
          "policy": "fixed_first_k",
          "oof_metrics": {
            "mae_all_targets": 4592.518844446351,
            "rmse_all_targets": 11311.215308356775,
            "mae_subtest_index_only": 5740.454822732405,
            "rmse_subtest_index_only": 12646.323159367928,
            "mae_suite_index": 0.774931302134803,
            "rmse_suite_index": 0.9774256221907787,
            "spearman_suite": -0.7,
            "kendall_tau_suite": -0.6,
            "median_bucket_accuracy_suite": 0.4
          },
          "per_fold_metrics": [
            {
              "mae_all_targets": 1527.364688915391,
              "rmse_all_targets": 3414.4702959792608,
              "mae_subtest_index_only": 1908.8640644147185,
              "rmse_subtest_index_only": 3817.4937832766486,
              "mae_suite_index": 1.3671869180811882,
              "rmse_suite_index": 1.3671869180811882,
              "spearman_suite": NaN,
              "kendall_tau_suite": NaN,
              "fold": 0,
              "n_val": 1,
              "median_bucket_accuracy_suite": NaN,
              "mean_eval_wall_saved_fraction": 0.19798761242554405
            },
            {
              "mae_all_targets": 3052.1210989111723,
              "rmse_all_targets": 6824.534214913671,
              "mae_subtest_index_only": 3815.0912652884067,
              "rmse_subtest_index_only": 7630.061208713017,
              "mae_suite_index": 0.2404334022352259,
              "rmse_suite_index": 0.2404334022352259,
              "spearman_suite": NaN,
              "kendall_tau_suite": NaN,
              "fold": 1,
              "n_val": 1,
              "median_bucket_accuracy_suite": NaN,
              "mean_eval_wall_saved_fraction": 0.19362476145038185
            },
            {
              "mae_all_targets": 6093.453617433247,
              "rmse_all_targets": 13625.181149699862,
              "mae_subtest_index_only": 7616.749237247475,
              "rmse_subtest_index_only": 15233.415627635568,
              "mae_suite_index": 0.2711381763344889,
              "rmse_suite_index": 0.2711381763344889,
              "spearman_suite": NaN,
              "kendall_tau_suite": NaN,
              "fold": 2,
              "n_val": 1,
              "median_bucket_accuracy_suite": NaN,
              "mean_eval_wall_saved_fraction": 0.19476048082536127
            },
            {
              "mae_all_targets": 4792.8372808377335,
              "rmse_all_targets": 10716.175199626901,
              "mae_subtest_index_only": 5990.640541568388,
              "rmse_subtest_index_only": 11981.048075057379,
              "mae_suite_index": 1.624237915118556,
              "rmse_suite_index": 1.624237915118556,
              "spearman_suite": NaN,
              "kendall_tau_suite": NaN,
              "fold": 3,
              "n_val": 1,
              "median_bucket_accuracy_suite": NaN,
              "mean_eval_wall_saved_fraction": 0.21084541034639556
            },
            {
              "mae_all_targets": 7496.81753613421,
              "rmse_all_targets": 16763.147432273454,
              "mae_subtest_index_only": 9370.929005143036,
              "rmse_subtest_index_only": 18741.76858678597,
              "mae_suite_index": 0.371660098904556,
              "rmse_suite_index": 0.371660098904556,
              "spearman_suite": NaN,
              "kendall_tau_suite": NaN,
              "fold": 4,
              "n_val": 1,
              "median_bucket_accuracy_suite": NaN,
              "mean_eval_wall_saved_fraction": 0.19507202741861582
            }
          ],
          "time_savings": {
            "mean_fraction_wall_time_saved_vs_full_suite": 0.19845805849325973,
            "description": "Eval subset; PTS ti.by_test_id.time_s_total (or execution_cost)."
          },
          "n_oof": 5
        },
        {
          "suite_key": "phoronix_cpu",
          "xi_ablation": "full",
          "benchmark": "phoronix",
          "eval_partial_k": 3,
          "policy": "fixed_cpu_mix",
          "oof_metrics": {
            "mae_all_targets": 4592.518844446351,
            "rmse_all_targets": 11311.215308356775,
            "mae_subtest_index_only": 5740.454822732405,
            "rmse_subtest_index_only": 12646.323159367928,
            "mae_suite_index": 0.774931302134803,
            "rmse_suite_index": 0.9774256221907787,
            "spearman_suite": -0.7,
            "kendall_tau_suite": -0.6,
            "median_bucket_accuracy_suite": 0.4
          },
          "per_fold_metrics": [
            {
              "mae_all_targets": 1527.364688915391,
              "rmse_all_targets": 3414.4702959792608,
              "mae_subtest_index_only": 1908.8640644147185,
              "rmse_subtest_index_only": 3817.4937832766486,
              "mae_suite_index": 1.3671869180811882,
              "rmse_suite_index": 1.3671869180811882,
              "spearman_suite": NaN,
              "kendall_tau_suite": NaN,
              "fold": 0,
              "n_val": 1,
              "median_bucket_accuracy_suite": NaN,
              "mean_eval_wall_saved_fraction": 0.19798761242554405
            },
            {
              "mae_all_targets": 3052.1210989111723,
              "rmse_all_targets": 6824.534214913671,
              "mae_subtest_index_only": 3815.0912652884067,
              "rmse_subtest_index_only": 7630.061208713017,
              "mae_suite_index": 0.2404334022352259,
              "rmse_suite_index": 0.2404334022352259,
              "spearman_suite": NaN,
              "kendall_tau_suite": NaN,
              "fold": 1,
              "n_val": 1,
              "median_bucket_accuracy_suite": NaN,
              "mean_eval_wall_saved_fraction": 0.19362476145038185
            },
            {
              "mae_all_targets": 6093.453617433247,
              "rmse_all_targets": 13625.181149699862,
              "mae_subtest_index_only": 7616.749237247475,
              "rmse_subtest_index_only": 15233.415627635568,
              "mae_suite_index": 0.2711381763344889,
              "rmse_suite_index": 0.2711381763344889,
              "spearman_suite": NaN,
              "kendall_tau_suite": NaN,
              "fold": 2,
              "n_val": 1,
              "median_bucket_accuracy_suite": NaN,
              "mean_eval_wall_saved_fraction": 0.19476048082536127
            },
            {
              "mae_all_targets": 4792.8372808377335,
              "rmse_all_targets": 10716.175199626901,
              "mae_subtest_index_only": 5990.640541568388,
              "rmse_subtest_index_only": 11981.048075057379,
              "mae_suite_index": 1.624237915118556,
              "rmse_suite_index": 1.624237915118556,
              "spearman_suite": NaN,
              "kendall_tau_suite": NaN,
              "fold": 3,
              "n_val": 1,
              "median_bucket_accuracy_suite": NaN,
              "mean_eval_wall_saved_fraction": 0.21084541034639556
            },
            {
              "mae_all_targets": 7496.81753613421,
              "rmse_all_targets": 16763.147432273454,
              "mae_subtest_index_only": 9370.929005143036,
              "rmse_subtest_index_only": 18741.76858678597,
              "mae_suite_index": 0.371660098904556,
              "rmse_suite_index": 0.371660098904556,
              "spearman_suite": NaN,
              "kendall_tau_suite": NaN,
              "fold": 4,
              "n_val": 1,
              "median_bucket_accuracy_suite": NaN,
              "mean_eval_wall_saved_fraction": 0.19507202741861582
            }
          ],
          "time_savings": {
            "mean_fraction_wall_time_saved_vs_full_suite": 0.19845805849325973,
            "description": "Eval subset; PTS ti.by_test_id.time_s_total (or execution_cost)."
          },
          "n_oof": 5
        },
        {
          "suite_key": "phoronix_cpu",
          "xi_ablation": "full",
          "benchmark": "phoronix",
          "eval_partial_k": 3,
          "policy": "fixed_io_mix",
          "oof_metrics": {
            "mae_all_targets": 4592.518844446351,
            "rmse_all_targets": 11311.215308356775,
            "mae_subtest_index_only": 5740.454822732405,
            "rmse_subtest_index_only": 12646.323159367928,
            "mae_suite_index": 0.774931302134803,
            "rmse_suite_index": 0.9774256221907787,
            "spearman_suite": -0.7,
            "kendall_tau_suite": -0.6,
            "median_bucket_accuracy_suite": 0.4
          },
          "per_fold_metrics": [
            {
              "mae_all_targets": 1527.364688915391,
              "rmse_all_targets": 3414.4702959792608,
              "mae_subtest_index_only": 1908.8640644147185,
              "rmse_subtest_index_only": 3817.4937832766486,
              "mae_suite_index": 1.3671869180811882,
              "rmse_suite_index": 1.3671869180811882,
              "spearman_suite": NaN,
              "kendall_tau_suite": NaN,
              "fold": 0,
              "n_val": 1,
              "median_bucket_accuracy_suite": NaN,
              "mean_eval_wall_saved_fraction": 0.19798761242554405
            },
            {
              "mae_all_targets": 3052.1210989111723,
              "rmse_all_targets": 6824.534214913671,
              "mae_subtest_index_only": 3815.0912652884067,
              "rmse_subtest_index_only": 7630.061208713017,
              "mae_suite_index": 0.2404334022352259,
              "rmse_suite_index": 0.2404334022352259,
              "spearman_suite": NaN,
              "kendall_tau_suite": NaN,
              "fold": 1,
              "n_val": 1,
              "median_bucket_accuracy_suite": NaN,
              "mean_eval_wall_saved_fraction": 0.19362476145038185
            },
            {
              "mae_all_targets": 6093.453617433247,
              "rmse_all_targets": 13625.181149699862,
              "mae_subtest_index_only": 7616.749237247475,
              "rmse_subtest_index_only": 15233.415627635568,
              "mae_suite_index": 0.2711381763344889,
              "rmse_suite_index": 0.2711381763344889,
              "spearman_suite": NaN,
              "kendall_tau_suite": NaN,
              "fold": 2,
              "n_val": 1,
              "median_bucket_accuracy_suite": NaN,
              "mean_eval_wall_saved_fraction": 0.19476048082536127
            },
            {
              "mae_all_targets": 4792.8372808377335,
              "rmse_all_targets": 10716.175199626901,
              "mae_subtest_index_only": 5990.640541568388,
              "rmse_subtest_index_only": 11981.048075057379,
              "mae_suite_index": 1.624237915118556,
              "rmse_suite_index": 1.624237915118556,
              "spearman_suite": NaN,
              "kendall_tau_suite": NaN,
              "fold": 3,
              "n_val": 1,
              "median_bucket_accuracy_suite": NaN,
              "mean_eval_wall_saved_fraction": 0.21084541034639556
            },
            {
              "mae_all_targets": 7496.81753613421,
              "rmse_all_targets": 16763.147432273454,
              "mae_subtest_index_only": 9370.929005143036,
              "rmse_subtest_index_only": 18741.76858678597,
              "mae_suite_index": 0.371660098904556,
              "rmse_suite_index": 0.371660098904556,
              "spearman_suite": NaN,
              "kendall_tau_suite": NaN,
              "fold": 4,
              "n_val": 1,
              "median_bucket_accuracy_suite": NaN,
              "mean_eval_wall_saved_fraction": 0.19507202741861582
            }
          ],
          "time_savings": {
            "mean_fraction_wall_time_saved_vs_full_suite": 0.19845805849325973,
            "description": "Eval subset; PTS ti.by_test_id.time_s_total (or execution_cost)."
          },
          "n_oof": 5
        },
        {
          "suite_key": "phoronix_cpu",
          "xi_ablation": "full",
          "benchmark": "phoronix",
          "eval_partial_k": 3,
          "policy": "greedy_slowest",
          "oof_metrics": {
            "mae_all_targets": 4076.8942812353343,
            "rmse_all_targets": 11031.19758954628,
            "mae_subtest_index_only": 5095.924118718634,
            "rmse_subtest_index_only": 12333.25383204588,
            "mae_suite_index": 0.774931302134803,
            "rmse_suite_index": 0.9774256221907787,
            "spearman_suite": -0.7,
            "kendall_tau_suite": -0.6,
            "median_bucket_accuracy_suite": 0.4
          },
          "per_fold_metrics": [
            {
              "mae_all_targets": 637.693568731476,
              "rmse_all_targets": 1425.1052780423663,
              "mae_subtest_index_only": 796.7751641848248,
              "rmse_subtest_index_only": 1593.3159917543805,
              "mae_suite_index": 1.3671869180811882,
              "rmse_suite_index": 1.3671869180811882,
              "spearman_suite": NaN,
              "kendall_tau_suite": NaN,
              "fold": 0,
              "n_val": 1,
              "median_bucket_accuracy_suite": NaN,
              "mean_eval_wall_saved_fraction": 0.05098008970312541
            },
            {
              "mae_all_targets": 1053.658586763932,
              "rmse_all_targets": 2355.836189711907,
              "mae_subtest_index_only": 1317.013125104356,
              "rmse_subtest_index_only": 2633.9049292814916,
              "mae_suite_index": 0.2404334022352259,
              "rmse_suite_index": 0.2404334022352259,
              "spearman_suite": NaN,
              "kendall_tau_suite": NaN,
              "fold": 1,
              "n_val": 1,
              "median_bucket_accuracy_suite": NaN,
              "mean_eval_wall_saved_fraction": 0.05119274809160314
            },
            {
              "mae_all_targets": 6403.4644337093205,
              "rmse_all_targets": 14318.386408620321,
              "mae_subtest_index_only": 8004.262757592567,
              "rmse_subtest_index_only": 16008.442668318019,
              "mae_suite_index": 0.2711381763344889,
              "rmse_suite_index": 0.2711381763344889,
              "spearman_suite": NaN,
              "kendall_tau_suite": NaN,
              "fold": 2,
              "n_val": 1,
              "median_bucket_accuracy_suite": NaN,
              "mean_eval_wall_saved_fraction": 0.051191937001870434
            },
            {
              "mae_all_targets": 4792.8372808377335,
              "rmse_all_targets": 10716.175199626901,
              "mae_subtest_index_only": 5990.640541568388,
              "rmse_subtest_index_only": 11981.048075057379,
              "mae_suite_index": 1.624237915118556,
              "rmse_suite_index": 1.624237915118556,
              "spearman_suite": NaN,
              "kendall_tau_suite": NaN,
              "fold": 3,
              "n_val": 1,
              "median_bucket_accuracy_suite": NaN,
              "mean_eval_wall_saved_fraction": 0.05009385675477157
            },
            {
              "mae_all_targets": 7496.81753613421,
              "rmse_all_targets": 16763.147432273454,
              "mae_subtest_index_only": 9370.929005143036,
              "rmse_subtest_index_only": 18741.76858678597,
              "mae_suite_index": 0.371660098904556,
              "rmse_suite_index": 0.371660098904556,
              "spearman_suite": NaN,
              "kendall_tau_suite": NaN,
              "fold": 4,
              "n_val": 1,
              "median_bucket_accuracy_suite": NaN,
              "mean_eval_wall_saved_fraction": 0.05132065143013549
            }
          ],
          "time_savings": {
            "mean_fraction_wall_time_saved_vs_full_suite": 0.05095585659630121,
            "description": "Eval subset; PTS ti.by_test_id.time_s_total (or execution_cost)."
          },
          "n_oof": 5
        },
        {
          "suite_key": "phoronix_cpu",
          "xi_ablation": "full",
          "benchmark": "phoronix",
          "eval_partial_k": 3,
          "policy": "greedy_fastest",
          "oof_metrics": {
            "mae_all_targets": 3944.070073604469,
            "rmse_all_targets": 10981.226601035434,
            "mae_subtest_index_only": 4929.8938591800525,
            "rmse_subtest_index_only": 12277.38456839526,
            "mae_suite_index": 0.774931302134803,
            "rmse_suite_index": 0.9774256221907787,
            "spearman_suite": -0.7,
            "kendall_tau_suite": -0.6,
            "median_bucket_accuracy_suite": 0.4
          },
          "per_fold_metrics": [
            {
              "mae_all_targets": 611.6720748569858,
              "rmse_all_targets": 1366.9194550301547,
              "mae_subtest_index_only": 764.248296841712,
              "rmse_subtest_index_only": 1528.2622577211353,
              "mae_suite_index": 1.3671869180811882,
              "rmse_suite_index": 1.3671869180811882,
              "spearman_suite": NaN,
              "kendall_tau_suite": NaN,
              "fold": 0,
              "n_val": 1,
              "median_bucket_accuracy_suite": NaN,
              "mean_eval_wall_saved_fraction": 0.47641733311184414
            },
            {
              "mae_all_targets": 426.44300418884177,
              "rmse_all_targets": 953.3395160188645,
              "mae_subtest_index_only": 532.9936468854934,
              "rmse_subtest_index_only": 1065.8659749479755,
              "mae_suite_index": 0.2404334022352259,
              "rmse_suite_index": 0.2404334022352259,
              "spearman_suite": NaN,
              "kendall_tau_suite": NaN,
              "fold": 1,
              "n_val": 1,
              "median_bucket_accuracy_suite": NaN,
              "mean_eval_wall_saved_fraction": 0.4789957061068702
            },
            {
              "mae_all_targets": 6392.580472004574,
              "rmse_all_targets": 14294.04913038511,
              "mae_subtest_index_only": 7990.657805461635,
              "rmse_subtest_index_only": 15981.232764056413,
              "mae_suite_index": 0.2711381763344889,
              "rmse_suite_index": 0.2711381763344889,
              "spearman_suite": NaN,
              "kendall_tau_suite": NaN,
              "fold": 2,
              "n_val": 1,
              "median_bucket_accuracy_suite": NaN,
              "mean_eval_wall_saved_fraction": 0.47818058351898407
            },
            {
              "mae_all_targets": 4792.8372808377335,
              "rmse_all_targets": 10716.175199626901,
              "mae_subtest_index_only": 5990.640541568388,
              "rmse_subtest_index_only": 11981.048075057379,
              "mae_suite_index": 1.624237915118556,
              "rmse_suite_index": 1.624237915118556,
              "spearman_suite": NaN,
              "kendall_tau_suite": NaN,
              "fold": 3,
              "n_val": 1,
              "median_bucket_accuracy_suite": NaN,
              "mean_eval_wall_saved_fraction": 0.46905058937378313
            },
            {
              "mae_all_targets": 7496.81753613421,
              "rmse_all_targets": 16763.147432273454,
              "mae_subtest_index_only": 9370.929005143036,
              "rmse_subtest_index_only": 18741.76858678597,
              "mae_suite_index": 0.371660098904556,
              "rmse_suite_index": 0.371660098904556,
              "spearman_suite": NaN,
              "kendall_tau_suite": NaN,
              "fold": 4,
              "n_val": 1,
              "median_bucket_accuracy_suite": NaN,
              "mean_eval_wall_saved_fraction": 0.478016910526535
            }
          ],
          "time_savings": {
            "mean_fraction_wall_time_saved_vs_full_suite": 0.4761322245276033,
            "description": "Eval subset; PTS ti.by_test_id.time_s_total (or execution_cost)."
          },
          "n_oof": 5
        },
        {
          "suite_key": "phoronix_cpu",
          "xi_ablation": "full",
          "benchmark": "phoronix",
          "eval_partial_k": 3,
          "policy": "router",
          "oof_metrics": {
            "mae_all_targets": 4076.8942812353343,
            "rmse_all_targets": 11031.19758954628,
            "mae_subtest_index_only": 5095.924118718634,
            "rmse_subtest_index_only": 12333.25383204588,
            "mae_suite_index": 0.774931302134803,
            "rmse_suite_index": 0.9774256221907787,
            "spearman_suite": -0.7,
            "kendall_tau_suite": -0.6,
            "median_bucket_accuracy_suite": 0.4
          },
          "per_fold_metrics": [
            {
              "mae_all_targets": 637.693568731476,
              "rmse_all_targets": 1425.1052780423663,
              "mae_subtest_index_only": 796.7751641848248,
              "rmse_subtest_index_only": 1593.3159917543805,
              "mae_suite_index": 1.3671869180811882,
              "rmse_suite_index": 1.3671869180811882,
              "spearman_suite": NaN,
              "kendall_tau_suite": NaN,
              "fold": 0,
              "n_val": 1,
              "median_bucket_accuracy_suite": NaN,
              "mean_eval_wall_saved_fraction": 0.05098008970312541
            },
            {
              "mae_all_targets": 1053.658586763932,
              "rmse_all_targets": 2355.836189711907,
              "mae_subtest_index_only": 1317.013125104356,
              "rmse_subtest_index_only": 2633.9049292814916,
              "mae_suite_index": 0.2404334022352259,
              "rmse_suite_index": 0.2404334022352259,
              "spearman_suite": NaN,
              "kendall_tau_suite": NaN,
              "fold": 1,
              "n_val": 1,
              "median_bucket_accuracy_suite": NaN,
              "mean_eval_wall_saved_fraction": 0.05119274809160314
            },
            {
              "mae_all_targets": 6403.4644337093205,
              "rmse_all_targets": 14318.386408620321,
              "mae_subtest_index_only": 8004.262757592567,
              "rmse_subtest_index_only": 16008.442668318019,
              "mae_suite_index": 0.2711381763344889,
              "rmse_suite_index": 0.2711381763344889,
              "spearman_suite": NaN,
              "kendall_tau_suite": NaN,
              "fold": 2,
              "n_val": 1,
              "median_bucket_accuracy_suite": NaN,
              "mean_eval_wall_saved_fraction": 0.051191937001870434
            },
            {
              "mae_all_targets": 4792.8372808377335,
              "rmse_all_targets": 10716.175199626901,
              "mae_subtest_index_only": 5990.640541568388,
              "rmse_subtest_index_only": 11981.048075057379,
              "mae_suite_index": 1.624237915118556,
              "rmse_suite_index": 1.624237915118556,
              "spearman_suite": NaN,
              "kendall_tau_suite": NaN,
              "fold": 3,
              "n_val": 1,
              "median_bucket_accuracy_suite": NaN,
              "mean_eval_wall_saved_fraction": 0.05009385675477157
            },
            {
              "mae_all_targets": 7496.81753613421,
              "rmse_all_targets": 16763.147432273454,
              "mae_subtest_index_only": 9370.929005143036,
              "rmse_subtest_index_only": 18741.76858678597,
              "mae_suite_index": 0.371660098904556,
              "rmse_suite_index": 0.371660098904556,
              "spearman_suite": NaN,
              "kendall_tau_suite": NaN,
              "fold": 4,
              "n_val": 1,
              "median_bucket_accuracy_suite": NaN,
              "mean_eval_wall_saved_fraction": 0.05132065143013549
            }
          ],
          "time_savings": {
            "mean_fraction_wall_time_saved_vs_full_suite": 0.05095585659630121,
            "description": "Eval subset; PTS ti.by_test_id.time_s_total (or execution_cost)."
          },
          "n_oof": 5
        }
      ]
    }
  ]
}
+ /home/cxc/dev/miniconda3/bin/python3 /home/cxc/MoEBench/scripts/paper_reconstruct_cv_extras.py --dataset-root /home/cxc/MoEBench/dataset --suites phoronix_gpu --cv-mode leave_one_session_out --seed 42 --model-type lightgbm --log1p-partial-value --train-aug 10 --train-k-max 12 --xi-ablations full --report-json /home/cxc/MoEBench/dataset/paper_supplementary/policy_phoronix_gpu_aces-System-Product-Name.json --auto-install --glob-pts-gpu aces-System-Product-Name_pts_nvidia-gpu-compute_[0-9][0-9][0-9][0-9][0-9][0-9][0-9][0-9]T[0-9][0-9][0-9][0-9][0-9][0-9]Z/run-*.json --router-model-pts-gpu /home/cxc/MoEBench/dataset/experiments/router_recon_grid_pts_nvidia-gpu-compute_aces-System-Product-Name_20260526T174453Z/trained_models/router_lgbm.pkl --eval-partial-k 3 --policies random,fixed_first_k,fixed_cpu_mix,fixed_io_mix,greedy_slowest,greedy_fastest,router
[phoronix_gpu] leave_one_session_out needs >= 2 session dirs; got 1. Falling back to random_fold.
Requirement already satisfied: lightgbm in /home/cxc/dev/miniconda3/lib/python3.13/site-packages (4.6.0)
Requirement already satisfied: numpy>=1.17.0 in /home/cxc/dev/miniconda3/lib/python3.13/site-packages (from lightgbm) (2.4.4)
Requirement already satisfied: scipy in /home/cxc/dev/miniconda3/lib/python3.13/site-packages (from lightgbm) (1.17.1)
Requirement already satisfied: lightgbm in /home/cxc/dev/miniconda3/lib/python3.13/site-packages (4.6.0)
Requirement already satisfied: numpy>=1.17.0 in /home/cxc/dev/miniconda3/lib/python3.13/site-packages (from lightgbm) (2.4.4)
Requirement already satisfied: scipy in /home/cxc/dev/miniconda3/lib/python3.13/site-packages (from lightgbm) (1.17.1)
Requirement already satisfied: lightgbm in /home/cxc/dev/miniconda3/lib/python3.13/site-packages (4.6.0)
Requirement already satisfied: numpy>=1.17.0 in /home/cxc/dev/miniconda3/lib/python3.13/site-packages (from lightgbm) (2.4.4)
Requirement already satisfied: scipy in /home/cxc/dev/miniconda3/lib/python3.13/site-packages (from lightgbm) (1.17.1)
Requirement already satisfied: lightgbm in /home/cxc/dev/miniconda3/lib/python3.13/site-packages (4.6.0)
Requirement already satisfied: numpy>=1.17.0 in /home/cxc/dev/miniconda3/lib/python3.13/site-packages (from lightgbm) (2.4.4)
Requirement already satisfied: scipy in /home/cxc/dev/miniconda3/lib/python3.13/site-packages (from lightgbm) (1.17.1)
Requirement already satisfied: lightgbm in /home/cxc/dev/miniconda3/lib/python3.13/site-packages (4.6.0)
Requirement already satisfied: numpy>=1.17.0 in /home/cxc/dev/miniconda3/lib/python3.13/site-packages (from lightgbm) (2.4.4)
Requirement already satisfied: scipy in /home/cxc/dev/miniconda3/lib/python3.13/site-packages (from lightgbm) (1.17.1)
Requirement already satisfied: lightgbm in /home/cxc/dev/miniconda3/lib/python3.13/site-packages (4.6.0)
Requirement already satisfied: numpy>=1.17.0 in /home/cxc/dev/miniconda3/lib/python3.13/site-packages (from lightgbm) (2.4.4)
Requirement already satisfied: scipy in /home/cxc/dev/miniconda3/lib/python3.13/site-packages (from lightgbm) (1.17.1)
Requirement already satisfied: lightgbm in /home/cxc/dev/miniconda3/lib/python3.13/site-packages (4.6.0)
Requirement already satisfied: numpy>=1.17.0 in /home/cxc/dev/miniconda3/lib/python3.13/site-packages (from lightgbm) (2.4.4)
Requirement already satisfied: scipy in /home/cxc/dev/miniconda3/lib/python3.13/site-packages (from lightgbm) (1.17.1)
Requirement already satisfied: lightgbm in /home/cxc/dev/miniconda3/lib/python3.13/site-packages (4.6.0)
Requirement already satisfied: numpy>=1.17.0 in /home/cxc/dev/miniconda3/lib/python3.13/site-packages (from lightgbm) (2.4.4)
Requirement already satisfied: scipy in /home/cxc/dev/miniconda3/lib/python3.13/site-packages (from lightgbm) (1.17.1)
Requirement already satisfied: lightgbm in /home/cxc/dev/miniconda3/lib/python3.13/site-packages (4.6.0)
Requirement already satisfied: numpy>=1.17.0 in /home/cxc/dev/miniconda3/lib/python3.13/site-packages (from lightgbm) (2.4.4)
Requirement already satisfied: scipy in /home/cxc/dev/miniconda3/lib/python3.13/site-packages (from lightgbm) (1.17.1)
Requirement already satisfied: lightgbm in /home/cxc/dev/miniconda3/lib/python3.13/site-packages (4.6.0)
Requirement already satisfied: numpy>=1.17.0 in /home/cxc/dev/miniconda3/lib/python3.13/site-packages (from lightgbm) (2.4.4)
Requirement already satisfied: scipy in /home/cxc/dev/miniconda3/lib/python3.13/site-packages (from lightgbm) (1.17.1)
Requirement already satisfied: lightgbm in /home/cxc/dev/miniconda3/lib/python3.13/site-packages (4.6.0)
Requirement already satisfied: numpy>=1.17.0 in /home/cxc/dev/miniconda3/lib/python3.13/site-packages (from lightgbm) (2.4.4)
Requirement already satisfied: scipy in /home/cxc/dev/miniconda3/lib/python3.13/site-packages (from lightgbm) (1.17.1)
Requirement already satisfied: lightgbm in /home/cxc/dev/miniconda3/lib/python3.13/site-packages (4.6.0)
Requirement already satisfied: numpy>=1.17.0 in /home/cxc/dev/miniconda3/lib/python3.13/site-packages (from lightgbm) (2.4.4)
Requirement already satisfied: scipy in /home/cxc/dev/miniconda3/lib/python3.13/site-packages (from lightgbm) (1.17.1)
Requirement already satisfied: lightgbm in /home/cxc/dev/miniconda3/lib/python3.13/site-packages (4.6.0)
Requirement already satisfied: numpy>=1.17.0 in /home/cxc/dev/miniconda3/lib/python3.13/site-packages (from lightgbm) (2.4.4)
Requirement already satisfied: scipy in /home/cxc/dev/miniconda3/lib/python3.13/site-packages (from lightgbm) (1.17.1)
Requirement already satisfied: lightgbm in /home/cxc/dev/miniconda3/lib/python3.13/site-packages (4.6.0)
Requirement already satisfied: numpy>=1.17.0 in /home/cxc/dev/miniconda3/lib/python3.13/site-packages (from lightgbm) (2.4.4)
Requirement already satisfied: scipy in /home/cxc/dev/miniconda3/lib/python3.13/site-packages (from lightgbm) (1.17.1)
Requirement already satisfied: lightgbm in /home/cxc/dev/miniconda3/lib/python3.13/site-packages (4.6.0)
Requirement already satisfied: numpy>=1.17.0 in /home/cxc/dev/miniconda3/lib/python3.13/site-packages (from lightgbm) (2.4.4)
Requirement already satisfied: scipy in /home/cxc/dev/miniconda3/lib/python3.13/site-packages (from lightgbm) (1.17.1)
Requirement already satisfied: lightgbm in /home/cxc/dev/miniconda3/lib/python3.13/site-packages (4.6.0)
Requirement already satisfied: numpy>=1.17.0 in /home/cxc/dev/miniconda3/lib/python3.13/site-packages (from lightgbm) (2.4.4)
Requirement already satisfied: scipy in /home/cxc/dev/miniconda3/lib/python3.13/site-packages (from lightgbm) (1.17.1)
Requirement already satisfied: lightgbm in /home/cxc/dev/miniconda3/lib/python3.13/site-packages (4.6.0)
Requirement already satisfied: numpy>=1.17.0 in /home/cxc/dev/miniconda3/lib/python3.13/site-packages (from lightgbm) (2.4.4)
Requirement already satisfied: scipy in /home/cxc/dev/miniconda3/lib/python3.13/site-packages (from lightgbm) (1.17.1)
Requirement already satisfied: lightgbm in /home/cxc/dev/miniconda3/lib/python3.13/site-packages (4.6.0)
Requirement already satisfied: numpy>=1.17.0 in /home/cxc/dev/miniconda3/lib/python3.13/site-packages (from lightgbm) (2.4.4)
Requirement already satisfied: scipy in /home/cxc/dev/miniconda3/lib/python3.13/site-packages (from lightgbm) (1.17.1)
Requirement already satisfied: lightgbm in /home/cxc/dev/miniconda3/lib/python3.13/site-packages (4.6.0)
Requirement already satisfied: numpy>=1.17.0 in /home/cxc/dev/miniconda3/lib/python3.13/site-packages (from lightgbm) (2.4.4)
Requirement already satisfied: scipy in /home/cxc/dev/miniconda3/lib/python3.13/site-packages (from lightgbm) (1.17.1)
Requirement already satisfied: lightgbm in /home/cxc/dev/miniconda3/lib/python3.13/site-packages (4.6.0)
Requirement already satisfied: numpy>=1.17.0 in /home/cxc/dev/miniconda3/lib/python3.13/site-packages (from lightgbm) (2.4.4)
Requirement already satisfied: scipy in /home/cxc/dev/miniconda3/lib/python3.13/site-packages (from lightgbm) (1.17.1)
Requirement already satisfied: lightgbm in /home/cxc/dev/miniconda3/lib/python3.13/site-packages (4.6.0)
Requirement already satisfied: numpy>=1.17.0 in /home/cxc/dev/miniconda3/lib/python3.13/site-packages (from lightgbm) (2.4.4)
Requirement already satisfied: scipy in /home/cxc/dev/miniconda3/lib/python3.13/site-packages (from lightgbm) (1.17.1)
Requirement already satisfied: lightgbm in /home/cxc/dev/miniconda3/lib/python3.13/site-packages (4.6.0)
Requirement already satisfied: numpy>=1.17.0 in /home/cxc/dev/miniconda3/lib/python3.13/site-packages (from lightgbm) (2.4.4)
Requirement already satisfied: scipy in /home/cxc/dev/miniconda3/lib/python3.13/site-packages (from lightgbm) (1.17.1)
Requirement already satisfied: lightgbm in /home/cxc/dev/miniconda3/lib/python3.13/site-packages (4.6.0)
Requirement already satisfied: numpy>=1.17.0 in /home/cxc/dev/miniconda3/lib/python3.13/site-packages (from lightgbm) (2.4.4)
Requirement already satisfied: scipy in /home/cxc/dev/miniconda3/lib/python3.13/site-packages (from lightgbm) (1.17.1)
Requirement already satisfied: lightgbm in /home/cxc/dev/miniconda3/lib/python3.13/site-packages (4.6.0)
Requirement already satisfied: numpy>=1.17.0 in /home/cxc/dev/miniconda3/lib/python3.13/site-packages (from lightgbm) (2.4.4)
Requirement already satisfied: scipy in /home/cxc/dev/miniconda3/lib/python3.13/site-packages (from lightgbm) (1.17.1)
Requirement already satisfied: lightgbm in /home/cxc/dev/miniconda3/lib/python3.13/site-packages (4.6.0)
Requirement already satisfied: numpy>=1.17.0 in /home/cxc/dev/miniconda3/lib/python3.13/site-packages (from lightgbm) (2.4.4)
Requirement already satisfied: scipy in /home/cxc/dev/miniconda3/lib/python3.13/site-packages (from lightgbm) (1.17.1)
Requirement already satisfied: lightgbm in /home/cxc/dev/miniconda3/lib/python3.13/site-packages (4.6.0)
Requirement already satisfied: numpy>=1.17.0 in /home/cxc/dev/miniconda3/lib/python3.13/site-packages (from lightgbm) (2.4.4)
Requirement already satisfied: scipy in /home/cxc/dev/miniconda3/lib/python3.13/site-packages (from lightgbm) (1.17.1)
Requirement already satisfied: lightgbm in /home/cxc/dev/miniconda3/lib/python3.13/site-packages (4.6.0)
Requirement already satisfied: numpy>=1.17.0 in /home/cxc/dev/miniconda3/lib/python3.13/site-packages (from lightgbm) (2.4.4)
Requirement already satisfied: scipy in /home/cxc/dev/miniconda3/lib/python3.13/site-packages (from lightgbm) (1.17.1)
Requirement already satisfied: lightgbm in /home/cxc/dev/miniconda3/lib/python3.13/site-packages (4.6.0)
Requirement already satisfied: numpy>=1.17.0 in /home/cxc/dev/miniconda3/lib/python3.13/site-packages (from lightgbm) (2.4.4)
Requirement already satisfied: scipy in /home/cxc/dev/miniconda3/lib/python3.13/site-packages (from lightgbm) (1.17.1)
Requirement already satisfied: lightgbm in /home/cxc/dev/miniconda3/lib/python3.13/site-packages (4.6.0)
Requirement already satisfied: numpy>=1.17.0 in /home/cxc/dev/miniconda3/lib/python3.13/site-packages (from lightgbm) (2.4.4)
Requirement already satisfied: scipy in /home/cxc/dev/miniconda3/lib/python3.13/site-packages (from lightgbm) (1.17.1)
Requirement already satisfied: lightgbm in /home/cxc/dev/miniconda3/lib/python3.13/site-packages (4.6.0)
Requirement already satisfied: numpy>=1.17.0 in /home/cxc/dev/miniconda3/lib/python3.13/site-packages (from lightgbm) (2.4.4)
Requirement already satisfied: scipy in /home/cxc/dev/miniconda3/lib/python3.13/site-packages (from lightgbm) (1.17.1)
/home/cxc/dev/miniconda3/lib/python3.13/site-packages/sklearn/utils/validation.py:2691: UserWarning: X does not have valid feature names, but LGBMRanker was fitted with feature names
  warnings.warn(
Requirement already satisfied: lightgbm in /home/cxc/dev/miniconda3/lib/python3.13/site-packages (4.6.0)
Requirement already satisfied: numpy>=1.17.0 in /home/cxc/dev/miniconda3/lib/python3.13/site-packages (from lightgbm) (2.4.4)
Requirement already satisfied: scipy in /home/cxc/dev/miniconda3/lib/python3.13/site-packages (from lightgbm) (1.17.1)
/home/cxc/dev/miniconda3/lib/python3.13/site-packages/sklearn/utils/validation.py:2691: UserWarning: X does not have valid feature names, but LGBMRanker was fitted with feature names
  warnings.warn(
Requirement already satisfied: lightgbm in /home/cxc/dev/miniconda3/lib/python3.13/site-packages (4.6.0)
Requirement already satisfied: numpy>=1.17.0 in /home/cxc/dev/miniconda3/lib/python3.13/site-packages (from lightgbm) (2.4.4)
Requirement already satisfied: scipy in /home/cxc/dev/miniconda3/lib/python3.13/site-packages (from lightgbm) (1.17.1)
/home/cxc/dev/miniconda3/lib/python3.13/site-packages/sklearn/utils/validation.py:2691: UserWarning: X does not have valid feature names, but LGBMRanker was fitted with feature names
  warnings.warn(
Requirement already satisfied: lightgbm in /home/cxc/dev/miniconda3/lib/python3.13/site-packages (4.6.0)
Requirement already satisfied: numpy>=1.17.0 in /home/cxc/dev/miniconda3/lib/python3.13/site-packages (from lightgbm) (2.4.4)
Requirement already satisfied: scipy in /home/cxc/dev/miniconda3/lib/python3.13/site-packages (from lightgbm) (1.17.1)
/home/cxc/dev/miniconda3/lib/python3.13/site-packages/sklearn/utils/validation.py:2691: UserWarning: X does not have valid feature names, but LGBMRanker was fitted with feature names
  warnings.warn(
Requirement already satisfied: lightgbm in /home/cxc/dev/miniconda3/lib/python3.13/site-packages (4.6.0)
Requirement already satisfied: numpy>=1.17.0 in /home/cxc/dev/miniconda3/lib/python3.13/site-packages (from lightgbm) (2.4.4)
Requirement already satisfied: scipy in /home/cxc/dev/miniconda3/lib/python3.13/site-packages (from lightgbm) (1.17.1)
/home/cxc/dev/miniconda3/lib/python3.13/site-packages/sklearn/utils/validation.py:2691: UserWarning: X does not have valid feature names, but LGBMRanker was fitted with feature names
  warnings.warn(
Requirement already satisfied: lightgbm in /home/cxc/dev/miniconda3/lib/python3.13/site-packages (4.6.0)
Requirement already satisfied: numpy>=1.17.0 in /home/cxc/dev/miniconda3/lib/python3.13/site-packages (from lightgbm) (2.4.4)
Requirement already satisfied: scipy in /home/cxc/dev/miniconda3/lib/python3.13/site-packages (from lightgbm) (1.17.1)
{
  "schema": "moebench.paper_reconstruct_cv_extras.v2",
  "dataset_root": "/home/cxc/MoEBench/dataset",
  "suites_requested": [
    "phoronix_gpu"
  ],
  "eval_partial_k_list": [
    3
  ],
  "train_k_range_requested": [
    2,
    12
  ],
  "pts_suite_target": "logmean",
  "model_type": "lightgbm",
  "policies": [
    "random",
    "fixed_first_k",
    "fixed_cpu_mix",
    "fixed_io_mix",
    "greedy_slowest",
    "greedy_fastest",
    "router"
  ],
  "xi_ablations": [
    "full"
  ],
  "suite_results": [
    {
      "suite_key": "phoronix_gpu",
      "pts_suite_filter": "pts/nvidia-gpu-compute",
      "glob_pattern": "aces-System-Product-Name_pts_nvidia-gpu-compute_[0-9][0-9][0-9][0-9][0-9][0-9][0-9][0-9]T[0-9][0-9][0-9][0-9][0-9][0-9]Z/run-*.json",
      "cv_mode_effective": "random_fold",
      "folds_effective": 5,
      "sessions": [
        "aces-System-Product-Name_pts_nvidia-gpu-compute_20260522T041557Z"
      ],
      "n_samples": 5,
      "num_profiles_or_subtests": 10,
      "profile_ids_head": [
        "pts/blender-5.1.0",
        "pts/cl-mem-1.0.1",
        "pts/clpeak-1.1.0",
        "pts/fahbench-1.0.2",
        "pts/financebench-1.1.1",
        "pts/hashcat-1.3.1",
        "pts/luxcorerender-1.4.0",
        "pts/ncnn-1.6.0"
      ],
      "combinations": [
        {
          "suite_key": "phoronix_gpu",
          "xi_ablation": "full",
          "benchmark": "phoronix",
          "eval_partial_k": 3,
          "policy": "random",
          "oof_metrics": {
            "mae_all_targets": 5009.324203220035,
            "rmse_all_targets": 22301.522462460496,
            "mae_subtest_index_only": 5510.039002469974,
            "rmse_subtest_index_only": 23390.03407108205,
            "mae_suite_index": 2.1762107206451504,
            "rmse_suite_index": 2.667609559314022,
            "spearman_suite": -0.8999999999999998,
            "kendall_tau_suite": -0.8,
            "median_bucket_accuracy_suite": 0.0
          },
          "per_fold_metrics": [
            {
              "mae_all_targets": 2032.883359621438,
              "rmse_all_targets": 6733.11837728831,
              "mae_subtest_index_only": 2235.8787545758987,
              "rmse_subtest_index_only": 7061.754069117033,
              "mae_suite_index": 2.929410076829953,
              "rmse_suite_index": 2.929410076829953,
              "spearman_suite": NaN,
              "kendall_tau_suite": NaN,
              "fold": 0,
              "n_val": 1,
              "median_bucket_accuracy_suite": NaN,
              "mean_eval_wall_saved_fraction": 0.380827600255558
            },
            {
              "mae_all_targets": 669.6395287122236,
              "rmse_all_targets": 2211.7970184929286,
              "mae_subtest_index_only": 736.1149733521185,
              "rmse_subtest_index_only": 2319.7517689857914,
              "mae_suite_index": 4.885082313276371,
              "rmse_suite_index": 4.885082313276371,
              "spearman_suite": NaN,
              "kendall_tau_suite": NaN,
              "fold": 1,
              "n_val": 1,
              "median_bucket_accuracy_suite": NaN,
              "mean_eval_wall_saved_fraction": 0.27117254560582243
            },
            {
              "mae_all_targets": 5257.2990423413,
              "rmse_all_targets": 17428.893271478537,
              "mae_subtest_index_only": 5782.927749384862,
              "rmse_subtest_index_only": 18279.57747413873,
              "mae_suite_index": 1.011971905690018,
              "rmse_suite_index": 1.011971905690018,
              "spearman_suite": NaN,
              "kendall_tau_suite": NaN,
              "fold": 2,
              "n_val": 1,
              "median_bucket_accuracy_suite": NaN,
              "mean_eval_wall_saved_fraction": 0.9927018047855494
            },
            {
              "mae_all_targets": 3643.1932149941717,
              "rmse_all_targets": 12074.966715678502,
              "mae_subtest_index_only": 4007.4113488615285,
              "rmse_subtest_index_only": 12664.331928721256,
              "mae_suite_index": 1.0118763206053245,
              "rmse_suite_index": 1.0118763206053245,
              "spearman_suite": NaN,
              "kendall_tau_suite": NaN,
              "fold": 3,
              "n_val": 1,
              "median_bucket_accuracy_suite": NaN,
              "mean_eval_wall_saved_fraction": 0.9534566524986736
            },
            {
              "mae_all_targets": 13443.60587043104,
              "rmse_all_targets": 44575.68226882485,
              "mae_subtest_index_only": 14787.862186175462,
              "rmse_subtest_index_only": 46751.36997560204,
              "mae_suite_index": 1.0427129868240854,
              "rmse_suite_index": 1.0427129868240854,
              "spearman_suite": NaN,
              "kendall_tau_suite": NaN,
              "fold": 4,
              "n_val": 1,
              "median_bucket_accuracy_suite": NaN,
              "mean_eval_wall_saved_fraction": 0.9737112835573032
            }
          ],
          "time_savings": {
            "mean_fraction_wall_time_saved_vs_full_suite": 0.7143739773405813,
            "description": "Eval subset; PTS ti.by_test_id.time_s_total (or execution_cost)."
          },
          "n_oof": 5
        },
        {
          "suite_key": "phoronix_gpu",
          "xi_ablation": "full",
          "benchmark": "phoronix",
          "eval_partial_k": 3,
          "policy": "fixed_first_k",
          "oof_metrics": {
            "mae_all_targets": 5009.324203655671,
            "rmse_all_targets": 22301.52246246053,
            "mae_subtest_index_only": 5510.039002949173,
            "rmse_subtest_index_only": 23390.034071082082,
            "mae_suite_index": 2.1762107206451504,
            "rmse_suite_index": 2.667609559314022,
            "spearman_suite": -0.8999999999999998,
            "kendall_tau_suite": -0.8,
            "median_bucket_accuracy_suite": 0.0
          },
          "per_fold_metrics": [
            {
              "mae_all_targets": 2032.883359621438,
              "rmse_all_targets": 6733.11837728831,
              "mae_subtest_index_only": 2235.8787545758987,
              "rmse_subtest_index_only": 7061.754069117033,
              "mae_suite_index": 2.929410076829953,
              "rmse_suite_index": 2.929410076829953,
              "spearman_suite": NaN,
              "kendall_tau_suite": NaN,
              "fold": 0,
              "n_val": 1,
              "median_bucket_accuracy_suite": NaN,
              "mean_eval_wall_saved_fraction": 0.9495400420374264
            },
            {
              "mae_all_targets": 669.6395287122236,
              "rmse_all_targets": 2211.7970184929286,
              "mae_subtest_index_only": 736.1149733521185,
              "rmse_subtest_index_only": 2319.7517689857914,
              "mae_suite_index": 4.885082313276371,
              "rmse_suite_index": 4.885082313276371,
              "spearman_suite": NaN,
              "kendall_tau_suite": NaN,
              "fold": 1,
              "n_val": 1,
              "median_bucket_accuracy_suite": NaN,
              "mean_eval_wall_saved_fraction": 0.9835901205397195
            },
            {
              "mae_all_targets": 5257.299044519481,
              "rmse_all_targets": 17428.893271478722,
              "mae_subtest_index_only": 5782.9277517808605,
              "rmse_subtest_index_only": 18279.577474138925,
              "mae_suite_index": 1.011971905690018,
              "rmse_suite_index": 1.011971905690018,
              "spearman_suite": NaN,
              "kendall_tau_suite": NaN,
              "fold": 2,
              "n_val": 1,
              "median_bucket_accuracy_suite": NaN,
              "mean_eval_wall_saved_fraction": 0.9622965332065729
            },
            {
              "mae_all_targets": 3643.1932149941717,
              "rmse_all_targets": 12074.966715678502,
              "mae_subtest_index_only": 4007.4113488615285,
              "rmse_subtest_index_only": 12664.331928721256,
              "mae_suite_index": 1.0118763206053245,
              "rmse_suite_index": 1.0118763206053245,
              "spearman_suite": NaN,
              "kendall_tau_suite": NaN,
              "fold": 3,
              "n_val": 1,
              "median_bucket_accuracy_suite": NaN,
              "mean_eval_wall_saved_fraction": 0.9475144412187255
            },
            {
              "mae_all_targets": 13443.60587043104,
              "rmse_all_targets": 44575.68226882485,
              "mae_subtest_index_only": 14787.862186175462,
              "rmse_subtest_index_only": 46751.36997560204,
              "mae_suite_index": 1.0427129868240854,
              "rmse_suite_index": 1.0427129868240854,
              "spearman_suite": NaN,
              "kendall_tau_suite": NaN,
              "fold": 4,
              "n_val": 1,
              "median_bucket_accuracy_suite": NaN,
              "mean_eval_wall_saved_fraction": 0.9665083309420162
            }
          ],
          "time_savings": {
            "mean_fraction_wall_time_saved_vs_full_suite": 0.9618898935888922,
            "description": "Eval subset; PTS ti.by_test_id.time_s_total (or execution_cost)."
          },
          "n_oof": 5
        },
        {
          "suite_key": "phoronix_gpu",
          "xi_ablation": "full",
          "benchmark": "phoronix",
          "eval_partial_k": 3,
          "policy": "fixed_cpu_mix",
          "oof_metrics": {
            "mae_all_targets": 5009.324203655671,
            "rmse_all_targets": 22301.52246246053,
            "mae_subtest_index_only": 5510.039002949173,
            "rmse_subtest_index_only": 23390.034071082082,
            "mae_suite_index": 2.1762107206451504,
            "rmse_suite_index": 2.667609559314022,
            "spearman_suite": -0.8999999999999998,
            "kendall_tau_suite": -0.8,
            "median_bucket_accuracy_suite": 0.0
          },
          "per_fold_metrics": [
            {
              "mae_all_targets": 2032.883359621438,
              "rmse_all_targets": 6733.11837728831,
              "mae_subtest_index_only": 2235.8787545758987,
              "rmse_subtest_index_only": 7061.754069117033,
              "mae_suite_index": 2.929410076829953,
              "rmse_suite_index": 2.929410076829953,
              "spearman_suite": NaN,
              "kendall_tau_suite": NaN,
              "fold": 0,
              "n_val": 1,
              "median_bucket_accuracy_suite": NaN,
              "mean_eval_wall_saved_fraction": 0.9495400420374264
            },
            {
              "mae_all_targets": 669.6395287122236,
              "rmse_all_targets": 2211.7970184929286,
              "mae_subtest_index_only": 736.1149733521185,
              "rmse_subtest_index_only": 2319.7517689857914,
              "mae_suite_index": 4.885082313276371,
              "rmse_suite_index": 4.885082313276371,
              "spearman_suite": NaN,
              "kendall_tau_suite": NaN,
              "fold": 1,
              "n_val": 1,
              "median_bucket_accuracy_suite": NaN,
              "mean_eval_wall_saved_fraction": 0.9835901205397195
            },
            {
              "mae_all_targets": 5257.299044519481,
              "rmse_all_targets": 17428.893271478722,
              "mae_subtest_index_only": 5782.9277517808605,
              "rmse_subtest_index_only": 18279.577474138925,
              "mae_suite_index": 1.011971905690018,
              "rmse_suite_index": 1.011971905690018,
              "spearman_suite": NaN,
              "kendall_tau_suite": NaN,
              "fold": 2,
              "n_val": 1,
              "median_bucket_accuracy_suite": NaN,
              "mean_eval_wall_saved_fraction": 0.9622965332065729
            },
            {
              "mae_all_targets": 3643.1932149941717,
              "rmse_all_targets": 12074.966715678502,
              "mae_subtest_index_only": 4007.4113488615285,
              "rmse_subtest_index_only": 12664.331928721256,
              "mae_suite_index": 1.0118763206053245,
              "rmse_suite_index": 1.0118763206053245,
              "spearman_suite": NaN,
              "kendall_tau_suite": NaN,
              "fold": 3,
              "n_val": 1,
              "median_bucket_accuracy_suite": NaN,
              "mean_eval_wall_saved_fraction": 0.9475144412187255
            },
            {
              "mae_all_targets": 13443.60587043104,
              "rmse_all_targets": 44575.68226882485,
              "mae_subtest_index_only": 14787.862186175462,
              "rmse_subtest_index_only": 46751.36997560204,
              "mae_suite_index": 1.0427129868240854,
              "rmse_suite_index": 1.0427129868240854,
              "spearman_suite": NaN,
              "kendall_tau_suite": NaN,
              "fold": 4,
              "n_val": 1,
              "median_bucket_accuracy_suite": NaN,
              "mean_eval_wall_saved_fraction": 0.9665083309420162
            }
          ],
          "time_savings": {
            "mean_fraction_wall_time_saved_vs_full_suite": 0.9618898935888922,
            "description": "Eval subset; PTS ti.by_test_id.time_s_total (or execution_cost)."
          },
          "n_oof": 5
        },
        {
          "suite_key": "phoronix_gpu",
          "xi_ablation": "full",
          "benchmark": "phoronix",
          "eval_partial_k": 3,
          "policy": "fixed_io_mix",
          "oof_metrics": {
            "mae_all_targets": 5009.324203655671,
            "rmse_all_targets": 22301.52246246053,
            "mae_subtest_index_only": 5510.039002949173,
            "rmse_subtest_index_only": 23390.034071082082,
            "mae_suite_index": 2.1762107206451504,
            "rmse_suite_index": 2.667609559314022,
            "spearman_suite": -0.8999999999999998,
            "kendall_tau_suite": -0.8,
            "median_bucket_accuracy_suite": 0.0
          },
          "per_fold_metrics": [
            {
              "mae_all_targets": 2032.883359621438,
              "rmse_all_targets": 6733.11837728831,
              "mae_subtest_index_only": 2235.8787545758987,
              "rmse_subtest_index_only": 7061.754069117033,
              "mae_suite_index": 2.929410076829953,
              "rmse_suite_index": 2.929410076829953,
              "spearman_suite": NaN,
              "kendall_tau_suite": NaN,
              "fold": 0,
              "n_val": 1,
              "median_bucket_accuracy_suite": NaN,
              "mean_eval_wall_saved_fraction": 0.9495400420374264
            },
            {
              "mae_all_targets": 669.6395287122236,
              "rmse_all_targets": 2211.7970184929286,
              "mae_subtest_index_only": 736.1149733521185,
              "rmse_subtest_index_only": 2319.7517689857914,
              "mae_suite_index": 4.885082313276371,
              "rmse_suite_index": 4.885082313276371,
              "spearman_suite": NaN,
              "kendall_tau_suite": NaN,
              "fold": 1,
              "n_val": 1,
              "median_bucket_accuracy_suite": NaN,
              "mean_eval_wall_saved_fraction": 0.9835901205397195
            },
            {
              "mae_all_targets": 5257.299044519481,
              "rmse_all_targets": 17428.893271478722,
              "mae_subtest_index_only": 5782.9277517808605,
              "rmse_subtest_index_only": 18279.577474138925,
              "mae_suite_index": 1.011971905690018,
              "rmse_suite_index": 1.011971905690018,
              "spearman_suite": NaN,
              "kendall_tau_suite": NaN,
              "fold": 2,
              "n_val": 1,
              "median_bucket_accuracy_suite": NaN,
              "mean_eval_wall_saved_fraction": 0.9622965332065729
            },
            {
              "mae_all_targets": 3643.1932149941717,
              "rmse_all_targets": 12074.966715678502,
              "mae_subtest_index_only": 4007.4113488615285,
              "rmse_subtest_index_only": 12664.331928721256,
              "mae_suite_index": 1.0118763206053245,
              "rmse_suite_index": 1.0118763206053245,
              "spearman_suite": NaN,
              "kendall_tau_suite": NaN,
              "fold": 3,
              "n_val": 1,
              "median_bucket_accuracy_suite": NaN,
              "mean_eval_wall_saved_fraction": 0.9475144412187255
            },
            {
              "mae_all_targets": 13443.60587043104,
              "rmse_all_targets": 44575.68226882485,
              "mae_subtest_index_only": 14787.862186175462,
              "rmse_subtest_index_only": 46751.36997560204,
              "mae_suite_index": 1.0427129868240854,
              "rmse_suite_index": 1.0427129868240854,
              "spearman_suite": NaN,
              "kendall_tau_suite": NaN,
              "fold": 4,
              "n_val": 1,
              "median_bucket_accuracy_suite": NaN,
              "mean_eval_wall_saved_fraction": 0.9665083309420162
            }
          ],
          "time_savings": {
            "mean_fraction_wall_time_saved_vs_full_suite": 0.9618898935888922,
            "description": "Eval subset; PTS ti.by_test_id.time_s_total (or execution_cost)."
          },
          "n_oof": 5
        },
        {
          "suite_key": "phoronix_gpu",
          "xi_ablation": "full",
          "benchmark": "phoronix",
          "eval_partial_k": 3,
          "policy": "greedy_slowest",
          "oof_metrics": {
            "mae_all_targets": 5009.3242317061195,
            "rmse_all_targets": 22301.5224624624,
            "mae_subtest_index_only": 5510.039033804667,
            "rmse_subtest_index_only": 23390.034071084043,
            "mae_suite_index": 2.1762107206451504,
            "rmse_suite_index": 2.667609559314022,
            "spearman_suite": -0.8999999999999998,
            "kendall_tau_suite": -0.8,
            "median_bucket_accuracy_suite": 0.0
          },
          "per_fold_metrics": [
            {
              "mae_all_targets": 2032.883359621438,
              "rmse_all_targets": 6733.11837728831,
              "mae_subtest_index_only": 2235.8787545758987,
              "rmse_subtest_index_only": 7061.754069117033,
              "mae_suite_index": 2.929410076829953,
              "rmse_suite_index": 2.929410076829953,
              "spearman_suite": NaN,
              "kendall_tau_suite": NaN,
              "fold": 0,
              "n_val": 1,
              "median_bucket_accuracy_suite": NaN,
              "mean_eval_wall_saved_fraction": 0.13193409198233313
            },
            {
              "mae_all_targets": 669.6395287122236,
              "rmse_all_targets": 2211.7970184929286,
              "mae_subtest_index_only": 736.1149733521185,
              "rmse_subtest_index_only": 2319.7517689857914,
              "mae_suite_index": 4.885082313276371,
              "rmse_suite_index": 4.885082313276371,
              "spearman_suite": NaN,
              "kendall_tau_suite": NaN,
              "fold": 1,
              "n_val": 1,
              "median_bucket_accuracy_suite": NaN,
              "mean_eval_wall_saved_fraction": 0.03965989204426005
            },
            {
              "mae_all_targets": 5257.299184771724,
              "rmse_all_targets": 17428.8932714907,
              "mae_subtest_index_only": 5782.927906058327,
              "rmse_subtest_index_only": 18279.577474151487,
              "mae_suite_index": 1.011971905690018,
              "rmse_suite_index": 1.011971905690018,
              "spearman_suite": NaN,
              "kendall_tau_suite": NaN,
              "fold": 2,
              "n_val": 1,
              "median_bucket_accuracy_suite": NaN,
              "mean_eval_wall_saved_fraction": 0.09983156023788219
            },
            {
              "mae_all_targets": 3643.1932149941717,
              "rmse_all_targets": 12074.966715678502,
              "mae_subtest_index_only": 4007.4113488615285,
              "rmse_subtest_index_only": 12664.331928721256,
              "mae_suite_index": 1.0118763206053245,
              "rmse_suite_index": 1.0118763206053245,
              "spearman_suite": NaN,
              "kendall_tau_suite": NaN,
              "fold": 3,
              "n_val": 1,
              "median_bucket_accuracy_suite": NaN,
              "mean_eval_wall_saved_fraction": 0.13925567365528269
            },
            {
              "mae_all_targets": 13443.60587043104,
              "rmse_all_targets": 44575.68226882485,
              "mae_subtest_index_only": 14787.862186175462,
              "rmse_subtest_index_only": 46751.36997560204,
              "mae_suite_index": 1.0427129868240854,
              "rmse_suite_index": 1.0427129868240854,
              "spearman_suite": NaN,
              "kendall_tau_suite": NaN,
              "fold": 4,
              "n_val": 1,
              "median_bucket_accuracy_suite": NaN,
              "mean_eval_wall_saved_fraction": 0.07999948103329318
            }
          ],
          "time_savings": {
            "mean_fraction_wall_time_saved_vs_full_suite": 0.09813613979061024,
            "description": "Eval subset; PTS ti.by_test_id.time_s_total (or execution_cost)."
          },
          "n_oof": 5
        },
        {
          "suite_key": "phoronix_gpu",
          "xi_ablation": "full",
          "benchmark": "phoronix",
          "eval_partial_k": 3,
          "policy": "greedy_fastest",
          "oof_metrics": {
            "mae_all_targets": 5009.32400281316,
            "rmse_all_targets": 22301.52246244718,
            "mae_subtest_index_only": 5510.038782022411,
            "rmse_subtest_index_only": 23390.034071068083,
            "mae_suite_index": 2.1762107206451504,
            "rmse_suite_index": 2.667609559314022,
            "spearman_suite": -0.8999999999999998,
            "kendall_tau_suite": -0.8,
            "median_bucket_accuracy_suite": 0.0
          },
          "per_fold_metrics": [
            {
              "mae_all_targets": 2032.883359621438,
              "rmse_all_targets": 6733.11837728831,
              "mae_subtest_index_only": 2235.8787545758987,
              "rmse_subtest_index_only": 7061.754069117033,
              "mae_suite_index": 2.929410076829953,
              "rmse_suite_index": 2.929410076829953,
              "spearman_suite": NaN,
              "kendall_tau_suite": NaN,
              "fold": 0,
              "n_val": 1,
              "median_bucket_accuracy_suite": NaN,
              "mean_eval_wall_saved_fraction": 0.995416624228002
            },
            {
              "mae_all_targets": 669.6395287122236,
              "rmse_all_targets": 2211.7970184929286,
              "mae_subtest_index_only": 736.1149733521185,
              "rmse_subtest_index_only": 2319.7517689857914,
              "mae_suite_index": 4.885082313276371,
              "rmse_suite_index": 4.885082313276371,
              "spearman_suite": NaN,
              "kendall_tau_suite": NaN,
              "fold": 1,
              "n_val": 1,
              "median_bucket_accuracy_suite": NaN,
              "mean_eval_wall_saved_fraction": 0.9979310457138965
            },
            {
              "mae_all_targets": 5257.298040306928,
              "rmse_all_targets": 17428.89327139334,
              "mae_subtest_index_only": 5782.926647147052,
              "rmse_subtest_index_only": 18279.577474049373,
              "mae_suite_index": 1.011971905690018,
              "rmse_suite_index": 1.011971905690018,
              "spearman_suite": NaN,
              "kendall_tau_suite": NaN,
              "fold": 2,
              "n_val": 1,
              "median_bucket_accuracy_suite": NaN,
              "mean_eval_wall_saved_fraction": 0.995965540462572
            },
            {
              "mae_all_targets": 3643.1932149941717,
              "rmse_all_targets": 12074.966715678502,
              "mae_subtest_index_only": 4007.4113488615285,
              "rmse_subtest_index_only": 12664.331928721256,
              "mae_suite_index": 1.0118763206053245,
              "rmse_suite_index": 1.0118763206053245,
              "spearman_suite": NaN,
              "kendall_tau_suite": NaN,
              "fold": 3,
              "n_val": 1,
              "median_bucket_accuracy_suite": NaN,
              "mean_eval_wall_saved_fraction": 0.9941281319113676
            },
            {
              "mae_all_targets": 13443.60587043104,
              "rmse_all_targets": 44575.68226882485,
              "mae_subtest_index_only": 14787.862186175462,
              "rmse_subtest_index_only": 46751.36997560204,
              "mae_suite_index": 1.0427129868240854,
              "rmse_suite_index": 1.0427129868240854,
              "spearman_suite": NaN,
              "kendall_tau_suite": NaN,
              "fold": 4,
              "n_val": 1,
              "median_bucket_accuracy_suite": NaN,
              "mean_eval_wall_saved_fraction": 0.9969464914797878
            }
          ],
          "time_savings": {
            "mean_fraction_wall_time_saved_vs_full_suite": 0.9960775667591252,
            "description": "Eval subset; PTS ti.by_test_id.time_s_total (or execution_cost)."
          },
          "n_oof": 5
        },
        {
          "suite_key": "phoronix_gpu",
          "xi_ablation": "full",
          "benchmark": "phoronix",
          "eval_partial_k": 3,
          "policy": "router",
          "oof_metrics": {
            "mae_all_targets": 5009.324203655671,
            "rmse_all_targets": 22301.52246246053,
            "mae_subtest_index_only": 5510.039002949173,
            "rmse_subtest_index_only": 23390.034071082082,
            "mae_suite_index": 2.1762107206451504,
            "rmse_suite_index": 2.667609559314022,
            "spearman_suite": -0.8999999999999998,
            "kendall_tau_suite": -0.8,
            "median_bucket_accuracy_suite": 0.0
          },
          "per_fold_metrics": [
            {
              "mae_all_targets": 2032.883359621438,
              "rmse_all_targets": 6733.11837728831,
              "mae_subtest_index_only": 2235.8787545758987,
              "rmse_subtest_index_only": 7061.754069117033,
              "mae_suite_index": 2.929410076829953,
              "rmse_suite_index": 2.929410076829953,
              "spearman_suite": NaN,
              "kendall_tau_suite": NaN,
              "fold": 0,
              "n_val": 1,
              "median_bucket_accuracy_suite": NaN,
              "mean_eval_wall_saved_fraction": 0.9495400420374264
            },
            {
              "mae_all_targets": 669.6395287122236,
              "rmse_all_targets": 2211.7970184929286,
              "mae_subtest_index_only": 736.1149733521185,
              "rmse_subtest_index_only": 2319.7517689857914,
              "mae_suite_index": 4.885082313276371,
              "rmse_suite_index": 4.885082313276371,
              "spearman_suite": NaN,
              "kendall_tau_suite": NaN,
              "fold": 1,
              "n_val": 1,
              "median_bucket_accuracy_suite": NaN,
              "mean_eval_wall_saved_fraction": 0.9835901205397195
            },
            {
              "mae_all_targets": 5257.299044519481,
              "rmse_all_targets": 17428.893271478722,
              "mae_subtest_index_only": 5782.9277517808605,
              "rmse_subtest_index_only": 18279.577474138925,
              "mae_suite_index": 1.011971905690018,
              "rmse_suite_index": 1.011971905690018,
              "spearman_suite": NaN,
              "kendall_tau_suite": NaN,
              "fold": 2,
              "n_val": 1,
              "median_bucket_accuracy_suite": NaN,
              "mean_eval_wall_saved_fraction": 0.9622965332065729
            },
            {
              "mae_all_targets": 3643.1932149941717,
              "rmse_all_targets": 12074.966715678502,
              "mae_subtest_index_only": 4007.4113488615285,
              "rmse_subtest_index_only": 12664.331928721256,
              "mae_suite_index": 1.0118763206053245,
              "rmse_suite_index": 1.0118763206053245,
              "spearman_suite": NaN,
              "kendall_tau_suite": NaN,
              "fold": 3,
              "n_val": 1,
              "median_bucket_accuracy_suite": NaN,
              "mean_eval_wall_saved_fraction": 0.9475144412187255
            },
            {
              "mae_all_targets": 13443.60587043104,
              "rmse_all_targets": 44575.68226882485,
              "mae_subtest_index_only": 14787.862186175462,
              "rmse_subtest_index_only": 46751.36997560204,
              "mae_suite_index": 1.0427129868240854,
              "rmse_suite_index": 1.0427129868240854,
              "spearman_suite": NaN,
              "kendall_tau_suite": NaN,
              "fold": 4,
              "n_val": 1,
              "median_bucket_accuracy_suite": NaN,
              "mean_eval_wall_saved_fraction": 0.9665083309420162
            }
          ],
          "time_savings": {
            "mean_fraction_wall_time_saved_vs_full_suite": 0.9618898935888922,
            "description": "Eval subset; PTS ti.by_test_id.time_s_total (or execution_cost)."
          },
          "n_oof": 5
        }
      ]
    }
  ]
}
Wrote /home/cxc/MoEBench/dataset/paper_supplementary/policy_three_suites_merged.json and /home/cxc/MoEBench/dataset/paper_supplementary/policy_three_suites_summary.json
+ /home/cxc/dev/miniconda3/bin/python3 /home/cxc/MoEBench/scripts/paper_reconstruct_cv_extras.py --dataset-root /home/cxc/MoEBench/dataset --suites unixbench --cv-mode leave_one_session_out --seed 42 --model-type xgboost --log1p-partial-index --train-aug 10 --train-k-max 6 --xi-ablations full,static_hw_only,no_perf_pmu,no_dynamic_proc,no_gpu --report-json /home/cxc/MoEBench/dataset/paper_supplementary/xi_ablation_unixbench_aces-System-Product-Name.json --auto-install --glob-unixbench aces-System-Product-Name_[0-9][0-9][0-9][0-9][0-9][0-9][0-9][0-9]T[0-9][0-9][0-9][0-9][0-9][0-9]Z/run-*.json --router-model-unixbench /home/cxc/MoEBench/dataset/experiments/router_recon_grid_unixbench_aces-System-Product-Name_20260524T140119Z/trained_models/router_lgbm.pkl --eval-partial-k 3 --policies router
[unixbench] leave_one_session_out needs >= 2 session dirs; got 1. Falling back to random_fold.
/home/cxc/dev/miniconda3/lib/python3.13/site-packages/sklearn/utils/validation.py:2691: UserWarning: X does not have valid feature names, but LGBMRanker was fitted with feature names
  warnings.warn(
Requirement already satisfied: xgboost in /home/cxc/dev/miniconda3/lib/python3.13/site-packages (3.2.0)
Requirement already satisfied: numpy in /home/cxc/dev/miniconda3/lib/python3.13/site-packages (from xgboost) (2.4.4)
Requirement already satisfied: scipy in /home/cxc/dev/miniconda3/lib/python3.13/site-packages (from xgboost) (1.17.1)
/home/cxc/dev/miniconda3/lib/python3.13/site-packages/sklearn/utils/validation.py:2691: UserWarning: X does not have valid feature names, but LGBMRanker was fitted with feature names
  warnings.warn(
Requirement already satisfied: xgboost in /home/cxc/dev/miniconda3/lib/python3.13/site-packages (3.2.0)
Requirement already satisfied: numpy in /home/cxc/dev/miniconda3/lib/python3.13/site-packages (from xgboost) (2.4.4)
Requirement already satisfied: scipy in /home/cxc/dev/miniconda3/lib/python3.13/site-packages (from xgboost) (1.17.1)
/home/cxc/dev/miniconda3/lib/python3.13/site-packages/sklearn/utils/validation.py:2691: UserWarning: X does not have valid feature names, but LGBMRanker was fitted with feature names
  warnings.warn(
Requirement already satisfied: xgboost in /home/cxc/dev/miniconda3/lib/python3.13/site-packages (3.2.0)
Requirement already satisfied: numpy in /home/cxc/dev/miniconda3/lib/python3.13/site-packages (from xgboost) (2.4.4)
Requirement already satisfied: scipy in /home/cxc/dev/miniconda3/lib/python3.13/site-packages (from xgboost) (1.17.1)
/home/cxc/dev/miniconda3/lib/python3.13/site-packages/sklearn/utils/validation.py:2691: UserWarning: X does not have valid feature names, but LGBMRanker was fitted with feature names
  warnings.warn(
Requirement already satisfied: xgboost in /home/cxc/dev/miniconda3/lib/python3.13/site-packages (3.2.0)
Requirement already satisfied: numpy in /home/cxc/dev/miniconda3/lib/python3.13/site-packages (from xgboost) (2.4.4)
Requirement already satisfied: scipy in /home/cxc/dev/miniconda3/lib/python3.13/site-packages (from xgboost) (1.17.1)
/home/cxc/dev/miniconda3/lib/python3.13/site-packages/sklearn/utils/validation.py:2691: UserWarning: X does not have valid feature names, but LGBMRanker was fitted with feature names
  warnings.warn(
Requirement already satisfied: xgboost in /home/cxc/dev/miniconda3/lib/python3.13/site-packages (3.2.0)
Requirement already satisfied: numpy in /home/cxc/dev/miniconda3/lib/python3.13/site-packages (from xgboost) (2.4.4)
Requirement already satisfied: scipy in /home/cxc/dev/miniconda3/lib/python3.13/site-packages (from xgboost) (1.17.1)
/home/cxc/dev/miniconda3/lib/python3.13/site-packages/sklearn/utils/validation.py:2691: UserWarning: X does not have valid feature names, but LGBMRanker was fitted with feature names
  warnings.warn(
Requirement already satisfied: xgboost in /home/cxc/dev/miniconda3/lib/python3.13/site-packages (3.2.0)
Requirement already satisfied: numpy in /home/cxc/dev/miniconda3/lib/python3.13/site-packages (from xgboost) (2.4.4)
Requirement already satisfied: scipy in /home/cxc/dev/miniconda3/lib/python3.13/site-packages (from xgboost) (1.17.1)
/home/cxc/dev/miniconda3/lib/python3.13/site-packages/sklearn/utils/validation.py:2691: UserWarning: X does not have valid feature names, but LGBMRanker was fitted with feature names
  warnings.warn(
Requirement already satisfied: xgboost in /home/cxc/dev/miniconda3/lib/python3.13/site-packages (3.2.0)
Requirement already satisfied: numpy in /home/cxc/dev/miniconda3/lib/python3.13/site-packages (from xgboost) (2.4.4)
Requirement already satisfied: scipy in /home/cxc/dev/miniconda3/lib/python3.13/site-packages (from xgboost) (1.17.1)
/home/cxc/dev/miniconda3/lib/python3.13/site-packages/sklearn/utils/validation.py:2691: UserWarning: X does not have valid feature names, but LGBMRanker was fitted with feature names
  warnings.warn(
Requirement already satisfied: xgboost in /home/cxc/dev/miniconda3/lib/python3.13/site-packages (3.2.0)
Requirement already satisfied: numpy in /home/cxc/dev/miniconda3/lib/python3.13/site-packages (from xgboost) (2.4.4)
Requirement already satisfied: scipy in /home/cxc/dev/miniconda3/lib/python3.13/site-packages (from xgboost) (1.17.1)
/home/cxc/dev/miniconda3/lib/python3.13/site-packages/sklearn/utils/validation.py:2691: UserWarning: X does not have valid feature names, but LGBMRanker was fitted with feature names
  warnings.warn(
Requirement already satisfied: xgboost in /home/cxc/dev/miniconda3/lib/python3.13/site-packages (3.2.0)
Requirement already satisfied: numpy in /home/cxc/dev/miniconda3/lib/python3.13/site-packages (from xgboost) (2.4.4)
Requirement already satisfied: scipy in /home/cxc/dev/miniconda3/lib/python3.13/site-packages (from xgboost) (1.17.1)
/home/cxc/dev/miniconda3/lib/python3.13/site-packages/sklearn/utils/validation.py:2691: UserWarning: X does not have valid feature names, but LGBMRanker was fitted with feature names
  warnings.warn(
Requirement already satisfied: xgboost in /home/cxc/dev/miniconda3/lib/python3.13/site-packages (3.2.0)
Requirement already satisfied: numpy in /home/cxc/dev/miniconda3/lib/python3.13/site-packages (from xgboost) (2.4.4)
Requirement already satisfied: scipy in /home/cxc/dev/miniconda3/lib/python3.13/site-packages (from xgboost) (1.17.1)
/home/cxc/dev/miniconda3/lib/python3.13/site-packages/sklearn/utils/validation.py:2691: UserWarning: X does not have valid feature names, but LGBMRanker was fitted with feature names
  warnings.warn(
Requirement already satisfied: xgboost in /home/cxc/dev/miniconda3/lib/python3.13/site-packages (3.2.0)
Requirement already satisfied: numpy in /home/cxc/dev/miniconda3/lib/python3.13/site-packages (from xgboost) (2.4.4)
Requirement already satisfied: scipy in /home/cxc/dev/miniconda3/lib/python3.13/site-packages (from xgboost) (1.17.1)
/home/cxc/dev/miniconda3/lib/python3.13/site-packages/sklearn/utils/validation.py:2691: UserWarning: X does not have valid feature names, but LGBMRanker was fitted with feature names
  warnings.warn(
Requirement already satisfied: xgboost in /home/cxc/dev/miniconda3/lib/python3.13/site-packages (3.2.0)
Requirement already satisfied: numpy in /home/cxc/dev/miniconda3/lib/python3.13/site-packages (from xgboost) (2.4.4)
Requirement already satisfied: scipy in /home/cxc/dev/miniconda3/lib/python3.13/site-packages (from xgboost) (1.17.1)
/home/cxc/dev/miniconda3/lib/python3.13/site-packages/sklearn/utils/validation.py:2691: UserWarning: X does not have valid feature names, but LGBMRanker was fitted with feature names
  warnings.warn(
Requirement already satisfied: xgboost in /home/cxc/dev/miniconda3/lib/python3.13/site-packages (3.2.0)
Requirement already satisfied: numpy in /home/cxc/dev/miniconda3/lib/python3.13/site-packages (from xgboost) (2.4.4)
Requirement already satisfied: scipy in /home/cxc/dev/miniconda3/lib/python3.13/site-packages (from xgboost) (1.17.1)
/home/cxc/dev/miniconda3/lib/python3.13/site-packages/sklearn/utils/validation.py:2691: UserWarning: X does not have valid feature names, but LGBMRanker was fitted with feature names
  warnings.warn(
Requirement already satisfied: xgboost in /home/cxc/dev/miniconda3/lib/python3.13/site-packages (3.2.0)
Requirement already satisfied: numpy in /home/cxc/dev/miniconda3/lib/python3.13/site-packages (from xgboost) (2.4.4)
Requirement already satisfied: scipy in /home/cxc/dev/miniconda3/lib/python3.13/site-packages (from xgboost) (1.17.1)
/home/cxc/dev/miniconda3/lib/python3.13/site-packages/sklearn/utils/validation.py:2691: UserWarning: X does not have valid feature names, but LGBMRanker was fitted with feature names
  warnings.warn(
Requirement already satisfied: xgboost in /home/cxc/dev/miniconda3/lib/python3.13/site-packages (3.2.0)
Requirement already satisfied: numpy in /home/cxc/dev/miniconda3/lib/python3.13/site-packages (from xgboost) (2.4.4)
Requirement already satisfied: scipy in /home/cxc/dev/miniconda3/lib/python3.13/site-packages (from xgboost) (1.17.1)
/home/cxc/dev/miniconda3/lib/python3.13/site-packages/sklearn/utils/validation.py:2691: UserWarning: X does not have valid feature names, but LGBMRanker was fitted with feature names
  warnings.warn(
Requirement already satisfied: xgboost in /home/cxc/dev/miniconda3/lib/python3.13/site-packages (3.2.0)
Requirement already satisfied: numpy in /home/cxc/dev/miniconda3/lib/python3.13/site-packages (from xgboost) (2.4.4)
Requirement already satisfied: scipy in /home/cxc/dev/miniconda3/lib/python3.13/site-packages (from xgboost) (1.17.1)
/home/cxc/dev/miniconda3/lib/python3.13/site-packages/sklearn/utils/validation.py:2691: UserWarning: X does not have valid feature names, but LGBMRanker was fitted with feature names
  warnings.warn(
Requirement already satisfied: xgboost in /home/cxc/dev/miniconda3/lib/python3.13/site-packages (3.2.0)
Requirement already satisfied: numpy in /home/cxc/dev/miniconda3/lib/python3.13/site-packages (from xgboost) (2.4.4)
Requirement already satisfied: scipy in /home/cxc/dev/miniconda3/lib/python3.13/site-packages (from xgboost) (1.17.1)
/home/cxc/dev/miniconda3/lib/python3.13/site-packages/sklearn/utils/validation.py:2691: UserWarning: X does not have valid feature names, but LGBMRanker was fitted with feature names
  warnings.warn(
Requirement already satisfied: xgboost in /home/cxc/dev/miniconda3/lib/python3.13/site-packages (3.2.0)
Requirement already satisfied: numpy in /home/cxc/dev/miniconda3/lib/python3.13/site-packages (from xgboost) (2.4.4)
Requirement already satisfied: scipy in /home/cxc/dev/miniconda3/lib/python3.13/site-packages (from xgboost) (1.17.1)
/home/cxc/dev/miniconda3/lib/python3.13/site-packages/sklearn/utils/validation.py:2691: UserWarning: X does not have valid feature names, but LGBMRanker was fitted with feature names
  warnings.warn(
Requirement already satisfied: xgboost in /home/cxc/dev/miniconda3/lib/python3.13/site-packages (3.2.0)
Requirement already satisfied: numpy in /home/cxc/dev/miniconda3/lib/python3.13/site-packages (from xgboost) (2.4.4)
Requirement already satisfied: scipy in /home/cxc/dev/miniconda3/lib/python3.13/site-packages (from xgboost) (1.17.1)
/home/cxc/dev/miniconda3/lib/python3.13/site-packages/sklearn/utils/validation.py:2691: UserWarning: X does not have valid feature names, but LGBMRanker was fitted with feature names
  warnings.warn(
Requirement already satisfied: xgboost in /home/cxc/dev/miniconda3/lib/python3.13/site-packages (3.2.0)
Requirement already satisfied: numpy in /home/cxc/dev/miniconda3/lib/python3.13/site-packages (from xgboost) (2.4.4)
Requirement already satisfied: scipy in /home/cxc/dev/miniconda3/lib/python3.13/site-packages (from xgboost) (1.17.1)
/home/cxc/dev/miniconda3/lib/python3.13/site-packages/sklearn/utils/validation.py:2691: UserWarning: X does not have valid feature names, but LGBMRanker was fitted with feature names
  warnings.warn(
Requirement already satisfied: xgboost in /home/cxc/dev/miniconda3/lib/python3.13/site-packages (3.2.0)
Requirement already satisfied: numpy in /home/cxc/dev/miniconda3/lib/python3.13/site-packages (from xgboost) (2.4.4)
Requirement already satisfied: scipy in /home/cxc/dev/miniconda3/lib/python3.13/site-packages (from xgboost) (1.17.1)
/home/cxc/dev/miniconda3/lib/python3.13/site-packages/sklearn/utils/validation.py:2691: UserWarning: X does not have valid feature names, but LGBMRanker was fitted with feature names
  warnings.warn(
Requirement already satisfied: xgboost in /home/cxc/dev/miniconda3/lib/python3.13/site-packages (3.2.0)
Requirement already satisfied: numpy in /home/cxc/dev/miniconda3/lib/python3.13/site-packages (from xgboost) (2.4.4)
Requirement already satisfied: scipy in /home/cxc/dev/miniconda3/lib/python3.13/site-packages (from xgboost) (1.17.1)
/home/cxc/dev/miniconda3/lib/python3.13/site-packages/sklearn/utils/validation.py:2691: UserWarning: X does not have valid feature names, but LGBMRanker was fitted with feature names
  warnings.warn(
Requirement already satisfied: xgboost in /home/cxc/dev/miniconda3/lib/python3.13/site-packages (3.2.0)
Requirement already satisfied: numpy in /home/cxc/dev/miniconda3/lib/python3.13/site-packages (from xgboost) (2.4.4)
Requirement already satisfied: scipy in /home/cxc/dev/miniconda3/lib/python3.13/site-packages (from xgboost) (1.17.1)
/home/cxc/dev/miniconda3/lib/python3.13/site-packages/sklearn/utils/validation.py:2691: UserWarning: X does not have valid feature names, but LGBMRanker was fitted with feature names
  warnings.warn(
Requirement already satisfied: xgboost in /home/cxc/dev/miniconda3/lib/python3.13/site-packages (3.2.0)
Requirement already satisfied: numpy in /home/cxc/dev/miniconda3/lib/python3.13/site-packages (from xgboost) (2.4.4)
Requirement already satisfied: scipy in /home/cxc/dev/miniconda3/lib/python3.13/site-packages (from xgboost) (1.17.1)
/home/cxc/dev/miniconda3/lib/python3.13/site-packages/sklearn/utils/validation.py:2691: UserWarning: X does not have valid feature names, but LGBMRanker was fitted with feature names
  warnings.warn(
Requirement already satisfied: xgboost in /home/cxc/dev/miniconda3/lib/python3.13/site-packages (3.2.0)
Requirement already satisfied: numpy in /home/cxc/dev/miniconda3/lib/python3.13/site-packages (from xgboost) (2.4.4)
Requirement already satisfied: scipy in /home/cxc/dev/miniconda3/lib/python3.13/site-packages (from xgboost) (1.17.1)
{
  "schema": "moebench.paper_reconstruct_cv_extras.v2",
  "dataset_root": "/home/cxc/MoEBench/dataset",
  "suites_requested": [
    "unixbench"
  ],
  "eval_partial_k_list": [
    3
  ],
  "train_k_range_requested": [
    2,
    6
  ],
  "pts_suite_target": "logmean",
  "model_type": "xgboost",
  "policies": [
    "router"
  ],
  "xi_ablations": [
    "full",
    "static_hw_only",
    "no_perf_pmu",
    "no_dynamic_proc",
    "no_gpu"
  ],
  "suite_results": [
    {
      "suite_key": "unixbench",
      "pts_suite_filter": null,
      "glob_pattern": "aces-System-Product-Name_[0-9][0-9][0-9][0-9][0-9][0-9][0-9][0-9]T[0-9][0-9][0-9][0-9][0-9][0-9]Z/run-*.json",
      "cv_mode_effective": "random_fold",
      "folds_effective": 5,
      "sessions": [
        "aces-System-Product-Name_20260524T102558Z"
      ],
      "n_samples": 5,
      "num_profiles_or_subtests": 12,
      "profile_ids_head": [
        "dhry2reg",
        "whetstone-double",
        "execl",
        "fstime",
        "fsbuffer",
        "fsdisk",
        "pipe",
        "context1"
      ],
      "combinations": [
        {
          "suite_key": "unixbench",
          "xi_ablation": "full",
          "benchmark": "unixbench",
          "eval_partial_k": 3,
          "policy": "router",
          "oof_metrics": {
            "mae_all_targets": 28.80700458233165,
            "rmse_all_targets": 56.26794057967657,
            "mae_subtest_index_only": 30.76471313476554,
            "rmse_subtest_index_only": 58.5371340619263,
            "mae_suite_index": 5.314501953125,
            "rmse_suite_index": 6.316803923422375,
            "spearman_suite": 0.3,
            "kendall_tau_suite": 0.2,
            "median_bucket_accuracy_suite": 0.6
          },
          "per_fold_metrics": [
            {
              "mae_all_targets": 35.83835637019217,
              "rmse_all_targets": 68.52276614238451,
              "mae_subtest_index_only": 38.204337565104034,
              "rmse_subtest_index_only": 71.28835321746861,
              "mae_suite_index": 7.446582031249818,
              "rmse_suite_index": 7.446582031249818,
              "spearman_suite": NaN,
              "kendall_tau_suite": NaN,
              "fold": 0,
              "n_val": 1,
              "median_bucket_accuracy_suite": NaN,
              "mean_eval_wall_saved_fraction": 0.8440137542982182
            },
            {
              "mae_all_targets": 30.183986253004807,
              "rmse_all_targets": 55.5386233212762,
              "mae_subtest_index_only": 32.35512084960937,
              "rmse_subtest_index_only": 57.794133843122985,
              "mae_suite_index": 4.13037109375,
              "rmse_suite_index": 4.13037109375,
              "spearman_suite": NaN,
              "kendall_tau_suite": NaN,
              "fold": 1,
              "n_val": 1,
              "median_bucket_accuracy_suite": NaN,
              "mean_eval_wall_saved_fraction": 0.8440137542982182
            },
            {
              "mae_all_targets": 29.186893404447112,
              "rmse_all_targets": 57.51928486129853,
              "mae_subtest_index_only": 30.769390869140626,
              "rmse_subtest_index_only": 59.795560347223315,
              "mae_suite_index": 10.196923828124909,
              "rmse_suite_index": 10.196923828124909,
              "spearman_suite": NaN,
              "kendall_tau_suite": NaN,
              "fold": 2,
              "n_val": 1,
              "median_bucket_accuracy_suite": NaN,
              "mean_eval_wall_saved_fraction": 0.84375
            },
            {
              "mae_all_targets": 25.06880634014415,
              "rmse_all_targets": 51.682672954401724,
              "mae_subtest_index_only": 27.157824707031153,
              "rmse_subtest_index_only": 53.79303152508703,
              "mae_suite_index": 0.0005859375000909495,
              "rmse_suite_index": 0.0005859375000909495,
              "spearman_suite": NaN,
              "kendall_tau_suite": NaN,
              "fold": 3,
              "n_val": 1,
              "median_bucket_accuracy_suite": NaN,
              "mean_eval_wall_saved_fraction": 0.84375
            },
            {
              "mae_all_targets": 23.75698054387002,
              "rmse_all_targets": 45.507479720334835,
              "mae_subtest_index_only": 25.336891682942507,
              "rmse_subtest_index_only": 47.345430950481926,
              "mae_suite_index": 4.798046875000182,
              "rmse_suite_index": 4.798046875000182,
              "spearman_suite": NaN,
              "kendall_tau_suite": NaN,
              "fold": 4,
              "n_val": 1,
              "median_bucket_accuracy_suite": NaN,
              "mean_eval_wall_saved_fraction": 0.8440137542982182
            }
          ],
          "time_savings": {
            "mean_fraction_wall_time_saved_vs_full_suite": 0.843908252578931,
            "description": "Eval subset; UnixBench ti.by_test_id parallel key 1 (single-copy)."
          },
          "n_oof": 5
        },
        {
          "suite_key": "unixbench",
          "xi_ablation": "static_hw_only",
          "benchmark": "unixbench",
          "eval_partial_k": 3,
          "policy": "router",
          "oof_metrics": {
            "mae_all_targets": 25.055510441706677,
            "rmse_all_targets": 47.0197250504711,
            "mae_subtest_index_only": 26.64784383138015,
            "rmse_subtest_index_only": 48.89058606584087,
            "mae_suite_index": 5.947509765625,
            "rmse_suite_index": 7.5918508512728415,
            "spearman_suite": -0.49999999999999994,
            "kendall_tau_suite": -0.2,
            "median_bucket_accuracy_suite": 0.6
          },
          "per_fold_metrics": [
            {
              "mae_all_targets": 33.74100529597342,
              "rmse_all_targets": 64.58320386188551,
              "mae_subtest_index_only": 35.87772318522122,
              "rmse_subtest_index_only": 67.17964507297991,
              "mae_suite_index": 8.100390624999818,
              "rmse_suite_index": 8.100390624999818,
              "spearman_suite": NaN,
              "kendall_tau_suite": NaN,
              "fold": 0,
              "n_val": 1,
              "median_bucket_accuracy_suite": NaN,
              "mean_eval_wall_saved_fraction": 0.8440137542982182
            },
            {
              "mae_all_targets": 24.955901630108087,
              "rmse_all_targets": 46.88612885989472,
              "mae_subtest_index_only": 26.83530375162751,
              "rmse_subtest_index_only": 48.795699313548326,
              "mae_suite_index": 2.403076171875,
              "rmse_suite_index": 2.403076171875,
              "spearman_suite": NaN,
              "kendall_tau_suite": NaN,
              "fold": 1,
              "n_val": 1,
              "median_bucket_accuracy_suite": NaN,
              "mean_eval_wall_saved_fraction": 0.8440137542982182
            },
            {
              "mae_all_targets": 23.86979886568519,
              "rmse_all_targets": 36.48564715644225,
              "mae_subtest_index_only": 24.714934285481878,
              "rmse_subtest_index_only": 37.76811824901837,
              "mae_suite_index": 13.728173828124909,
              "rmse_suite_index": 13.728173828124909,
              "spearman_suite": NaN,
              "kendall_tau_suite": NaN,
              "fold": 2,
              "n_val": 1,
              "median_bucket_accuracy_suite": NaN,
              "mean_eval_wall_saved_fraction": 0.84375
            },
            {
              "mae_all_targets": 18.72378680889426,
              "rmse_all_targets": 34.00525732888239,
              "mae_subtest_index_only": 20.268530273437523,
              "rmse_subtest_index_only": 35.39375288501937,
              "mae_suite_index": 0.18686523437509095,
              "rmse_suite_index": 0.18686523437509095,
              "spearman_suite": NaN,
              "kendall_tau_suite": NaN,
              "fold": 3,
              "n_val": 1,
              "median_bucket_accuracy_suite": NaN,
              "mean_eval_wall_saved_fraction": 0.84375
            },
            {
              "mae_all_targets": 23.987059607872425,
              "rmse_all_targets": 46.87657671107256,
              "mae_subtest_index_only": 25.542727661132613,
              "rmse_subtest_index_only": 48.76652075265922,
              "mae_suite_index": 5.319042968750182,
              "rmse_suite_index": 5.319042968750182,
              "spearman_suite": NaN,
              "kendall_tau_suite": NaN,
              "fold": 4,
              "n_val": 1,
              "median_bucket_accuracy_suite": NaN,
              "mean_eval_wall_saved_fraction": 0.8440137542982182
            }
          ],
          "time_savings": {
            "mean_fraction_wall_time_saved_vs_full_suite": 0.843908252578931,
            "description": "Eval subset; UnixBench ti.by_test_id parallel key 1 (single-copy)."
          },
          "n_oof": 5
        },
        {
          "suite_key": "unixbench",
          "xi_ablation": "no_perf_pmu",
          "benchmark": "unixbench",
          "eval_partial_k": 3,
          "policy": "router",
          "oof_metrics": {
            "mae_all_targets": 28.80700458233165,
            "rmse_all_targets": 56.26794057967657,
            "mae_subtest_index_only": 30.76471313476554,
            "rmse_subtest_index_only": 58.5371340619263,
            "mae_suite_index": 5.314501953125,
            "rmse_suite_index": 6.316803923422375,
            "spearman_suite": 0.3,
            "kendall_tau_suite": 0.2,
            "median_bucket_accuracy_suite": 0.6
          },
          "per_fold_metrics": [
            {
              "mae_all_targets": 35.83835637019217,
              "rmse_all_targets": 68.52276614238451,
              "mae_subtest_index_only": 38.204337565104034,
              "rmse_subtest_index_only": 71.28835321746861,
              "mae_suite_index": 7.446582031249818,
              "rmse_suite_index": 7.446582031249818,
              "spearman_suite": NaN,
              "kendall_tau_suite": NaN,
              "fold": 0,
              "n_val": 1,
              "median_bucket_accuracy_suite": NaN,
              "mean_eval_wall_saved_fraction": 0.8440137542982182
            },
            {
              "mae_all_targets": 30.183986253004807,
              "rmse_all_targets": 55.5386233212762,
              "mae_subtest_index_only": 32.35512084960937,
              "rmse_subtest_index_only": 57.794133843122985,
              "mae_suite_index": 4.13037109375,
              "rmse_suite_index": 4.13037109375,
              "spearman_suite": NaN,
              "kendall_tau_suite": NaN,
              "fold": 1,
              "n_val": 1,
              "median_bucket_accuracy_suite": NaN,
              "mean_eval_wall_saved_fraction": 0.8440137542982182
            },
            {
              "mae_all_targets": 29.186893404447112,
              "rmse_all_targets": 57.51928486129853,
              "mae_subtest_index_only": 30.769390869140626,
              "rmse_subtest_index_only": 59.795560347223315,
              "mae_suite_index": 10.196923828124909,
              "rmse_suite_index": 10.196923828124909,
              "spearman_suite": NaN,
              "kendall_tau_suite": NaN,
              "fold": 2,
              "n_val": 1,
              "median_bucket_accuracy_suite": NaN,
              "mean_eval_wall_saved_fraction": 0.84375
            },
            {
              "mae_all_targets": 25.06880634014415,
              "rmse_all_targets": 51.682672954401724,
              "mae_subtest_index_only": 27.157824707031153,
              "rmse_subtest_index_only": 53.79303152508703,
              "mae_suite_index": 0.0005859375000909495,
              "rmse_suite_index": 0.0005859375000909495,
              "spearman_suite": NaN,
              "kendall_tau_suite": NaN,
              "fold": 3,
              "n_val": 1,
              "median_bucket_accuracy_suite": NaN,
              "mean_eval_wall_saved_fraction": 0.84375
            },
            {
              "mae_all_targets": 23.75698054387002,
              "rmse_all_targets": 45.507479720334835,
              "mae_subtest_index_only": 25.336891682942507,
              "rmse_subtest_index_only": 47.345430950481926,
              "mae_suite_index": 4.798046875000182,
              "rmse_suite_index": 4.798046875000182,
              "spearman_suite": NaN,
              "kendall_tau_suite": NaN,
              "fold": 4,
              "n_val": 1,
              "median_bucket_accuracy_suite": NaN,
              "mean_eval_wall_saved_fraction": 0.8440137542982182
            }
          ],
          "time_savings": {
            "mean_fraction_wall_time_saved_vs_full_suite": 0.843908252578931,
            "description": "Eval subset; UnixBench ti.by_test_id parallel key 1 (single-copy)."
          },
          "n_oof": 5
        },
        {
          "suite_key": "unixbench",
          "xi_ablation": "no_dynamic_proc",
          "benchmark": "unixbench",
          "eval_partial_k": 3,
          "policy": "router",
          "oof_metrics": {
            "mae_all_targets": 25.055510441706677,
            "rmse_all_targets": 47.0197250504711,
            "mae_subtest_index_only": 26.64784383138015,
            "rmse_subtest_index_only": 48.89058606584087,
            "mae_suite_index": 5.947509765625,
            "rmse_suite_index": 7.5918508512728415,
            "spearman_suite": -0.49999999999999994,
            "kendall_tau_suite": -0.2,
            "median_bucket_accuracy_suite": 0.6
          },
          "per_fold_metrics": [
            {
              "mae_all_targets": 33.74100529597342,
              "rmse_all_targets": 64.58320386188551,
              "mae_subtest_index_only": 35.87772318522122,
              "rmse_subtest_index_only": 67.17964507297991,
              "mae_suite_index": 8.100390624999818,
              "rmse_suite_index": 8.100390624999818,
              "spearman_suite": NaN,
              "kendall_tau_suite": NaN,
              "fold": 0,
              "n_val": 1,
              "median_bucket_accuracy_suite": NaN,
              "mean_eval_wall_saved_fraction": 0.8440137542982182
            },
            {
              "mae_all_targets": 24.955901630108087,
              "rmse_all_targets": 46.88612885989472,
              "mae_subtest_index_only": 26.83530375162751,
              "rmse_subtest_index_only": 48.795699313548326,
              "mae_suite_index": 2.403076171875,
              "rmse_suite_index": 2.403076171875,
              "spearman_suite": NaN,
              "kendall_tau_suite": NaN,
              "fold": 1,
              "n_val": 1,
              "median_bucket_accuracy_suite": NaN,
              "mean_eval_wall_saved_fraction": 0.8440137542982182
            },
            {
              "mae_all_targets": 23.86979886568519,
              "rmse_all_targets": 36.48564715644225,
              "mae_subtest_index_only": 24.714934285481878,
              "rmse_subtest_index_only": 37.76811824901837,
              "mae_suite_index": 13.728173828124909,
              "rmse_suite_index": 13.728173828124909,
              "spearman_suite": NaN,
              "kendall_tau_suite": NaN,
              "fold": 2,
              "n_val": 1,
              "median_bucket_accuracy_suite": NaN,
              "mean_eval_wall_saved_fraction": 0.84375
            },
            {
              "mae_all_targets": 18.72378680889426,
              "rmse_all_targets": 34.00525732888239,
              "mae_subtest_index_only": 20.268530273437523,
              "rmse_subtest_index_only": 35.39375288501937,
              "mae_suite_index": 0.18686523437509095,
              "rmse_suite_index": 0.18686523437509095,
              "spearman_suite": NaN,
              "kendall_tau_suite": NaN,
              "fold": 3,
              "n_val": 1,
              "median_bucket_accuracy_suite": NaN,
              "mean_eval_wall_saved_fraction": 0.84375
            },
            {
              "mae_all_targets": 23.987059607872425,
              "rmse_all_targets": 46.87657671107256,
              "mae_subtest_index_only": 25.542727661132613,
              "rmse_subtest_index_only": 48.76652075265922,
              "mae_suite_index": 5.319042968750182,
              "rmse_suite_index": 5.319042968750182,
              "spearman_suite": NaN,
              "kendall_tau_suite": NaN,
              "fold": 4,
              "n_val": 1,
              "median_bucket_accuracy_suite": NaN,
              "mean_eval_wall_saved_fraction": 0.8440137542982182
            }
          ],
          "time_savings": {
            "mean_fraction_wall_time_saved_vs_full_suite": 0.843908252578931,
            "description": "Eval subset; UnixBench ti.by_test_id parallel key 1 (single-copy)."
          },
          "n_oof": 5
        },
        {
          "suite_key": "unixbench",
          "xi_ablation": "no_gpu",
          "benchmark": "unixbench",
          "eval_partial_k": 3,
          "policy": "router",
          "oof_metrics": {
            "mae_all_targets": 28.802054161658575,
            "rmse_all_targets": 56.26744426703171,
            "mae_subtest_index_only": 30.75935017903637,
            "rmse_subtest_index_only": 58.53661723276209,
            "mae_suite_index": 5.314501953125,
            "rmse_suite_index": 6.316803923422375,
            "spearman_suite": 0.3,
            "kendall_tau_suite": 0.2,
            "median_bucket_accuracy_suite": 0.6
          },
          "per_fold_metrics": [
            {
              "mae_all_targets": 35.83835637019217,
              "rmse_all_targets": 68.52276614238451,
              "mae_subtest_index_only": 38.204337565104034,
              "rmse_subtest_index_only": 71.28835321746861,
              "mae_suite_index": 7.446582031249818,
              "rmse_suite_index": 7.446582031249818,
              "spearman_suite": NaN,
              "kendall_tau_suite": NaN,
              "fold": 0,
              "n_val": 1,
              "median_bucket_accuracy_suite": NaN,
              "mean_eval_wall_saved_fraction": 0.8440137542982182
            },
            {
              "mae_all_targets": 30.15923414963942,
              "rmse_all_targets": 55.53610912505612,
              "mae_subtest_index_only": 32.32830607096354,
              "rmse_subtest_index_only": 57.7915164278603,
              "mae_suite_index": 4.13037109375,
              "rmse_suite_index": 4.13037109375,
              "spearman_suite": NaN,
              "kendall_tau_suite": NaN,
              "fold": 1,
              "n_val": 1,
              "median_bucket_accuracy_suite": NaN,
              "mean_eval_wall_saved_fraction": 0.8440137542982182
            },
            {
              "mae_all_targets": 29.186893404447112,
              "rmse_all_targets": 57.51928486129853,
              "mae_subtest_index_only": 30.769390869140626,
              "rmse_subtest_index_only": 59.795560347223315,
              "mae_suite_index": 10.196923828124909,
              "rmse_suite_index": 10.196923828124909,
              "spearman_suite": NaN,
              "kendall_tau_suite": NaN,
              "fold": 2,
              "n_val": 1,
              "median_bucket_accuracy_suite": NaN,
              "mean_eval_wall_saved_fraction": 0.84375
            },
            {
              "mae_all_targets": 25.06880634014415,
              "rmse_all_targets": 51.682672954401724,
              "mae_subtest_index_only": 27.157824707031153,
              "rmse_subtest_index_only": 53.79303152508703,
              "mae_suite_index": 0.0005859375000909495,
              "rmse_suite_index": 0.0005859375000909495,
              "spearman_suite": NaN,
              "kendall_tau_suite": NaN,
              "fold": 3,
              "n_val": 1,
              "median_bucket_accuracy_suite": NaN,
              "mean_eval_wall_saved_fraction": 0.84375
            },
            {
              "mae_all_targets": 23.75698054387002,
              "rmse_all_targets": 45.507479720334835,
              "mae_subtest_index_only": 25.336891682942507,
              "rmse_subtest_index_only": 47.345430950481926,
              "mae_suite_index": 4.798046875000182,
              "rmse_suite_index": 4.798046875000182,
              "spearman_suite": NaN,
              "kendall_tau_suite": NaN,
              "fold": 4,
              "n_val": 1,
              "median_bucket_accuracy_suite": NaN,
              "mean_eval_wall_saved_fraction": 0.8440137542982182
            }
          ],
          "time_savings": {
            "mean_fraction_wall_time_saved_vs_full_suite": 0.843908252578931,
            "description": "Eval subset; UnixBench ti.by_test_id parallel key 1 (single-copy)."
          },
          "n_oof": 5
        }
      ]
    }
  ]
}
+ /home/cxc/dev/miniconda3/bin/python3 /home/cxc/MoEBench/scripts/paper_reconstruct_cv_extras.py --dataset-root /home/cxc/MoEBench/dataset --suites unixbench --cv-mode leave_one_session_out --seed 42 --model-type xgboost --log1p-partial-index --train-aug 10 --train-k-max 6 --xi-ablations full,static_hw_only,no_perf_pmu,no_dynamic_proc,no_gpu --report-json /home/cxc/MoEBench/dataset/paper_supplementary/xi_ablation_unixbench_iZbp1glgt48i9a8d49embxZ.json --auto-install --glob-unixbench iZbp1glgt48i9a8d49embxZ_[0-9][0-9][0-9][0-9][0-9][0-9][0-9][0-9]T[0-9][0-9][0-9][0-9][0-9][0-9]Z/run-*.json --router-model-unixbench /home/cxc/MoEBench/dataset/experiments/router_recon_grid_unixbench_iZbp1glgt48i9a8d49embxZ_20260524T171804Z/trained_models/router_lgbm.pkl --eval-partial-k 3 --policies router
[unixbench] leave_one_session_out needs >= 2 session dirs; got 1. Falling back to random_fold.
/home/cxc/dev/miniconda3/lib/python3.13/site-packages/sklearn/utils/validation.py:2691: UserWarning: X does not have valid feature names, but LGBMRanker was fitted with feature names
  warnings.warn(
Requirement already satisfied: xgboost in /home/cxc/dev/miniconda3/lib/python3.13/site-packages (3.2.0)
Requirement already satisfied: numpy in /home/cxc/dev/miniconda3/lib/python3.13/site-packages (from xgboost) (2.4.4)
Requirement already satisfied: scipy in /home/cxc/dev/miniconda3/lib/python3.13/site-packages (from xgboost) (1.17.1)
/home/cxc/dev/miniconda3/lib/python3.13/site-packages/sklearn/utils/validation.py:2691: UserWarning: X does not have valid feature names, but LGBMRanker was fitted with feature names
  warnings.warn(
Requirement already satisfied: xgboost in /home/cxc/dev/miniconda3/lib/python3.13/site-packages (3.2.0)
Requirement already satisfied: numpy in /home/cxc/dev/miniconda3/lib/python3.13/site-packages (from xgboost) (2.4.4)
Requirement already satisfied: scipy in /home/cxc/dev/miniconda3/lib/python3.13/site-packages (from xgboost) (1.17.1)
/home/cxc/dev/miniconda3/lib/python3.13/site-packages/sklearn/utils/validation.py:2691: UserWarning: X does not have valid feature names, but LGBMRanker was fitted with feature names
  warnings.warn(
Requirement already satisfied: xgboost in /home/cxc/dev/miniconda3/lib/python3.13/site-packages (3.2.0)
Requirement already satisfied: numpy in /home/cxc/dev/miniconda3/lib/python3.13/site-packages (from xgboost) (2.4.4)
Requirement already satisfied: scipy in /home/cxc/dev/miniconda3/lib/python3.13/site-packages (from xgboost) (1.17.1)
/home/cxc/dev/miniconda3/lib/python3.13/site-packages/sklearn/utils/validation.py:2691: UserWarning: X does not have valid feature names, but LGBMRanker was fitted with feature names
  warnings.warn(
Requirement already satisfied: xgboost in /home/cxc/dev/miniconda3/lib/python3.13/site-packages (3.2.0)
Requirement already satisfied: numpy in /home/cxc/dev/miniconda3/lib/python3.13/site-packages (from xgboost) (2.4.4)
Requirement already satisfied: scipy in /home/cxc/dev/miniconda3/lib/python3.13/site-packages (from xgboost) (1.17.1)
/home/cxc/dev/miniconda3/lib/python3.13/site-packages/sklearn/utils/validation.py:2691: UserWarning: X does not have valid feature names, but LGBMRanker was fitted with feature names
  warnings.warn(
Requirement already satisfied: xgboost in /home/cxc/dev/miniconda3/lib/python3.13/site-packages (3.2.0)
Requirement already satisfied: numpy in /home/cxc/dev/miniconda3/lib/python3.13/site-packages (from xgboost) (2.4.4)
Requirement already satisfied: scipy in /home/cxc/dev/miniconda3/lib/python3.13/site-packages (from xgboost) (1.17.1)
/home/cxc/dev/miniconda3/lib/python3.13/site-packages/sklearn/utils/validation.py:2691: UserWarning: X does not have valid feature names, but LGBMRanker was fitted with feature names
  warnings.warn(
Requirement already satisfied: xgboost in /home/cxc/dev/miniconda3/lib/python3.13/site-packages (3.2.0)
Requirement already satisfied: numpy in /home/cxc/dev/miniconda3/lib/python3.13/site-packages (from xgboost) (2.4.4)
Requirement already satisfied: scipy in /home/cxc/dev/miniconda3/lib/python3.13/site-packages (from xgboost) (1.17.1)
/home/cxc/dev/miniconda3/lib/python3.13/site-packages/sklearn/utils/validation.py:2691: UserWarning: X does not have valid feature names, but LGBMRanker was fitted with feature names
  warnings.warn(
Requirement already satisfied: xgboost in /home/cxc/dev/miniconda3/lib/python3.13/site-packages (3.2.0)
Requirement already satisfied: numpy in /home/cxc/dev/miniconda3/lib/python3.13/site-packages (from xgboost) (2.4.4)
Requirement already satisfied: scipy in /home/cxc/dev/miniconda3/lib/python3.13/site-packages (from xgboost) (1.17.1)
/home/cxc/dev/miniconda3/lib/python3.13/site-packages/sklearn/utils/validation.py:2691: UserWarning: X does not have valid feature names, but LGBMRanker was fitted with feature names
  warnings.warn(
Requirement already satisfied: xgboost in /home/cxc/dev/miniconda3/lib/python3.13/site-packages (3.2.0)
Requirement already satisfied: numpy in /home/cxc/dev/miniconda3/lib/python3.13/site-packages (from xgboost) (2.4.4)
Requirement already satisfied: scipy in /home/cxc/dev/miniconda3/lib/python3.13/site-packages (from xgboost) (1.17.1)
/home/cxc/dev/miniconda3/lib/python3.13/site-packages/sklearn/utils/validation.py:2691: UserWarning: X does not have valid feature names, but LGBMRanker was fitted with feature names
  warnings.warn(
Requirement already satisfied: xgboost in /home/cxc/dev/miniconda3/lib/python3.13/site-packages (3.2.0)
Requirement already satisfied: numpy in /home/cxc/dev/miniconda3/lib/python3.13/site-packages (from xgboost) (2.4.4)
Requirement already satisfied: scipy in /home/cxc/dev/miniconda3/lib/python3.13/site-packages (from xgboost) (1.17.1)
/home/cxc/dev/miniconda3/lib/python3.13/site-packages/sklearn/utils/validation.py:2691: UserWarning: X does not have valid feature names, but LGBMRanker was fitted with feature names
  warnings.warn(
Requirement already satisfied: xgboost in /home/cxc/dev/miniconda3/lib/python3.13/site-packages (3.2.0)
Requirement already satisfied: numpy in /home/cxc/dev/miniconda3/lib/python3.13/site-packages (from xgboost) (2.4.4)
Requirement already satisfied: scipy in /home/cxc/dev/miniconda3/lib/python3.13/site-packages (from xgboost) (1.17.1)
/home/cxc/dev/miniconda3/lib/python3.13/site-packages/sklearn/utils/validation.py:2691: UserWarning: X does not have valid feature names, but LGBMRanker was fitted with feature names
  warnings.warn(
Requirement already satisfied: xgboost in /home/cxc/dev/miniconda3/lib/python3.13/site-packages (3.2.0)
Requirement already satisfied: numpy in /home/cxc/dev/miniconda3/lib/python3.13/site-packages (from xgboost) (2.4.4)
Requirement already satisfied: scipy in /home/cxc/dev/miniconda3/lib/python3.13/site-packages (from xgboost) (1.17.1)
/home/cxc/dev/miniconda3/lib/python3.13/site-packages/sklearn/utils/validation.py:2691: UserWarning: X does not have valid feature names, but LGBMRanker was fitted with feature names
  warnings.warn(
Requirement already satisfied: xgboost in /home/cxc/dev/miniconda3/lib/python3.13/site-packages (3.2.0)
Requirement already satisfied: numpy in /home/cxc/dev/miniconda3/lib/python3.13/site-packages (from xgboost) (2.4.4)
Requirement already satisfied: scipy in /home/cxc/dev/miniconda3/lib/python3.13/site-packages (from xgboost) (1.17.1)
/home/cxc/dev/miniconda3/lib/python3.13/site-packages/sklearn/utils/validation.py:2691: UserWarning: X does not have valid feature names, but LGBMRanker was fitted with feature names
  warnings.warn(
Requirement already satisfied: xgboost in /home/cxc/dev/miniconda3/lib/python3.13/site-packages (3.2.0)
Requirement already satisfied: numpy in /home/cxc/dev/miniconda3/lib/python3.13/site-packages (from xgboost) (2.4.4)
Requirement already satisfied: scipy in /home/cxc/dev/miniconda3/lib/python3.13/site-packages (from xgboost) (1.17.1)
/home/cxc/dev/miniconda3/lib/python3.13/site-packages/sklearn/utils/validation.py:2691: UserWarning: X does not have valid feature names, but LGBMRanker was fitted with feature names
  warnings.warn(
Requirement already satisfied: xgboost in /home/cxc/dev/miniconda3/lib/python3.13/site-packages (3.2.0)
Requirement already satisfied: numpy in /home/cxc/dev/miniconda3/lib/python3.13/site-packages (from xgboost) (2.4.4)
Requirement already satisfied: scipy in /home/cxc/dev/miniconda3/lib/python3.13/site-packages (from xgboost) (1.17.1)
/home/cxc/dev/miniconda3/lib/python3.13/site-packages/sklearn/utils/validation.py:2691: UserWarning: X does not have valid feature names, but LGBMRanker was fitted with feature names
  warnings.warn(
Requirement already satisfied: xgboost in /home/cxc/dev/miniconda3/lib/python3.13/site-packages (3.2.0)
Requirement already satisfied: numpy in /home/cxc/dev/miniconda3/lib/python3.13/site-packages (from xgboost) (2.4.4)
Requirement already satisfied: scipy in /home/cxc/dev/miniconda3/lib/python3.13/site-packages (from xgboost) (1.17.1)
/home/cxc/dev/miniconda3/lib/python3.13/site-packages/sklearn/utils/validation.py:2691: UserWarning: X does not have valid feature names, but LGBMRanker was fitted with feature names
  warnings.warn(
Requirement already satisfied: xgboost in /home/cxc/dev/miniconda3/lib/python3.13/site-packages (3.2.0)
Requirement already satisfied: numpy in /home/cxc/dev/miniconda3/lib/python3.13/site-packages (from xgboost) (2.4.4)
Requirement already satisfied: scipy in /home/cxc/dev/miniconda3/lib/python3.13/site-packages (from xgboost) (1.17.1)
/home/cxc/dev/miniconda3/lib/python3.13/site-packages/sklearn/utils/validation.py:2691: UserWarning: X does not have valid feature names, but LGBMRanker was fitted with feature names
  warnings.warn(
Requirement already satisfied: xgboost in /home/cxc/dev/miniconda3/lib/python3.13/site-packages (3.2.0)
Requirement already satisfied: numpy in /home/cxc/dev/miniconda3/lib/python3.13/site-packages (from xgboost) (2.4.4)
Requirement already satisfied: scipy in /home/cxc/dev/miniconda3/lib/python3.13/site-packages (from xgboost) (1.17.1)
/home/cxc/dev/miniconda3/lib/python3.13/site-packages/sklearn/utils/validation.py:2691: UserWarning: X does not have valid feature names, but LGBMRanker was fitted with feature names
  warnings.warn(
Requirement already satisfied: xgboost in /home/cxc/dev/miniconda3/lib/python3.13/site-packages (3.2.0)
Requirement already satisfied: numpy in /home/cxc/dev/miniconda3/lib/python3.13/site-packages (from xgboost) (2.4.4)
Requirement already satisfied: scipy in /home/cxc/dev/miniconda3/lib/python3.13/site-packages (from xgboost) (1.17.1)
/home/cxc/dev/miniconda3/lib/python3.13/site-packages/sklearn/utils/validation.py:2691: UserWarning: X does not have valid feature names, but LGBMRanker was fitted with feature names
  warnings.warn(
Requirement already satisfied: xgboost in /home/cxc/dev/miniconda3/lib/python3.13/site-packages (3.2.0)
Requirement already satisfied: numpy in /home/cxc/dev/miniconda3/lib/python3.13/site-packages (from xgboost) (2.4.4)
Requirement already satisfied: scipy in /home/cxc/dev/miniconda3/lib/python3.13/site-packages (from xgboost) (1.17.1)
/home/cxc/dev/miniconda3/lib/python3.13/site-packages/sklearn/utils/validation.py:2691: UserWarning: X does not have valid feature names, but LGBMRanker was fitted with feature names
  warnings.warn(
Requirement already satisfied: xgboost in /home/cxc/dev/miniconda3/lib/python3.13/site-packages (3.2.0)
Requirement already satisfied: numpy in /home/cxc/dev/miniconda3/lib/python3.13/site-packages (from xgboost) (2.4.4)
Requirement already satisfied: scipy in /home/cxc/dev/miniconda3/lib/python3.13/site-packages (from xgboost) (1.17.1)
/home/cxc/dev/miniconda3/lib/python3.13/site-packages/sklearn/utils/validation.py:2691: UserWarning: X does not have valid feature names, but LGBMRanker was fitted with feature names
  warnings.warn(
Requirement already satisfied: xgboost in /home/cxc/dev/miniconda3/lib/python3.13/site-packages (3.2.0)
Requirement already satisfied: numpy in /home/cxc/dev/miniconda3/lib/python3.13/site-packages (from xgboost) (2.4.4)
Requirement already satisfied: scipy in /home/cxc/dev/miniconda3/lib/python3.13/site-packages (from xgboost) (1.17.1)
/home/cxc/dev/miniconda3/lib/python3.13/site-packages/sklearn/utils/validation.py:2691: UserWarning: X does not have valid feature names, but LGBMRanker was fitted with feature names
  warnings.warn(
Requirement already satisfied: xgboost in /home/cxc/dev/miniconda3/lib/python3.13/site-packages (3.2.0)
Requirement already satisfied: numpy in /home/cxc/dev/miniconda3/lib/python3.13/site-packages (from xgboost) (2.4.4)
Requirement already satisfied: scipy in /home/cxc/dev/miniconda3/lib/python3.13/site-packages (from xgboost) (1.17.1)
/home/cxc/dev/miniconda3/lib/python3.13/site-packages/sklearn/utils/validation.py:2691: UserWarning: X does not have valid feature names, but LGBMRanker was fitted with feature names
  warnings.warn(
Requirement already satisfied: xgboost in /home/cxc/dev/miniconda3/lib/python3.13/site-packages (3.2.0)
Requirement already satisfied: numpy in /home/cxc/dev/miniconda3/lib/python3.13/site-packages (from xgboost) (2.4.4)
Requirement already satisfied: scipy in /home/cxc/dev/miniconda3/lib/python3.13/site-packages (from xgboost) (1.17.1)
/home/cxc/dev/miniconda3/lib/python3.13/site-packages/sklearn/utils/validation.py:2691: UserWarning: X does not have valid feature names, but LGBMRanker was fitted with feature names
  warnings.warn(
Requirement already satisfied: xgboost in /home/cxc/dev/miniconda3/lib/python3.13/site-packages (3.2.0)
Requirement already satisfied: numpy in /home/cxc/dev/miniconda3/lib/python3.13/site-packages (from xgboost) (2.4.4)
Requirement already satisfied: scipy in /home/cxc/dev/miniconda3/lib/python3.13/site-packages (from xgboost) (1.17.1)
/home/cxc/dev/miniconda3/lib/python3.13/site-packages/sklearn/utils/validation.py:2691: UserWarning: X does not have valid feature names, but LGBMRanker was fitted with feature names
  warnings.warn(
Requirement already satisfied: xgboost in /home/cxc/dev/miniconda3/lib/python3.13/site-packages (3.2.0)
Requirement already satisfied: numpy in /home/cxc/dev/miniconda3/lib/python3.13/site-packages (from xgboost) (2.4.4)
Requirement already satisfied: scipy in /home/cxc/dev/miniconda3/lib/python3.13/site-packages (from xgboost) (1.17.1)
{
  "schema": "moebench.paper_reconstruct_cv_extras.v2",
  "dataset_root": "/home/cxc/MoEBench/dataset",
  "suites_requested": [
    "unixbench"
  ],
  "eval_partial_k_list": [
    3
  ],
  "train_k_range_requested": [
    2,
    6
  ],
  "pts_suite_target": "logmean",
  "model_type": "xgboost",
  "policies": [
    "router"
  ],
  "xi_ablations": [
    "full",
    "static_hw_only",
    "no_perf_pmu",
    "no_dynamic_proc",
    "no_gpu"
  ],
  "suite_results": [
    {
      "suite_key": "unixbench",
      "pts_suite_filter": null,
      "glob_pattern": "iZbp1glgt48i9a8d49embxZ_[0-9][0-9][0-9][0-9][0-9][0-9][0-9][0-9]T[0-9][0-9][0-9][0-9][0-9][0-9]Z/run-*.json",
      "cv_mode_effective": "random_fold",
      "folds_effective": 5,
      "sessions": [
        "iZbp1glgt48i9a8d49embxZ_20260524T141144Z"
      ],
      "n_samples": 5,
      "num_profiles_or_subtests": 12,
      "profile_ids_head": [
        "dhry2reg",
        "whetstone-double",
        "execl",
        "fstime",
        "fsbuffer",
        "fsdisk",
        "pipe",
        "context1"
      ],
      "combinations": [
        {
          "suite_key": "unixbench",
          "xi_ablation": "full",
          "benchmark": "unixbench",
          "eval_partial_k": 3,
          "policy": "router",
          "oof_metrics": {
            "mae_all_targets": 10.853978177584146,
            "rmse_all_targets": 19.95480476521203,
            "mae_subtest_index_only": 11.356244913736994,
            "rmse_subtest_index_only": 20.71692670818236,
            "mae_suite_index": 4.826777343749972,
            "rmse_suite_index": 5.121758003271773,
            "spearman_suite": -0.7999999999999999,
            "kendall_tau_suite": -0.6,
            "median_bucket_accuracy_suite": 0.0
          },
          "per_fold_metrics": [
            {
              "mae_all_targets": 11.562022986778874,
              "rmse_all_targets": 19.13112823994823,
              "mae_subtest_index_only": 12.248581949869825,
              "rmse_subtest_index_only": 19.889185619091855,
              "mae_suite_index": 3.3233154296874545,
              "rmse_suite_index": 3.3233154296874545,
              "spearman_suite": NaN,
              "kendall_tau_suite": NaN,
              "fold": 0,
              "n_val": 1,
              "median_bucket_accuracy_suite": NaN,
              "mean_eval_wall_saved_fraction": 0.84375
            },
            {
              "mae_all_targets": 9.675915527343722,
              "rmse_all_targets": 15.464034672037311,
              "mae_subtest_index_only": 10.057516479492165,
              "rmse_subtest_index_only": 16.028090954359772,
              "mae_suite_index": 5.096704101562409,
              "rmse_suite_index": 5.096704101562409,
              "spearman_suite": NaN,
              "kendall_tau_suite": NaN,
              "fold": 1,
              "n_val": 1,
              "median_bucket_accuracy_suite": NaN,
              "mean_eval_wall_saved_fraction": 0.8432229856339788
            },
            {
              "mae_all_targets": 10.218916203425465,
              "rmse_all_targets": 18.173843648169168,
              "mae_subtest_index_only": 10.680235799153621,
              "rmse_subtest_index_only": 18.86756577692812,
              "mae_suite_index": 4.683081054687591,
              "rmse_suite_index": 4.683081054687591,
              "spearman_suite": NaN,
              "kendall_tau_suite": NaN,
              "fold": 2,
              "n_val": 1,
              "median_bucket_accuracy_suite": NaN,
              "mean_eval_wall_saved_fraction": 0.8448060075093867
            },
            {
              "mae_all_targets": 6.753807654747631,
              "rmse_all_targets": 9.447089715766435,
              "mae_subtest_index_only": 7.055709838867226,
              "rmse_subtest_index_only": 9.791214209942368,
              "mae_suite_index": 3.1309814453125,
              "rmse_suite_index": 3.1309814453125,
              "spearman_suite": NaN,
              "kendall_tau_suite": NaN,
              "fold": 3,
              "n_val": 1,
              "median_bucket_accuracy_suite": NaN,
              "mean_eval_wall_saved_fraction": 0.8440137542982182
            },
            {
              "mae_all_targets": 16.05922851562504,
              "rmse_all_targets": 31.085344343781824,
              "mae_subtest_index_only": 16.739180501302133,
              "rmse_subtest_index_only": 32.27418384525614,
              "mae_suite_index": 7.899804687499909,
              "rmse_suite_index": 7.899804687499909,
              "spearman_suite": NaN,
              "kendall_tau_suite": NaN,
              "fold": 4,
              "n_val": 1,
              "median_bucket_accuracy_suite": NaN,
              "mean_eval_wall_saved_fraction": 0.8451188986232792
            }
          ],
          "time_savings": {
            "mean_fraction_wall_time_saved_vs_full_suite": 0.8441823292129726,
            "description": "Eval subset; UnixBench ti.by_test_id parallel key 1 (single-copy)."
          },
          "n_oof": 5
        },
        {
          "suite_key": "unixbench",
          "xi_ablation": "static_hw_only",
          "benchmark": "unixbench",
          "eval_partial_k": 3,
          "policy": "router",
          "oof_metrics": {
            "mae_all_targets": 10.0364443734976,
            "rmse_all_targets": 18.477117214679247,
            "mae_subtest_index_only": 10.533644816080736,
            "rmse_subtest_index_only": 19.18803657755371,
            "mae_suite_index": 4.070039062499973,
            "rmse_suite_index": 4.481206860487565,
            "spearman_suite": -0.8999999999999998,
            "kendall_tau_suite": -0.8,
            "median_bucket_accuracy_suite": 0.4
          },
          "per_fold_metrics": [
            {
              "mae_all_targets": 11.611596679687514,
              "rmse_all_targets": 21.674793423492723,
              "mae_subtest_index_only": 12.245503743489602,
              "rmse_subtest_index_only": 22.53020008760362,
              "mae_suite_index": 4.0047119140624545,
              "rmse_suite_index": 4.0047119140624545,
              "spearman_suite": NaN,
              "kendall_tau_suite": NaN,
              "fold": 0,
              "n_val": 1,
              "median_bucket_accuracy_suite": NaN,
              "mean_eval_wall_saved_fraction": 0.84375
            },
            {
              "mae_all_targets": 8.834779710036033,
              "rmse_all_targets": 15.643067115653281,
              "mae_subtest_index_only": 9.214736938476543,
              "rmse_subtest_index_only": 16.234977682548532,
              "mae_suite_index": 4.275292968749909,
              "rmse_suite_index": 4.275292968749909,
              "spearman_suite": NaN,
              "kendall_tau_suite": NaN,
              "fold": 1,
              "n_val": 1,
              "median_bucket_accuracy_suite": NaN,
              "mean_eval_wall_saved_fraction": 0.8432229856339788
            },
            {
              "mae_all_targets": 7.910085824819737,
              "rmse_all_targets": 11.535839830708081,
              "mae_subtest_index_only": 8.419532267252626,
              "rmse_subtest_index_only": 11.99567482622349,
              "mae_suite_index": 1.796728515625091,
              "rmse_suite_index": 1.796728515625091,
              "spearman_suite": NaN,
              "kendall_tau_suite": NaN,
              "fold": 2,
              "n_val": 1,
              "median_bucket_accuracy_suite": NaN,
              "mean_eval_wall_saved_fraction": 0.8448060075093867
            },
            {
              "mae_all_targets": 7.1384005033052675,
              "rmse_all_targets": 11.441131976253162,
              "mae_subtest_index_only": 7.492381795247373,
              "rmse_subtest_index_only": 11.879035450405645,
              "mae_suite_index": 2.890625,
              "rmse_suite_index": 2.890625,
              "spearman_suite": NaN,
              "kendall_tau_suite": NaN,
              "fold": 3,
              "n_val": 1,
              "median_bucket_accuracy_suite": NaN,
              "mean_eval_wall_saved_fraction": 0.8440137542982182
            },
            {
              "mae_all_targets": 14.68735914963945,
              "rmse_all_targets": 26.99151686347529,
              "mae_subtest_index_only": 15.296069335937537,
              "rmse_subtest_index_only": 28.012704696242857,
              "mae_suite_index": 7.382836914062409,
              "rmse_suite_index": 7.382836914062409,
              "spearman_suite": NaN,
              "kendall_tau_suite": NaN,
              "fold": 4,
              "n_val": 1,
              "median_bucket_accuracy_suite": NaN,
              "mean_eval_wall_saved_fraction": 0.8451188986232792
            }
          ],
          "time_savings": {
            "mean_fraction_wall_time_saved_vs_full_suite": 0.8441823292129726,
            "description": "Eval subset; UnixBench ti.by_test_id parallel key 1 (single-copy)."
          },
          "n_oof": 5
        },
        {
          "suite_key": "unixbench",
          "xi_ablation": "no_perf_pmu",
          "benchmark": "unixbench",
          "eval_partial_k": 3,
          "policy": "router",
          "oof_metrics": {
            "mae_all_targets": 10.853978177584146,
            "rmse_all_targets": 19.95480476521203,
            "mae_subtest_index_only": 11.356244913736994,
            "rmse_subtest_index_only": 20.71692670818236,
            "mae_suite_index": 4.826777343749972,
            "rmse_suite_index": 5.121758003271773,
            "spearman_suite": -0.7999999999999999,
            "kendall_tau_suite": -0.6,
            "median_bucket_accuracy_suite": 0.0
          },
          "per_fold_metrics": [
            {
              "mae_all_targets": 11.562022986778874,
              "rmse_all_targets": 19.13112823994823,
              "mae_subtest_index_only": 12.248581949869825,
              "rmse_subtest_index_only": 19.889185619091855,
              "mae_suite_index": 3.3233154296874545,
              "rmse_suite_index": 3.3233154296874545,
              "spearman_suite": NaN,
              "kendall_tau_suite": NaN,
              "fold": 0,
              "n_val": 1,
              "median_bucket_accuracy_suite": NaN,
              "mean_eval_wall_saved_fraction": 0.84375
            },
            {
              "mae_all_targets": 9.675915527343722,
              "rmse_all_targets": 15.464034672037311,
              "mae_subtest_index_only": 10.057516479492165,
              "rmse_subtest_index_only": 16.028090954359772,
              "mae_suite_index": 5.096704101562409,
              "rmse_suite_index": 5.096704101562409,
              "spearman_suite": NaN,
              "kendall_tau_suite": NaN,
              "fold": 1,
              "n_val": 1,
              "median_bucket_accuracy_suite": NaN,
              "mean_eval_wall_saved_fraction": 0.8432229856339788
            },
            {
              "mae_all_targets": 10.218916203425465,
              "rmse_all_targets": 18.173843648169168,
              "mae_subtest_index_only": 10.680235799153621,
              "rmse_subtest_index_only": 18.86756577692812,
              "mae_suite_index": 4.683081054687591,
              "rmse_suite_index": 4.683081054687591,
              "spearman_suite": NaN,
              "kendall_tau_suite": NaN,
              "fold": 2,
              "n_val": 1,
              "median_bucket_accuracy_suite": NaN,
              "mean_eval_wall_saved_fraction": 0.8448060075093867
            },
            {
              "mae_all_targets": 6.753807654747631,
              "rmse_all_targets": 9.447089715766435,
              "mae_subtest_index_only": 7.055709838867226,
              "rmse_subtest_index_only": 9.791214209942368,
              "mae_suite_index": 3.1309814453125,
              "rmse_suite_index": 3.1309814453125,
              "spearman_suite": NaN,
              "kendall_tau_suite": NaN,
              "fold": 3,
              "n_val": 1,
              "median_bucket_accuracy_suite": NaN,
              "mean_eval_wall_saved_fraction": 0.8440137542982182
            },
            {
              "mae_all_targets": 16.05922851562504,
              "rmse_all_targets": 31.085344343781824,
              "mae_subtest_index_only": 16.739180501302133,
              "rmse_subtest_index_only": 32.27418384525614,
              "mae_suite_index": 7.899804687499909,
              "rmse_suite_index": 7.899804687499909,
              "spearman_suite": NaN,
              "kendall_tau_suite": NaN,
              "fold": 4,
              "n_val": 1,
              "median_bucket_accuracy_suite": NaN,
              "mean_eval_wall_saved_fraction": 0.8451188986232792
            }
          ],
          "time_savings": {
            "mean_fraction_wall_time_saved_vs_full_suite": 0.8441823292129726,
            "description": "Eval subset; UnixBench ti.by_test_id parallel key 1 (single-copy)."
          },
          "n_oof": 5
        },
        {
          "suite_key": "unixbench",
          "xi_ablation": "no_dynamic_proc",
          "benchmark": "unixbench",
          "eval_partial_k": 3,
          "policy": "router",
          "oof_metrics": {
            "mae_all_targets": 10.0364443734976,
            "rmse_all_targets": 18.477117214679247,
            "mae_subtest_index_only": 10.533644816080736,
            "rmse_subtest_index_only": 19.18803657755371,
            "mae_suite_index": 4.070039062499973,
            "rmse_suite_index": 4.481206860487565,
            "spearman_suite": -0.8999999999999998,
            "kendall_tau_suite": -0.8,
            "median_bucket_accuracy_suite": 0.4
          },
          "per_fold_metrics": [
            {
              "mae_all_targets": 11.611596679687514,
              "rmse_all_targets": 21.674793423492723,
              "mae_subtest_index_only": 12.245503743489602,
              "rmse_subtest_index_only": 22.53020008760362,
              "mae_suite_index": 4.0047119140624545,
              "rmse_suite_index": 4.0047119140624545,
              "spearman_suite": NaN,
              "kendall_tau_suite": NaN,
              "fold": 0,
              "n_val": 1,
              "median_bucket_accuracy_suite": NaN,
              "mean_eval_wall_saved_fraction": 0.84375
            },
            {
              "mae_all_targets": 8.834779710036033,
              "rmse_all_targets": 15.643067115653281,
              "mae_subtest_index_only": 9.214736938476543,
              "rmse_subtest_index_only": 16.234977682548532,
              "mae_suite_index": 4.275292968749909,
              "rmse_suite_index": 4.275292968749909,
              "spearman_suite": NaN,
              "kendall_tau_suite": NaN,
              "fold": 1,
              "n_val": 1,
              "median_bucket_accuracy_suite": NaN,
              "mean_eval_wall_saved_fraction": 0.8432229856339788
            },
            {
              "mae_all_targets": 7.910085824819737,
              "rmse_all_targets": 11.535839830708081,
              "mae_subtest_index_only": 8.419532267252626,
              "rmse_subtest_index_only": 11.99567482622349,
              "mae_suite_index": 1.796728515625091,
              "rmse_suite_index": 1.796728515625091,
              "spearman_suite": NaN,
              "kendall_tau_suite": NaN,
              "fold": 2,
              "n_val": 1,
              "median_bucket_accuracy_suite": NaN,
              "mean_eval_wall_saved_fraction": 0.8448060075093867
            },
            {
              "mae_all_targets": 7.1384005033052675,
              "rmse_all_targets": 11.441131976253162,
              "mae_subtest_index_only": 7.492381795247373,
              "rmse_subtest_index_only": 11.879035450405645,
              "mae_suite_index": 2.890625,
              "rmse_suite_index": 2.890625,
              "spearman_suite": NaN,
              "kendall_tau_suite": NaN,
              "fold": 3,
              "n_val": 1,
              "median_bucket_accuracy_suite": NaN,
              "mean_eval_wall_saved_fraction": 0.8440137542982182
            },
            {
              "mae_all_targets": 14.68735914963945,
              "rmse_all_targets": 26.99151686347529,
              "mae_subtest_index_only": 15.296069335937537,
              "rmse_subtest_index_only": 28.012704696242857,
              "mae_suite_index": 7.382836914062409,
              "rmse_suite_index": 7.382836914062409,
              "spearman_suite": NaN,
              "kendall_tau_suite": NaN,
              "fold": 4,
              "n_val": 1,
              "median_bucket_accuracy_suite": NaN,
              "mean_eval_wall_saved_fraction": 0.8451188986232792
            }
          ],
          "time_savings": {
            "mean_fraction_wall_time_saved_vs_full_suite": 0.8441823292129726,
            "description": "Eval subset; UnixBench ti.by_test_id parallel key 1 (single-copy)."
          },
          "n_oof": 5
        },
        {
          "suite_key": "unixbench",
          "xi_ablation": "no_gpu",
          "benchmark": "unixbench",
          "eval_partial_k": 3,
          "policy": "router",
          "oof_metrics": {
            "mae_all_targets": 10.853978177584146,
            "rmse_all_targets": 19.95480476521203,
            "mae_subtest_index_only": 11.356244913736994,
            "rmse_subtest_index_only": 20.71692670818236,
            "mae_suite_index": 4.826777343749972,
            "rmse_suite_index": 5.121758003271773,
            "spearman_suite": -0.7999999999999999,
            "kendall_tau_suite": -0.6,
            "median_bucket_accuracy_suite": 0.0
          },
          "per_fold_metrics": [
            {
              "mae_all_targets": 11.562022986778874,
              "rmse_all_targets": 19.13112823994823,
              "mae_subtest_index_only": 12.248581949869825,
              "rmse_subtest_index_only": 19.889185619091855,
              "mae_suite_index": 3.3233154296874545,
              "rmse_suite_index": 3.3233154296874545,
              "spearman_suite": NaN,
              "kendall_tau_suite": NaN,
              "fold": 0,
              "n_val": 1,
              "median_bucket_accuracy_suite": NaN,
              "mean_eval_wall_saved_fraction": 0.84375
            },
            {
              "mae_all_targets": 9.675915527343722,
              "rmse_all_targets": 15.464034672037311,
              "mae_subtest_index_only": 10.057516479492165,
              "rmse_subtest_index_only": 16.028090954359772,
              "mae_suite_index": 5.096704101562409,
              "rmse_suite_index": 5.096704101562409,
              "spearman_suite": NaN,
              "kendall_tau_suite": NaN,
              "fold": 1,
              "n_val": 1,
              "median_bucket_accuracy_suite": NaN,
              "mean_eval_wall_saved_fraction": 0.8432229856339788
            },
            {
              "mae_all_targets": 10.218916203425465,
              "rmse_all_targets": 18.173843648169168,
              "mae_subtest_index_only": 10.680235799153621,
              "rmse_subtest_index_only": 18.86756577692812,
              "mae_suite_index": 4.683081054687591,
              "rmse_suite_index": 4.683081054687591,
              "spearman_suite": NaN,
              "kendall_tau_suite": NaN,
              "fold": 2,
              "n_val": 1,
              "median_bucket_accuracy_suite": NaN,
              "mean_eval_wall_saved_fraction": 0.8448060075093867
            },
            {
              "mae_all_targets": 6.753807654747631,
              "rmse_all_targets": 9.447089715766435,
              "mae_subtest_index_only": 7.055709838867226,
              "rmse_subtest_index_only": 9.791214209942368,
              "mae_suite_index": 3.1309814453125,
              "rmse_suite_index": 3.1309814453125,
              "spearman_suite": NaN,
              "kendall_tau_suite": NaN,
              "fold": 3,
              "n_val": 1,
              "median_bucket_accuracy_suite": NaN,
              "mean_eval_wall_saved_fraction": 0.8440137542982182
            },
            {
              "mae_all_targets": 16.05922851562504,
              "rmse_all_targets": 31.085344343781824,
              "mae_subtest_index_only": 16.739180501302133,
              "rmse_subtest_index_only": 32.27418384525614,
              "mae_suite_index": 7.899804687499909,
              "rmse_suite_index": 7.899804687499909,
              "spearman_suite": NaN,
              "kendall_tau_suite": NaN,
              "fold": 4,
              "n_val": 1,
              "median_bucket_accuracy_suite": NaN,
              "mean_eval_wall_saved_fraction": 0.8451188986232792
            }
          ],
          "time_savings": {
            "mean_fraction_wall_time_saved_vs_full_suite": 0.8441823292129726,
            "description": "Eval subset; UnixBench ti.by_test_id parallel key 1 (single-copy)."
          },
          "n_oof": 5
        }
      ]
    }
  ]
}
+ /home/cxc/dev/miniconda3/bin/python3 /home/cxc/MoEBench/scripts/paper_reconstruct_cv_extras.py --dataset-root /home/cxc/MoEBench/dataset --suites unixbench --cv-mode leave_one_session_out --seed 42 --model-type xgboost --log1p-partial-index --train-aug 10 --train-k-max 6 --xi-ablations full,static_hw_only,no_perf_pmu,no_dynamic_proc,no_gpu --report-json /home/cxc/MoEBench/dataset/paper_supplementary/xi_ablation_unixbench_iZbp15n87643uk1sqjrdvdZ.json --auto-install --glob-unixbench iZbp15n87643uk1sqjrdvdZ_[0-9][0-9][0-9][0-9][0-9][0-9][0-9][0-9]T[0-9][0-9][0-9][0-9][0-9][0-9]Z/run-*.json --router-model-unixbench /home/cxc/MoEBench/dataset/experiments/router_recon_grid_unixbench_iZbp15n87643uk1sqjrdvdZ_20260525T073914Z/trained_models/router_lgbm.pkl --eval-partial-k 3 --policies router
[unixbench] leave_one_session_out needs >= 2 session dirs; got 1. Falling back to random_fold.
/home/cxc/dev/miniconda3/lib/python3.13/site-packages/sklearn/utils/validation.py:2691: UserWarning: X does not have valid feature names, but LGBMRanker was fitted with feature names
  warnings.warn(
Requirement already satisfied: xgboost in /home/cxc/dev/miniconda3/lib/python3.13/site-packages (3.2.0)
Requirement already satisfied: numpy in /home/cxc/dev/miniconda3/lib/python3.13/site-packages (from xgboost) (2.4.4)
Requirement already satisfied: scipy in /home/cxc/dev/miniconda3/lib/python3.13/site-packages (from xgboost) (1.17.1)
/home/cxc/dev/miniconda3/lib/python3.13/site-packages/sklearn/utils/validation.py:2691: UserWarning: X does not have valid feature names, but LGBMRanker was fitted with feature names
  warnings.warn(
Requirement already satisfied: xgboost in /home/cxc/dev/miniconda3/lib/python3.13/site-packages (3.2.0)
Requirement already satisfied: numpy in /home/cxc/dev/miniconda3/lib/python3.13/site-packages (from xgboost) (2.4.4)
Requirement already satisfied: scipy in /home/cxc/dev/miniconda3/lib/python3.13/site-packages (from xgboost) (1.17.1)
/home/cxc/dev/miniconda3/lib/python3.13/site-packages/sklearn/utils/validation.py:2691: UserWarning: X does not have valid feature names, but LGBMRanker was fitted with feature names
  warnings.warn(
Requirement already satisfied: xgboost in /home/cxc/dev/miniconda3/lib/python3.13/site-packages (3.2.0)
Requirement already satisfied: numpy in /home/cxc/dev/miniconda3/lib/python3.13/site-packages (from xgboost) (2.4.4)
Requirement already satisfied: scipy in /home/cxc/dev/miniconda3/lib/python3.13/site-packages (from xgboost) (1.17.1)
/home/cxc/dev/miniconda3/lib/python3.13/site-packages/sklearn/utils/validation.py:2691: UserWarning: X does not have valid feature names, but LGBMRanker was fitted with feature names
  warnings.warn(
Requirement already satisfied: xgboost in /home/cxc/dev/miniconda3/lib/python3.13/site-packages (3.2.0)
Requirement already satisfied: numpy in /home/cxc/dev/miniconda3/lib/python3.13/site-packages (from xgboost) (2.4.4)
Requirement already satisfied: scipy in /home/cxc/dev/miniconda3/lib/python3.13/site-packages (from xgboost) (1.17.1)
/home/cxc/dev/miniconda3/lib/python3.13/site-packages/sklearn/utils/validation.py:2691: UserWarning: X does not have valid feature names, but LGBMRanker was fitted with feature names
  warnings.warn(
Requirement already satisfied: xgboost in /home/cxc/dev/miniconda3/lib/python3.13/site-packages (3.2.0)
Requirement already satisfied: numpy in /home/cxc/dev/miniconda3/lib/python3.13/site-packages (from xgboost) (2.4.4)
Requirement already satisfied: scipy in /home/cxc/dev/miniconda3/lib/python3.13/site-packages (from xgboost) (1.17.1)
/home/cxc/dev/miniconda3/lib/python3.13/site-packages/sklearn/utils/validation.py:2691: UserWarning: X does not have valid feature names, but LGBMRanker was fitted with feature names
  warnings.warn(
Requirement already satisfied: xgboost in /home/cxc/dev/miniconda3/lib/python3.13/site-packages (3.2.0)
Requirement already satisfied: numpy in /home/cxc/dev/miniconda3/lib/python3.13/site-packages (from xgboost) (2.4.4)
Requirement already satisfied: scipy in /home/cxc/dev/miniconda3/lib/python3.13/site-packages (from xgboost) (1.17.1)
/home/cxc/dev/miniconda3/lib/python3.13/site-packages/sklearn/utils/validation.py:2691: UserWarning: X does not have valid feature names, but LGBMRanker was fitted with feature names
  warnings.warn(
Requirement already satisfied: xgboost in /home/cxc/dev/miniconda3/lib/python3.13/site-packages (3.2.0)
Requirement already satisfied: numpy in /home/cxc/dev/miniconda3/lib/python3.13/site-packages (from xgboost) (2.4.4)
Requirement already satisfied: scipy in /home/cxc/dev/miniconda3/lib/python3.13/site-packages (from xgboost) (1.17.1)
/home/cxc/dev/miniconda3/lib/python3.13/site-packages/sklearn/utils/validation.py:2691: UserWarning: X does not have valid feature names, but LGBMRanker was fitted with feature names
  warnings.warn(
Requirement already satisfied: xgboost in /home/cxc/dev/miniconda3/lib/python3.13/site-packages (3.2.0)
Requirement already satisfied: numpy in /home/cxc/dev/miniconda3/lib/python3.13/site-packages (from xgboost) (2.4.4)
Requirement already satisfied: scipy in /home/cxc/dev/miniconda3/lib/python3.13/site-packages (from xgboost) (1.17.1)
/home/cxc/dev/miniconda3/lib/python3.13/site-packages/sklearn/utils/validation.py:2691: UserWarning: X does not have valid feature names, but LGBMRanker was fitted with feature names
  warnings.warn(
Requirement already satisfied: xgboost in /home/cxc/dev/miniconda3/lib/python3.13/site-packages (3.2.0)
Requirement already satisfied: numpy in /home/cxc/dev/miniconda3/lib/python3.13/site-packages (from xgboost) (2.4.4)
Requirement already satisfied: scipy in /home/cxc/dev/miniconda3/lib/python3.13/site-packages (from xgboost) (1.17.1)
/home/cxc/dev/miniconda3/lib/python3.13/site-packages/sklearn/utils/validation.py:2691: UserWarning: X does not have valid feature names, but LGBMRanker was fitted with feature names
  warnings.warn(
Requirement already satisfied: xgboost in /home/cxc/dev/miniconda3/lib/python3.13/site-packages (3.2.0)
Requirement already satisfied: numpy in /home/cxc/dev/miniconda3/lib/python3.13/site-packages (from xgboost) (2.4.4)
Requirement already satisfied: scipy in /home/cxc/dev/miniconda3/lib/python3.13/site-packages (from xgboost) (1.17.1)
/home/cxc/dev/miniconda3/lib/python3.13/site-packages/sklearn/utils/validation.py:2691: UserWarning: X does not have valid feature names, but LGBMRanker was fitted with feature names
  warnings.warn(
Requirement already satisfied: xgboost in /home/cxc/dev/miniconda3/lib/python3.13/site-packages (3.2.0)
Requirement already satisfied: numpy in /home/cxc/dev/miniconda3/lib/python3.13/site-packages (from xgboost) (2.4.4)
Requirement already satisfied: scipy in /home/cxc/dev/miniconda3/lib/python3.13/site-packages (from xgboost) (1.17.1)
/home/cxc/dev/miniconda3/lib/python3.13/site-packages/sklearn/utils/validation.py:2691: UserWarning: X does not have valid feature names, but LGBMRanker was fitted with feature names
  warnings.warn(
Requirement already satisfied: xgboost in /home/cxc/dev/miniconda3/lib/python3.13/site-packages (3.2.0)
Requirement already satisfied: numpy in /home/cxc/dev/miniconda3/lib/python3.13/site-packages (from xgboost) (2.4.4)
Requirement already satisfied: scipy in /home/cxc/dev/miniconda3/lib/python3.13/site-packages (from xgboost) (1.17.1)
/home/cxc/dev/miniconda3/lib/python3.13/site-packages/sklearn/utils/validation.py:2691: UserWarning: X does not have valid feature names, but LGBMRanker was fitted with feature names
  warnings.warn(
Requirement already satisfied: xgboost in /home/cxc/dev/miniconda3/lib/python3.13/site-packages (3.2.0)
Requirement already satisfied: numpy in /home/cxc/dev/miniconda3/lib/python3.13/site-packages (from xgboost) (2.4.4)
Requirement already satisfied: scipy in /home/cxc/dev/miniconda3/lib/python3.13/site-packages (from xgboost) (1.17.1)
/home/cxc/dev/miniconda3/lib/python3.13/site-packages/sklearn/utils/validation.py:2691: UserWarning: X does not have valid feature names, but LGBMRanker was fitted with feature names
  warnings.warn(
Requirement already satisfied: xgboost in /home/cxc/dev/miniconda3/lib/python3.13/site-packages (3.2.0)
Requirement already satisfied: numpy in /home/cxc/dev/miniconda3/lib/python3.13/site-packages (from xgboost) (2.4.4)
Requirement already satisfied: scipy in /home/cxc/dev/miniconda3/lib/python3.13/site-packages (from xgboost) (1.17.1)
/home/cxc/dev/miniconda3/lib/python3.13/site-packages/sklearn/utils/validation.py:2691: UserWarning: X does not have valid feature names, but LGBMRanker was fitted with feature names
  warnings.warn(
Requirement already satisfied: xgboost in /home/cxc/dev/miniconda3/lib/python3.13/site-packages (3.2.0)
Requirement already satisfied: numpy in /home/cxc/dev/miniconda3/lib/python3.13/site-packages (from xgboost) (2.4.4)
Requirement already satisfied: scipy in /home/cxc/dev/miniconda3/lib/python3.13/site-packages (from xgboost) (1.17.1)
/home/cxc/dev/miniconda3/lib/python3.13/site-packages/sklearn/utils/validation.py:2691: UserWarning: X does not have valid feature names, but LGBMRanker was fitted with feature names
  warnings.warn(
Requirement already satisfied: xgboost in /home/cxc/dev/miniconda3/lib/python3.13/site-packages (3.2.0)
Requirement already satisfied: numpy in /home/cxc/dev/miniconda3/lib/python3.13/site-packages (from xgboost) (2.4.4)
Requirement already satisfied: scipy in /home/cxc/dev/miniconda3/lib/python3.13/site-packages (from xgboost) (1.17.1)
/home/cxc/dev/miniconda3/lib/python3.13/site-packages/sklearn/utils/validation.py:2691: UserWarning: X does not have valid feature names, but LGBMRanker was fitted with feature names
  warnings.warn(
Requirement already satisfied: xgboost in /home/cxc/dev/miniconda3/lib/python3.13/site-packages (3.2.0)
Requirement already satisfied: numpy in /home/cxc/dev/miniconda3/lib/python3.13/site-packages (from xgboost) (2.4.4)
Requirement already satisfied: scipy in /home/cxc/dev/miniconda3/lib/python3.13/site-packages (from xgboost) (1.17.1)
/home/cxc/dev/miniconda3/lib/python3.13/site-packages/sklearn/utils/validation.py:2691: UserWarning: X does not have valid feature names, but LGBMRanker was fitted with feature names
  warnings.warn(
Requirement already satisfied: xgboost in /home/cxc/dev/miniconda3/lib/python3.13/site-packages (3.2.0)
Requirement already satisfied: numpy in /home/cxc/dev/miniconda3/lib/python3.13/site-packages (from xgboost) (2.4.4)
Requirement already satisfied: scipy in /home/cxc/dev/miniconda3/lib/python3.13/site-packages (from xgboost) (1.17.1)
/home/cxc/dev/miniconda3/lib/python3.13/site-packages/sklearn/utils/validation.py:2691: UserWarning: X does not have valid feature names, but LGBMRanker was fitted with feature names
  warnings.warn(
Requirement already satisfied: xgboost in /home/cxc/dev/miniconda3/lib/python3.13/site-packages (3.2.0)
Requirement already satisfied: numpy in /home/cxc/dev/miniconda3/lib/python3.13/site-packages (from xgboost) (2.4.4)
Requirement already satisfied: scipy in /home/cxc/dev/miniconda3/lib/python3.13/site-packages (from xgboost) (1.17.1)
/home/cxc/dev/miniconda3/lib/python3.13/site-packages/sklearn/utils/validation.py:2691: UserWarning: X does not have valid feature names, but LGBMRanker was fitted with feature names
  warnings.warn(
Requirement already satisfied: xgboost in /home/cxc/dev/miniconda3/lib/python3.13/site-packages (3.2.0)
Requirement already satisfied: numpy in /home/cxc/dev/miniconda3/lib/python3.13/site-packages (from xgboost) (2.4.4)
Requirement already satisfied: scipy in /home/cxc/dev/miniconda3/lib/python3.13/site-packages (from xgboost) (1.17.1)
/home/cxc/dev/miniconda3/lib/python3.13/site-packages/sklearn/utils/validation.py:2691: UserWarning: X does not have valid feature names, but LGBMRanker was fitted with feature names
  warnings.warn(
Requirement already satisfied: xgboost in /home/cxc/dev/miniconda3/lib/python3.13/site-packages (3.2.0)
Requirement already satisfied: numpy in /home/cxc/dev/miniconda3/lib/python3.13/site-packages (from xgboost) (2.4.4)
Requirement already satisfied: scipy in /home/cxc/dev/miniconda3/lib/python3.13/site-packages (from xgboost) (1.17.1)
/home/cxc/dev/miniconda3/lib/python3.13/site-packages/sklearn/utils/validation.py:2691: UserWarning: X does not have valid feature names, but LGBMRanker was fitted with feature names
  warnings.warn(
Requirement already satisfied: xgboost in /home/cxc/dev/miniconda3/lib/python3.13/site-packages (3.2.0)
Requirement already satisfied: numpy in /home/cxc/dev/miniconda3/lib/python3.13/site-packages (from xgboost) (2.4.4)
Requirement already satisfied: scipy in /home/cxc/dev/miniconda3/lib/python3.13/site-packages (from xgboost) (1.17.1)
/home/cxc/dev/miniconda3/lib/python3.13/site-packages/sklearn/utils/validation.py:2691: UserWarning: X does not have valid feature names, but LGBMRanker was fitted with feature names
  warnings.warn(
Requirement already satisfied: xgboost in /home/cxc/dev/miniconda3/lib/python3.13/site-packages (3.2.0)
Requirement already satisfied: numpy in /home/cxc/dev/miniconda3/lib/python3.13/site-packages (from xgboost) (2.4.4)
Requirement already satisfied: scipy in /home/cxc/dev/miniconda3/lib/python3.13/site-packages (from xgboost) (1.17.1)
/home/cxc/dev/miniconda3/lib/python3.13/site-packages/sklearn/utils/validation.py:2691: UserWarning: X does not have valid feature names, but LGBMRanker was fitted with feature names
  warnings.warn(
Requirement already satisfied: xgboost in /home/cxc/dev/miniconda3/lib/python3.13/site-packages (3.2.0)
Requirement already satisfied: numpy in /home/cxc/dev/miniconda3/lib/python3.13/site-packages (from xgboost) (2.4.4)
Requirement already satisfied: scipy in /home/cxc/dev/miniconda3/lib/python3.13/site-packages (from xgboost) (1.17.1)
/home/cxc/dev/miniconda3/lib/python3.13/site-packages/sklearn/utils/validation.py:2691: UserWarning: X does not have valid feature names, but LGBMRanker was fitted with feature names
  warnings.warn(
Requirement already satisfied: xgboost in /home/cxc/dev/miniconda3/lib/python3.13/site-packages (3.2.0)
Requirement already satisfied: numpy in /home/cxc/dev/miniconda3/lib/python3.13/site-packages (from xgboost) (2.4.4)
Requirement already satisfied: scipy in /home/cxc/dev/miniconda3/lib/python3.13/site-packages (from xgboost) (1.17.1)
{
  "schema": "moebench.paper_reconstruct_cv_extras.v2",
  "dataset_root": "/home/cxc/MoEBench/dataset",
  "suites_requested": [
    "unixbench"
  ],
  "eval_partial_k_list": [
    3
  ],
  "train_k_range_requested": [
    2,
    6
  ],
  "pts_suite_target": "logmean",
  "model_type": "xgboost",
  "policies": [
    "router"
  ],
  "xi_ablations": [
    "full",
    "static_hw_only",
    "no_perf_pmu",
    "no_dynamic_proc",
    "no_gpu"
  ],
  "suite_results": [
    {
      "suite_key": "unixbench",
      "pts_suite_filter": null,
      "glob_pattern": "iZbp15n87643uk1sqjrdvdZ_[0-9][0-9][0-9][0-9][0-9][0-9][0-9][0-9]T[0-9][0-9][0-9][0-9][0-9][0-9]Z/run-*.json",
      "cv_mode_effective": "random_fold",
      "folds_effective": 5,
      "sessions": [
        "iZbp15n87643uk1sqjrdvdZ_20260525T050535Z"
      ],
      "n_samples": 5,
      "num_profiles_or_subtests": 12,
      "profile_ids_head": [
        "dhry2reg",
        "whetstone-double",
        "execl",
        "fstime",
        "fsbuffer",
        "fsdisk",
        "pipe",
        "context1"
      ],
      "combinations": [
        {
          "suite_key": "unixbench",
          "xi_ablation": "full",
          "benchmark": "unixbench",
          "eval_partial_k": 3,
          "policy": "router",
          "oof_metrics": {
            "mae_all_targets": 19.675029484675488,
            "rmse_all_targets": 33.271754085640445,
            "mae_subtest_index_only": 20.888956502278653,
            "rmse_subtest_index_only": 34.57815683900777,
            "mae_suite_index": 5.107905273437472,
            "rmse_suite_index": 6.583152327196933,
            "spearman_suite": 0.39999999999999997,
            "kendall_tau_suite": 0.4,
            "median_bucket_accuracy_suite": 0.6
          },
          "per_fold_metrics": [
            {
              "mae_all_targets": 21.836280235877396,
              "rmse_all_targets": 36.11610368055775,
              "mae_subtest_index_only": 23.4153330485026,
              "rmse_subtest_index_only": 37.581588780970534,
              "mae_suite_index": 2.8876464843749545,
              "rmse_suite_index": 2.8876464843749545,
              "spearman_suite": NaN,
              "kendall_tau_suite": NaN,
              "fold": 0,
              "n_val": 1,
              "median_bucket_accuracy_suite": NaN,
              "mean_eval_wall_saved_fraction": 0.84375
            },
            {
              "mae_all_targets": 22.91048959585341,
              "rmse_all_targets": 36.00247923189051,
              "mae_subtest_index_only": 24.6405893961589,
              "rmse_subtest_index_only": 37.46743161832633,
              "mae_suite_index": 2.1492919921875,
              "rmse_suite_index": 2.1492919921875,
              "spearman_suite": NaN,
              "kendall_tau_suite": NaN,
              "fold": 1,
              "n_val": 1,
              "median_bucket_accuracy_suite": NaN,
              "mean_eval_wall_saved_fraction": 0.8440137542982182
            },
            {
              "mae_all_targets": 11.893851412259595,
              "rmse_all_targets": 15.623474830083708,
              "mae_subtest_index_only": 12.829443359374977,
              "rmse_subtest_index_only": 16.2602890554549,
              "mae_suite_index": 0.666748046875,
              "rmse_suite_index": 0.666748046875,
              "spearman_suite": NaN,
              "kendall_tau_suite": NaN,
              "fold": 2,
              "n_val": 1,
              "median_bucket_accuracy_suite": NaN,
              "mean_eval_wall_saved_fraction": 0.8440137542982182
            },
            {
              "mae_all_targets": 26.725736177884606,
              "rmse_all_targets": 45.53456788032891,
              "mae_subtest_index_only": 27.975502522786456,
              "rmse_subtest_index_only": 47.27279052229708,
              "mae_suite_index": 11.728540039062409,
              "rmse_suite_index": 11.728540039062409,
              "spearman_suite": NaN,
              "kendall_tau_suite": NaN,
              "fold": 3,
              "n_val": 1,
              "median_bucket_accuracy_suite": NaN,
              "mean_eval_wall_saved_fraction": 0.84375
            },
            {
              "mae_all_targets": 15.008790001502435,
              "rmse_all_targets": 24.8396216950785,
              "mae_subtest_index_only": 15.583914184570347,
              "rmse_subtest_index_only": 25.747750981537042,
              "mae_suite_index": 8.1072998046875,
              "rmse_suite_index": 8.1072998046875,
              "spearman_suite": NaN,
              "kendall_tau_suite": NaN,
              "fold": 4,
              "n_val": 1,
              "median_bucket_accuracy_suite": NaN,
              "mean_eval_wall_saved_fraction": 0.84375
            }
          ],
          "time_savings": {
            "mean_fraction_wall_time_saved_vs_full_suite": 0.8438555017192872,
            "description": "Eval subset; UnixBench ti.by_test_id parallel key 1 (single-copy)."
          },
          "n_oof": 5
        },
        {
          "suite_key": "unixbench",
          "xi_ablation": "static_hw_only",
          "benchmark": "unixbench",
          "eval_partial_k": 3,
          "policy": "router",
          "oof_metrics": {
            "mae_all_targets": 16.851804387019218,
            "rmse_all_targets": 30.83699606706345,
            "mae_subtest_index_only": 17.737687581380197,
            "rmse_subtest_index_only": 32.01913051604491,
            "mae_suite_index": 6.2212060546874905,
            "rmse_suite_index": 7.698546335439316,
            "spearman_suite": -0.6,
            "kendall_tau_suite": -0.4,
            "median_bucket_accuracy_suite": 0.6
          },
          "per_fold_metrics": [
            {
              "mae_all_targets": 14.987335674579326,
              "rmse_all_targets": 28.37581758069282,
              "mae_subtest_index_only": 15.777413940429682,
              "rmse_subtest_index_only": 29.49168089140095,
              "mae_suite_index": 5.5063964843750455,
              "rmse_suite_index": 5.5063964843750455,
              "spearman_suite": NaN,
              "kendall_tau_suite": NaN,
              "fold": 0,
              "n_val": 1,
              "median_bucket_accuracy_suite": NaN,
              "mean_eval_wall_saved_fraction": 0.84375
            },
            {
              "mae_all_targets": 13.197326660156223,
              "rmse_all_targets": 23.94417199288486,
              "mae_subtest_index_only": 14.222498575846325,
              "rmse_subtest_index_only": 24.92054431000136,
              "mae_suite_index": 0.895263671875,
              "rmse_suite_index": 0.895263671875,
              "spearman_suite": NaN,
              "kendall_tau_suite": NaN,
              "fold": 1,
              "n_val": 1,
              "median_bucket_accuracy_suite": NaN,
              "mean_eval_wall_saved_fraction": 0.8440137542982182
            },
            {
              "mae_all_targets": 24.120078688401428,
              "rmse_all_targets": 40.404080556241404,
              "mae_subtest_index_only": 25.205158487955714,
              "rmse_subtest_index_only": 41.931666577584345,
              "mae_suite_index": 11.09912109375,
              "rmse_suite_index": 11.09912109375,
              "spearman_suite": NaN,
              "kendall_tau_suite": NaN,
              "fold": 2,
              "n_val": 1,
              "median_bucket_accuracy_suite": NaN,
              "mean_eval_wall_saved_fraction": 0.8440137542982182
            },
            {
              "mae_all_targets": 22.058100773737973,
              "rmse_all_targets": 39.48913955105075,
              "mae_subtest_index_only": 22.914920043945312,
              "rmse_subtest_index_only": 40.96077120062361,
              "mae_suite_index": 11.776269531249909,
              "rmse_suite_index": 11.776269531249909,
              "spearman_suite": NaN,
              "kendall_tau_suite": NaN,
              "fold": 3,
              "n_val": 1,
              "median_bucket_accuracy_suite": NaN,
              "mean_eval_wall_saved_fraction": 0.84375
            },
            {
              "mae_all_targets": 9.896180138221151,
              "rmse_all_targets": 13.57237519099808,
              "mae_subtest_index_only": 10.568446858723954,
              "rmse_subtest_index_only": 14.116705890082324,
              "mae_suite_index": 1.8289794921875,
              "rmse_suite_index": 1.8289794921875,
              "spearman_suite": NaN,
              "kendall_tau_suite": NaN,
              "fold": 4,
              "n_val": 1,
              "median_bucket_accuracy_suite": NaN,
              "mean_eval_wall_saved_fraction": 0.84375
            }
          ],
          "time_savings": {
            "mean_fraction_wall_time_saved_vs_full_suite": 0.8438555017192872,
            "description": "Eval subset; UnixBench ti.by_test_id parallel key 1 (single-copy)."
          },
          "n_oof": 5
        },
        {
          "suite_key": "unixbench",
          "xi_ablation": "no_perf_pmu",
          "benchmark": "unixbench",
          "eval_partial_k": 3,
          "policy": "router",
          "oof_metrics": {
            "mae_all_targets": 19.675029484675488,
            "rmse_all_targets": 33.271754085640445,
            "mae_subtest_index_only": 20.888956502278653,
            "rmse_subtest_index_only": 34.57815683900777,
            "mae_suite_index": 5.107905273437472,
            "rmse_suite_index": 6.583152327196933,
            "spearman_suite": 0.39999999999999997,
            "kendall_tau_suite": 0.4,
            "median_bucket_accuracy_suite": 0.6
          },
          "per_fold_metrics": [
            {
              "mae_all_targets": 21.836280235877396,
              "rmse_all_targets": 36.11610368055775,
              "mae_subtest_index_only": 23.4153330485026,
              "rmse_subtest_index_only": 37.581588780970534,
              "mae_suite_index": 2.8876464843749545,
              "rmse_suite_index": 2.8876464843749545,
              "spearman_suite": NaN,
              "kendall_tau_suite": NaN,
              "fold": 0,
              "n_val": 1,
              "median_bucket_accuracy_suite": NaN,
              "mean_eval_wall_saved_fraction": 0.84375
            },
            {
              "mae_all_targets": 22.91048959585341,
              "rmse_all_targets": 36.00247923189051,
              "mae_subtest_index_only": 24.6405893961589,
              "rmse_subtest_index_only": 37.46743161832633,
              "mae_suite_index": 2.1492919921875,
              "rmse_suite_index": 2.1492919921875,
              "spearman_suite": NaN,
              "kendall_tau_suite": NaN,
              "fold": 1,
              "n_val": 1,
              "median_bucket_accuracy_suite": NaN,
              "mean_eval_wall_saved_fraction": 0.8440137542982182
            },
            {
              "mae_all_targets": 11.893851412259595,
              "rmse_all_targets": 15.623474830083708,
              "mae_subtest_index_only": 12.829443359374977,
              "rmse_subtest_index_only": 16.2602890554549,
              "mae_suite_index": 0.666748046875,
              "rmse_suite_index": 0.666748046875,
              "spearman_suite": NaN,
              "kendall_tau_suite": NaN,
              "fold": 2,
              "n_val": 1,
              "median_bucket_accuracy_suite": NaN,
              "mean_eval_wall_saved_fraction": 0.8440137542982182
            },
            {
              "mae_all_targets": 26.725736177884606,
              "rmse_all_targets": 45.53456788032891,
              "mae_subtest_index_only": 27.975502522786456,
              "rmse_subtest_index_only": 47.27279052229708,
              "mae_suite_index": 11.728540039062409,
              "rmse_suite_index": 11.728540039062409,
              "spearman_suite": NaN,
              "kendall_tau_suite": NaN,
              "fold": 3,
              "n_val": 1,
              "median_bucket_accuracy_suite": NaN,
              "mean_eval_wall_saved_fraction": 0.84375
            },
            {
              "mae_all_targets": 15.008790001502435,
              "rmse_all_targets": 24.8396216950785,
              "mae_subtest_index_only": 15.583914184570347,
              "rmse_subtest_index_only": 25.747750981537042,
              "mae_suite_index": 8.1072998046875,
              "rmse_suite_index": 8.1072998046875,
              "spearman_suite": NaN,
              "kendall_tau_suite": NaN,
              "fold": 4,
              "n_val": 1,
              "median_bucket_accuracy_suite": NaN,
              "mean_eval_wall_saved_fraction": 0.84375
            }
          ],
          "time_savings": {
            "mean_fraction_wall_time_saved_vs_full_suite": 0.8438555017192872,
            "description": "Eval subset; UnixBench ti.by_test_id parallel key 1 (single-copy)."
          },
          "n_oof": 5
        },
        {
          "suite_key": "unixbench",
          "xi_ablation": "no_dynamic_proc",
          "benchmark": "unixbench",
          "eval_partial_k": 3,
          "policy": "router",
          "oof_metrics": {
            "mae_all_targets": 16.851804387019218,
            "rmse_all_targets": 30.83699606706345,
            "mae_subtest_index_only": 17.737687581380197,
            "rmse_subtest_index_only": 32.01913051604491,
            "mae_suite_index": 6.2212060546874905,
            "rmse_suite_index": 7.698546335439316,
            "spearman_suite": -0.6,
            "kendall_tau_suite": -0.4,
            "median_bucket_accuracy_suite": 0.6
          },
          "per_fold_metrics": [
            {
              "mae_all_targets": 14.987335674579326,
              "rmse_all_targets": 28.37581758069282,
              "mae_subtest_index_only": 15.777413940429682,
              "rmse_subtest_index_only": 29.49168089140095,
              "mae_suite_index": 5.5063964843750455,
              "rmse_suite_index": 5.5063964843750455,
              "spearman_suite": NaN,
              "kendall_tau_suite": NaN,
              "fold": 0,
              "n_val": 1,
              "median_bucket_accuracy_suite": NaN,
              "mean_eval_wall_saved_fraction": 0.84375
            },
            {
              "mae_all_targets": 13.197326660156223,
              "rmse_all_targets": 23.94417199288486,
              "mae_subtest_index_only": 14.222498575846325,
              "rmse_subtest_index_only": 24.92054431000136,
              "mae_suite_index": 0.895263671875,
              "rmse_suite_index": 0.895263671875,
              "spearman_suite": NaN,
              "kendall_tau_suite": NaN,
              "fold": 1,
              "n_val": 1,
              "median_bucket_accuracy_suite": NaN,
              "mean_eval_wall_saved_fraction": 0.8440137542982182
            },
            {
              "mae_all_targets": 24.120078688401428,
              "rmse_all_targets": 40.404080556241404,
              "mae_subtest_index_only": 25.205158487955714,
              "rmse_subtest_index_only": 41.931666577584345,
              "mae_suite_index": 11.09912109375,
              "rmse_suite_index": 11.09912109375,
              "spearman_suite": NaN,
              "kendall_tau_suite": NaN,
              "fold": 2,
              "n_val": 1,
              "median_bucket_accuracy_suite": NaN,
              "mean_eval_wall_saved_fraction": 0.8440137542982182
            },
            {
              "mae_all_targets": 22.058100773737973,
              "rmse_all_targets": 39.48913955105075,
              "mae_subtest_index_only": 22.914920043945312,
              "rmse_subtest_index_only": 40.96077120062361,
              "mae_suite_index": 11.776269531249909,
              "rmse_suite_index": 11.776269531249909,
              "spearman_suite": NaN,
              "kendall_tau_suite": NaN,
              "fold": 3,
              "n_val": 1,
              "median_bucket_accuracy_suite": NaN,
              "mean_eval_wall_saved_fraction": 0.84375
            },
            {
              "mae_all_targets": 9.896180138221151,
              "rmse_all_targets": 13.57237519099808,
              "mae_subtest_index_only": 10.568446858723954,
              "rmse_subtest_index_only": 14.116705890082324,
              "mae_suite_index": 1.8289794921875,
              "rmse_suite_index": 1.8289794921875,
              "spearman_suite": NaN,
              "kendall_tau_suite": NaN,
              "fold": 4,
              "n_val": 1,
              "median_bucket_accuracy_suite": NaN,
              "mean_eval_wall_saved_fraction": 0.84375
            }
          ],
          "time_savings": {
            "mean_fraction_wall_time_saved_vs_full_suite": 0.8438555017192872,
            "description": "Eval subset; UnixBench ti.by_test_id parallel key 1 (single-copy)."
          },
          "n_oof": 5
        },
        {
          "suite_key": "unixbench",
          "xi_ablation": "no_gpu",
          "benchmark": "unixbench",
          "eval_partial_k": 3,
          "policy": "router",
          "oof_metrics": {
            "mae_all_targets": 19.675029484675488,
            "rmse_all_targets": 33.271754085640445,
            "mae_subtest_index_only": 20.888956502278653,
            "rmse_subtest_index_only": 34.57815683900777,
            "mae_suite_index": 5.107905273437472,
            "rmse_suite_index": 6.583152327196933,
            "spearman_suite": 0.39999999999999997,
            "kendall_tau_suite": 0.4,
            "median_bucket_accuracy_suite": 0.6
          },
          "per_fold_metrics": [
            {
              "mae_all_targets": 21.836280235877396,
              "rmse_all_targets": 36.11610368055775,
              "mae_subtest_index_only": 23.4153330485026,
              "rmse_subtest_index_only": 37.581588780970534,
              "mae_suite_index": 2.8876464843749545,
              "rmse_suite_index": 2.8876464843749545,
              "spearman_suite": NaN,
              "kendall_tau_suite": NaN,
              "fold": 0,
              "n_val": 1,
              "median_bucket_accuracy_suite": NaN,
              "mean_eval_wall_saved_fraction": 0.84375
            },
            {
              "mae_all_targets": 22.91048959585341,
              "rmse_all_targets": 36.00247923189051,
              "mae_subtest_index_only": 24.6405893961589,
              "rmse_subtest_index_only": 37.46743161832633,
              "mae_suite_index": 2.1492919921875,
              "rmse_suite_index": 2.1492919921875,
              "spearman_suite": NaN,
              "kendall_tau_suite": NaN,
              "fold": 1,
              "n_val": 1,
              "median_bucket_accuracy_suite": NaN,
              "mean_eval_wall_saved_fraction": 0.8440137542982182
            },
            {
              "mae_all_targets": 11.893851412259595,
              "rmse_all_targets": 15.623474830083708,
              "mae_subtest_index_only": 12.829443359374977,
              "rmse_subtest_index_only": 16.2602890554549,
              "mae_suite_index": 0.666748046875,
              "rmse_suite_index": 0.666748046875,
              "spearman_suite": NaN,
              "kendall_tau_suite": NaN,
              "fold": 2,
              "n_val": 1,
              "median_bucket_accuracy_suite": NaN,
              "mean_eval_wall_saved_fraction": 0.8440137542982182
            },
            {
              "mae_all_targets": 26.725736177884606,
              "rmse_all_targets": 45.53456788032891,
              "mae_subtest_index_only": 27.975502522786456,
              "rmse_subtest_index_only": 47.27279052229708,
              "mae_suite_index": 11.728540039062409,
              "rmse_suite_index": 11.728540039062409,
              "spearman_suite": NaN,
              "kendall_tau_suite": NaN,
              "fold": 3,
              "n_val": 1,
              "median_bucket_accuracy_suite": NaN,
              "mean_eval_wall_saved_fraction": 0.84375
            },
            {
              "mae_all_targets": 15.008790001502435,
              "rmse_all_targets": 24.8396216950785,
              "mae_subtest_index_only": 15.583914184570347,
              "rmse_subtest_index_only": 25.747750981537042,
              "mae_suite_index": 8.1072998046875,
              "rmse_suite_index": 8.1072998046875,
              "spearman_suite": NaN,
              "kendall_tau_suite": NaN,
              "fold": 4,
              "n_val": 1,
              "median_bucket_accuracy_suite": NaN,
              "mean_eval_wall_saved_fraction": 0.84375
            }
          ],
          "time_savings": {
            "mean_fraction_wall_time_saved_vs_full_suite": 0.8438555017192872,
            "description": "Eval subset; UnixBench ti.by_test_id parallel key 1 (single-copy)."
          },
          "n_oof": 5
        }
      ]
    }
  ]
}
+ /home/cxc/dev/miniconda3/bin/python3 /home/cxc/MoEBench/scripts/paper_reconstruct_cv_extras.py --dataset-root /home/cxc/MoEBench/dataset --suites unixbench --cv-mode leave_one_session_out --seed 42 --model-type xgboost --log1p-partial-index --train-aug 10 --train-k-max 6 --xi-ablations full,static_hw_only,no_perf_pmu,no_dynamic_proc,no_gpu --report-json /home/cxc/MoEBench/dataset/paper_supplementary/xi_ablation_unixbench_iZbp16krl0yc7euw7sb6slZ.json --auto-install --glob-unixbench iZbp16krl0yc7euw7sb6slZ_[0-9][0-9][0-9][0-9][0-9][0-9][0-9][0-9]T[0-9][0-9][0-9][0-9][0-9][0-9]Z/run-*.json --router-model-unixbench /home/cxc/MoEBench/dataset/experiments/router_recon_grid_unixbench_iZbp16krl0yc7euw7sb6slZ_20260524T141206Z/trained_models/router_lgbm.pkl --eval-partial-k 3 --policies router
[unixbench] leave_one_session_out needs >= 2 session dirs; got 1. Falling back to random_fold.
/home/cxc/dev/miniconda3/lib/python3.13/site-packages/sklearn/utils/validation.py:2691: UserWarning: X does not have valid feature names, but LGBMRanker was fitted with feature names
  warnings.warn(
Requirement already satisfied: xgboost in /home/cxc/dev/miniconda3/lib/python3.13/site-packages (3.2.0)
Requirement already satisfied: numpy in /home/cxc/dev/miniconda3/lib/python3.13/site-packages (from xgboost) (2.4.4)
Requirement already satisfied: scipy in /home/cxc/dev/miniconda3/lib/python3.13/site-packages (from xgboost) (1.17.1)
/home/cxc/dev/miniconda3/lib/python3.13/site-packages/sklearn/utils/validation.py:2691: UserWarning: X does not have valid feature names, but LGBMRanker was fitted with feature names
  warnings.warn(
Requirement already satisfied: xgboost in /home/cxc/dev/miniconda3/lib/python3.13/site-packages (3.2.0)
Requirement already satisfied: numpy in /home/cxc/dev/miniconda3/lib/python3.13/site-packages (from xgboost) (2.4.4)
Requirement already satisfied: scipy in /home/cxc/dev/miniconda3/lib/python3.13/site-packages (from xgboost) (1.17.1)
/home/cxc/dev/miniconda3/lib/python3.13/site-packages/sklearn/utils/validation.py:2691: UserWarning: X does not have valid feature names, but LGBMRanker was fitted with feature names
  warnings.warn(
Requirement already satisfied: xgboost in /home/cxc/dev/miniconda3/lib/python3.13/site-packages (3.2.0)
Requirement already satisfied: numpy in /home/cxc/dev/miniconda3/lib/python3.13/site-packages (from xgboost) (2.4.4)
Requirement already satisfied: scipy in /home/cxc/dev/miniconda3/lib/python3.13/site-packages (from xgboost) (1.17.1)
/home/cxc/dev/miniconda3/lib/python3.13/site-packages/sklearn/utils/validation.py:2691: UserWarning: X does not have valid feature names, but LGBMRanker was fitted with feature names
  warnings.warn(
Requirement already satisfied: xgboost in /home/cxc/dev/miniconda3/lib/python3.13/site-packages (3.2.0)
Requirement already satisfied: numpy in /home/cxc/dev/miniconda3/lib/python3.13/site-packages (from xgboost) (2.4.4)
Requirement already satisfied: scipy in /home/cxc/dev/miniconda3/lib/python3.13/site-packages (from xgboost) (1.17.1)
/home/cxc/dev/miniconda3/lib/python3.13/site-packages/sklearn/utils/validation.py:2691: UserWarning: X does not have valid feature names, but LGBMRanker was fitted with feature names
  warnings.warn(
Requirement already satisfied: xgboost in /home/cxc/dev/miniconda3/lib/python3.13/site-packages (3.2.0)
Requirement already satisfied: numpy in /home/cxc/dev/miniconda3/lib/python3.13/site-packages (from xgboost) (2.4.4)
Requirement already satisfied: scipy in /home/cxc/dev/miniconda3/lib/python3.13/site-packages (from xgboost) (1.17.1)
/home/cxc/dev/miniconda3/lib/python3.13/site-packages/sklearn/utils/validation.py:2691: UserWarning: X does not have valid feature names, but LGBMRanker was fitted with feature names
  warnings.warn(
Requirement already satisfied: xgboost in /home/cxc/dev/miniconda3/lib/python3.13/site-packages (3.2.0)
Requirement already satisfied: numpy in /home/cxc/dev/miniconda3/lib/python3.13/site-packages (from xgboost) (2.4.4)
Requirement already satisfied: scipy in /home/cxc/dev/miniconda3/lib/python3.13/site-packages (from xgboost) (1.17.1)
/home/cxc/dev/miniconda3/lib/python3.13/site-packages/sklearn/utils/validation.py:2691: UserWarning: X does not have valid feature names, but LGBMRanker was fitted with feature names
  warnings.warn(
Requirement already satisfied: xgboost in /home/cxc/dev/miniconda3/lib/python3.13/site-packages (3.2.0)
Requirement already satisfied: numpy in /home/cxc/dev/miniconda3/lib/python3.13/site-packages (from xgboost) (2.4.4)
Requirement already satisfied: scipy in /home/cxc/dev/miniconda3/lib/python3.13/site-packages (from xgboost) (1.17.1)
/home/cxc/dev/miniconda3/lib/python3.13/site-packages/sklearn/utils/validation.py:2691: UserWarning: X does not have valid feature names, but LGBMRanker was fitted with feature names
  warnings.warn(
Requirement already satisfied: xgboost in /home/cxc/dev/miniconda3/lib/python3.13/site-packages (3.2.0)
Requirement already satisfied: numpy in /home/cxc/dev/miniconda3/lib/python3.13/site-packages (from xgboost) (2.4.4)
Requirement already satisfied: scipy in /home/cxc/dev/miniconda3/lib/python3.13/site-packages (from xgboost) (1.17.1)
/home/cxc/dev/miniconda3/lib/python3.13/site-packages/sklearn/utils/validation.py:2691: UserWarning: X does not have valid feature names, but LGBMRanker was fitted with feature names
  warnings.warn(
Requirement already satisfied: xgboost in /home/cxc/dev/miniconda3/lib/python3.13/site-packages (3.2.0)
Requirement already satisfied: numpy in /home/cxc/dev/miniconda3/lib/python3.13/site-packages (from xgboost) (2.4.4)
Requirement already satisfied: scipy in /home/cxc/dev/miniconda3/lib/python3.13/site-packages (from xgboost) (1.17.1)
/home/cxc/dev/miniconda3/lib/python3.13/site-packages/sklearn/utils/validation.py:2691: UserWarning: X does not have valid feature names, but LGBMRanker was fitted with feature names
  warnings.warn(
Requirement already satisfied: xgboost in /home/cxc/dev/miniconda3/lib/python3.13/site-packages (3.2.0)
Requirement already satisfied: numpy in /home/cxc/dev/miniconda3/lib/python3.13/site-packages (from xgboost) (2.4.4)
Requirement already satisfied: scipy in /home/cxc/dev/miniconda3/lib/python3.13/site-packages (from xgboost) (1.17.1)
/home/cxc/dev/miniconda3/lib/python3.13/site-packages/sklearn/utils/validation.py:2691: UserWarning: X does not have valid feature names, but LGBMRanker was fitted with feature names
  warnings.warn(
Requirement already satisfied: xgboost in /home/cxc/dev/miniconda3/lib/python3.13/site-packages (3.2.0)
Requirement already satisfied: numpy in /home/cxc/dev/miniconda3/lib/python3.13/site-packages (from xgboost) (2.4.4)
Requirement already satisfied: scipy in /home/cxc/dev/miniconda3/lib/python3.13/site-packages (from xgboost) (1.17.1)
/home/cxc/dev/miniconda3/lib/python3.13/site-packages/sklearn/utils/validation.py:2691: UserWarning: X does not have valid feature names, but LGBMRanker was fitted with feature names
  warnings.warn(
Requirement already satisfied: xgboost in /home/cxc/dev/miniconda3/lib/python3.13/site-packages (3.2.0)
Requirement already satisfied: numpy in /home/cxc/dev/miniconda3/lib/python3.13/site-packages (from xgboost) (2.4.4)
Requirement already satisfied: scipy in /home/cxc/dev/miniconda3/lib/python3.13/site-packages (from xgboost) (1.17.1)
/home/cxc/dev/miniconda3/lib/python3.13/site-packages/sklearn/utils/validation.py:2691: UserWarning: X does not have valid feature names, but LGBMRanker was fitted with feature names
  warnings.warn(
Requirement already satisfied: xgboost in /home/cxc/dev/miniconda3/lib/python3.13/site-packages (3.2.0)
Requirement already satisfied: numpy in /home/cxc/dev/miniconda3/lib/python3.13/site-packages (from xgboost) (2.4.4)
Requirement already satisfied: scipy in /home/cxc/dev/miniconda3/lib/python3.13/site-packages (from xgboost) (1.17.1)
/home/cxc/dev/miniconda3/lib/python3.13/site-packages/sklearn/utils/validation.py:2691: UserWarning: X does not have valid feature names, but LGBMRanker was fitted with feature names
  warnings.warn(
Requirement already satisfied: xgboost in /home/cxc/dev/miniconda3/lib/python3.13/site-packages (3.2.0)
Requirement already satisfied: numpy in /home/cxc/dev/miniconda3/lib/python3.13/site-packages (from xgboost) (2.4.4)
Requirement already satisfied: scipy in /home/cxc/dev/miniconda3/lib/python3.13/site-packages (from xgboost) (1.17.1)
/home/cxc/dev/miniconda3/lib/python3.13/site-packages/sklearn/utils/validation.py:2691: UserWarning: X does not have valid feature names, but LGBMRanker was fitted with feature names
  warnings.warn(
Requirement already satisfied: xgboost in /home/cxc/dev/miniconda3/lib/python3.13/site-packages (3.2.0)
Requirement already satisfied: numpy in /home/cxc/dev/miniconda3/lib/python3.13/site-packages (from xgboost) (2.4.4)
Requirement already satisfied: scipy in /home/cxc/dev/miniconda3/lib/python3.13/site-packages (from xgboost) (1.17.1)
/home/cxc/dev/miniconda3/lib/python3.13/site-packages/sklearn/utils/validation.py:2691: UserWarning: X does not have valid feature names, but LGBMRanker was fitted with feature names
  warnings.warn(
Requirement already satisfied: xgboost in /home/cxc/dev/miniconda3/lib/python3.13/site-packages (3.2.0)
Requirement already satisfied: numpy in /home/cxc/dev/miniconda3/lib/python3.13/site-packages (from xgboost) (2.4.4)
Requirement already satisfied: scipy in /home/cxc/dev/miniconda3/lib/python3.13/site-packages (from xgboost) (1.17.1)
/home/cxc/dev/miniconda3/lib/python3.13/site-packages/sklearn/utils/validation.py:2691: UserWarning: X does not have valid feature names, but LGBMRanker was fitted with feature names
  warnings.warn(
Requirement already satisfied: xgboost in /home/cxc/dev/miniconda3/lib/python3.13/site-packages (3.2.0)
Requirement already satisfied: numpy in /home/cxc/dev/miniconda3/lib/python3.13/site-packages (from xgboost) (2.4.4)
Requirement already satisfied: scipy in /home/cxc/dev/miniconda3/lib/python3.13/site-packages (from xgboost) (1.17.1)
/home/cxc/dev/miniconda3/lib/python3.13/site-packages/sklearn/utils/validation.py:2691: UserWarning: X does not have valid feature names, but LGBMRanker was fitted with feature names
  warnings.warn(
Requirement already satisfied: xgboost in /home/cxc/dev/miniconda3/lib/python3.13/site-packages (3.2.0)
Requirement already satisfied: numpy in /home/cxc/dev/miniconda3/lib/python3.13/site-packages (from xgboost) (2.4.4)
Requirement already satisfied: scipy in /home/cxc/dev/miniconda3/lib/python3.13/site-packages (from xgboost) (1.17.1)
/home/cxc/dev/miniconda3/lib/python3.13/site-packages/sklearn/utils/validation.py:2691: UserWarning: X does not have valid feature names, but LGBMRanker was fitted with feature names
  warnings.warn(
Requirement already satisfied: xgboost in /home/cxc/dev/miniconda3/lib/python3.13/site-packages (3.2.0)
Requirement already satisfied: numpy in /home/cxc/dev/miniconda3/lib/python3.13/site-packages (from xgboost) (2.4.4)
Requirement already satisfied: scipy in /home/cxc/dev/miniconda3/lib/python3.13/site-packages (from xgboost) (1.17.1)
/home/cxc/dev/miniconda3/lib/python3.13/site-packages/sklearn/utils/validation.py:2691: UserWarning: X does not have valid feature names, but LGBMRanker was fitted with feature names
  warnings.warn(
Requirement already satisfied: xgboost in /home/cxc/dev/miniconda3/lib/python3.13/site-packages (3.2.0)
Requirement already satisfied: numpy in /home/cxc/dev/miniconda3/lib/python3.13/site-packages (from xgboost) (2.4.4)
Requirement already satisfied: scipy in /home/cxc/dev/miniconda3/lib/python3.13/site-packages (from xgboost) (1.17.1)
/home/cxc/dev/miniconda3/lib/python3.13/site-packages/sklearn/utils/validation.py:2691: UserWarning: X does not have valid feature names, but LGBMRanker was fitted with feature names
  warnings.warn(
Requirement already satisfied: xgboost in /home/cxc/dev/miniconda3/lib/python3.13/site-packages (3.2.0)
Requirement already satisfied: numpy in /home/cxc/dev/miniconda3/lib/python3.13/site-packages (from xgboost) (2.4.4)
Requirement already satisfied: scipy in /home/cxc/dev/miniconda3/lib/python3.13/site-packages (from xgboost) (1.17.1)
/home/cxc/dev/miniconda3/lib/python3.13/site-packages/sklearn/utils/validation.py:2691: UserWarning: X does not have valid feature names, but LGBMRanker was fitted with feature names
  warnings.warn(
Requirement already satisfied: xgboost in /home/cxc/dev/miniconda3/lib/python3.13/site-packages (3.2.0)
Requirement already satisfied: numpy in /home/cxc/dev/miniconda3/lib/python3.13/site-packages (from xgboost) (2.4.4)
Requirement already satisfied: scipy in /home/cxc/dev/miniconda3/lib/python3.13/site-packages (from xgboost) (1.17.1)
/home/cxc/dev/miniconda3/lib/python3.13/site-packages/sklearn/utils/validation.py:2691: UserWarning: X does not have valid feature names, but LGBMRanker was fitted with feature names
  warnings.warn(
Requirement already satisfied: xgboost in /home/cxc/dev/miniconda3/lib/python3.13/site-packages (3.2.0)
Requirement already satisfied: numpy in /home/cxc/dev/miniconda3/lib/python3.13/site-packages (from xgboost) (2.4.4)
Requirement already satisfied: scipy in /home/cxc/dev/miniconda3/lib/python3.13/site-packages (from xgboost) (1.17.1)
/home/cxc/dev/miniconda3/lib/python3.13/site-packages/sklearn/utils/validation.py:2691: UserWarning: X does not have valid feature names, but LGBMRanker was fitted with feature names
  warnings.warn(
Requirement already satisfied: xgboost in /home/cxc/dev/miniconda3/lib/python3.13/site-packages (3.2.0)
Requirement already satisfied: numpy in /home/cxc/dev/miniconda3/lib/python3.13/site-packages (from xgboost) (2.4.4)
Requirement already satisfied: scipy in /home/cxc/dev/miniconda3/lib/python3.13/site-packages (from xgboost) (1.17.1)
/home/cxc/dev/miniconda3/lib/python3.13/site-packages/sklearn/utils/validation.py:2691: UserWarning: X does not have valid feature names, but LGBMRanker was fitted with feature names
  warnings.warn(
Requirement already satisfied: xgboost in /home/cxc/dev/miniconda3/lib/python3.13/site-packages (3.2.0)
Requirement already satisfied: numpy in /home/cxc/dev/miniconda3/lib/python3.13/site-packages (from xgboost) (2.4.4)
Requirement already satisfied: scipy in /home/cxc/dev/miniconda3/lib/python3.13/site-packages (from xgboost) (1.17.1)
{
  "schema": "moebench.paper_reconstruct_cv_extras.v2",
  "dataset_root": "/home/cxc/MoEBench/dataset",
  "suites_requested": [
    "unixbench"
  ],
  "eval_partial_k_list": [
    3
  ],
  "train_k_range_requested": [
    2,
    6
  ],
  "pts_suite_target": "logmean",
  "model_type": "xgboost",
  "policies": [
    "router"
  ],
  "xi_ablations": [
    "full",
    "static_hw_only",
    "no_perf_pmu",
    "no_dynamic_proc",
    "no_gpu"
  ],
  "suite_results": [
    {
      "suite_key": "unixbench",
      "pts_suite_filter": null,
      "glob_pattern": "iZbp16krl0yc7euw7sb6slZ_[0-9][0-9][0-9][0-9][0-9][0-9][0-9][0-9]T[0-9][0-9][0-9][0-9][0-9][0-9]Z/run-*.json",
      "cv_mode_effective": "random_fold",
      "folds_effective": 5,
      "sessions": [
        "iZbp16krl0yc7euw7sb6slZ_20260524T103905Z"
      ],
      "n_samples": 5,
      "num_profiles_or_subtests": 12,
      "profile_ids_head": [
        "dhry2reg",
        "whetstone-double",
        "execl",
        "fstime",
        "fsbuffer",
        "fsdisk",
        "pipe",
        "context1"
      ],
      "combinations": [
        {
          "suite_key": "unixbench",
          "xi_ablation": "full",
          "benchmark": "unixbench",
          "eval_partial_k": 3,
          "policy": "router",
          "oof_metrics": {
            "mae_all_targets": 9.653359750600968,
            "rmse_all_targets": 17.266130129184663,
            "mae_subtest_index_only": 10.18284301757813,
            "rmse_subtest_index_only": 17.944854628169963,
            "mae_suite_index": 3.2995605468750453,
            "rmse_suite_index": 3.36697991965558,
            "spearman_suite": -0.09999999999999999,
            "kendall_tau_suite": -0.1111111111111111,
            "median_bucket_accuracy_suite": 0.4
          },
          "per_fold_metrics": [
            {
              "mae_all_targets": 8.892213792067363,
              "rmse_all_targets": 15.32794279553699,
              "mae_subtest_index_only": 9.457177734375051,
              "rmse_subtest_index_only": 15.942167667578865,
              "mae_suite_index": 2.112646484375091,
              "rmse_suite_index": 2.112646484375091,
              "spearman_suite": NaN,
              "kendall_tau_suite": NaN,
              "fold": 0,
              "n_val": 1,
              "median_bucket_accuracy_suite": NaN,
              "mean_eval_wall_saved_fraction": 0.84375
            },
            {
              "mae_all_targets": 9.281140136718774,
              "rmse_all_targets": 16.686084517354452,
              "mae_subtest_index_only": 9.710981241862006,
              "rmse_subtest_index_only": 17.32659540328682,
              "mae_suite_index": 4.123046875,
              "rmse_suite_index": 4.123046875,
              "spearman_suite": NaN,
              "kendall_tau_suite": NaN,
              "fold": 1,
              "n_val": 1,
              "median_bucket_accuracy_suite": NaN,
              "mean_eval_wall_saved_fraction": 0.8434864104967197
            },
            {
              "mae_all_targets": 8.02872596153848,
              "rmse_all_targets": 12.07527578354092,
              "mae_subtest_index_only": 8.389575195312517,
              "rmse_subtest_index_only": 12.522914150765754,
              "mae_suite_index": 3.6985351562500455,
              "rmse_suite_index": 3.6985351562500455,
              "spearman_suite": NaN,
              "kendall_tau_suite": NaN,
              "fold": 2,
              "n_val": 1,
              "median_bucket_accuracy_suite": NaN,
              "mean_eval_wall_saved_fraction": 0.84375
            },
            {
              "mae_all_targets": 13.335386305588932,
              "rmse_all_targets": 25.171871470510595,
              "mae_subtest_index_only": 14.171788533528627,
              "rmse_subtest_index_only": 26.182404998433377,
              "mae_suite_index": 3.298559570312591,
              "rmse_suite_index": 3.298559570312591,
              "spearman_suite": NaN,
              "kendall_tau_suite": NaN,
              "fold": 3,
              "n_val": 1,
              "median_bucket_accuracy_suite": NaN,
              "mean_eval_wall_saved_fraction": 0.8440137542982182
            },
            {
              "mae_all_targets": 8.729332557091293,
              "rmse_all_targets": 14.063769151606078,
              "mae_subtest_index_only": 9.184692382812443,
              "rmse_subtest_index_only": 14.607659278300877,
              "mae_suite_index": 3.2650146484375,
              "rmse_suite_index": 3.2650146484375,
              "spearman_suite": NaN,
              "kendall_tau_suite": NaN,
              "fold": 4,
              "n_val": 1,
              "median_bucket_accuracy_suite": NaN,
              "mean_eval_wall_saved_fraction": 0.8440137542982182
            }
          ],
          "time_savings": {
            "mean_fraction_wall_time_saved_vs_full_suite": 0.8438027838186312,
            "description": "Eval subset; UnixBench ti.by_test_id parallel key 1 (single-copy)."
          },
          "n_oof": 5
        },
        {
          "suite_key": "unixbench",
          "xi_ablation": "static_hw_only",
          "benchmark": "unixbench",
          "eval_partial_k": 3,
          "policy": "router",
          "oof_metrics": {
            "mae_all_targets": 8.432173602764431,
            "rmse_all_targets": 17.187430052368434,
            "mae_subtest_index_only": 8.90795166015626,
            "rmse_subtest_index_only": 17.869956968765578,
            "mae_suite_index": 2.7228369140625093,
            "rmse_suite_index": 2.876878287197276,
            "spearman_suite": -0.39999999999999997,
            "kendall_tau_suite": -0.3333333333333333,
            "median_bucket_accuracy_suite": 0.2
          },
          "per_fold_metrics": [
            {
              "mae_all_targets": 7.17025615985581,
              "rmse_all_targets": 11.744203073097763,
              "mae_subtest_index_only": 7.59815266927087,
              "rmse_subtest_index_only": 12.209622992368336,
              "mae_suite_index": 2.035498046875091,
              "rmse_suite_index": 2.035498046875091,
              "spearman_suite": NaN,
              "kendall_tau_suite": NaN,
              "fold": 0,
              "n_val": 1,
              "median_bucket_accuracy_suite": NaN,
              "mean_eval_wall_saved_fraction": 0.84375
            },
            {
              "mae_all_targets": 8.220534104567324,
              "rmse_all_targets": 14.112251737015495,
              "mae_subtest_index_only": 8.677480061848977,
              "rmse_subtest_index_only": 14.667228974474087,
              "mae_suite_index": 2.7371826171875,
              "rmse_suite_index": 2.7371826171875,
              "spearman_suite": NaN,
              "kendall_tau_suite": NaN,
              "fold": 1,
              "n_val": 1,
              "median_bucket_accuracy_suite": NaN,
              "mean_eval_wall_saved_fraction": 0.8434864104967197
            },
            {
              "mae_all_targets": 6.78895827073322,
              "rmse_all_targets": 10.86238822827227,
              "mae_subtest_index_only": 7.0427907307943185,
              "rmse_subtest_index_only": 11.254182182707039,
              "mae_suite_index": 3.7429687500000455,
              "rmse_suite_index": 3.7429687500000455,
              "spearman_suite": NaN,
              "kendall_tau_suite": NaN,
              "fold": 2,
              "n_val": 1,
              "median_bucket_accuracy_suite": NaN,
              "mean_eval_wall_saved_fraction": 0.84375
            },
            {
              "mae_all_targets": 13.55843599759613,
              "rmse_all_targets": 30.48864290003997,
              "mae_subtest_index_only": 14.573394775390605,
              "rmse_subtest_index_only": 31.731088917579132,
              "mae_suite_index": 1.378930664062409,
              "rmse_suite_index": 1.378930664062409,
              "spearman_suite": NaN,
              "kendall_tau_suite": NaN,
              "fold": 3,
              "n_val": 1,
              "median_bucket_accuracy_suite": NaN,
              "mean_eval_wall_saved_fraction": 0.8440137542982182
            },
            {
              "mae_all_targets": 6.422683481069673,
              "rmse_all_targets": 9.612906959206802,
              "mae_subtest_index_only": 6.647940063476521,
              "rmse_subtest_index_only": 9.947647481961349,
              "mae_suite_index": 3.7196044921875,
              "rmse_suite_index": 3.7196044921875,
              "spearman_suite": NaN,
              "kendall_tau_suite": NaN,
              "fold": 4,
              "n_val": 1,
              "median_bucket_accuracy_suite": NaN,
              "mean_eval_wall_saved_fraction": 0.8440137542982182
            }
          ],
          "time_savings": {
            "mean_fraction_wall_time_saved_vs_full_suite": 0.8438027838186312,
            "description": "Eval subset; UnixBench ti.by_test_id parallel key 1 (single-copy)."
          },
          "n_oof": 5
        },
        {
          "suite_key": "unixbench",
          "xi_ablation": "no_perf_pmu",
          "benchmark": "unixbench",
          "eval_partial_k": 3,
          "policy": "router",
          "oof_metrics": {
            "mae_all_targets": 9.653359750600968,
            "rmse_all_targets": 17.266130129184663,
            "mae_subtest_index_only": 10.18284301757813,
            "rmse_subtest_index_only": 17.944854628169963,
            "mae_suite_index": 3.2995605468750453,
            "rmse_suite_index": 3.36697991965558,
            "spearman_suite": -0.09999999999999999,
            "kendall_tau_suite": -0.1111111111111111,
            "median_bucket_accuracy_suite": 0.4
          },
          "per_fold_metrics": [
            {
              "mae_all_targets": 8.892213792067363,
              "rmse_all_targets": 15.32794279553699,
              "mae_subtest_index_only": 9.457177734375051,
              "rmse_subtest_index_only": 15.942167667578865,
              "mae_suite_index": 2.112646484375091,
              "rmse_suite_index": 2.112646484375091,
              "spearman_suite": NaN,
              "kendall_tau_suite": NaN,
              "fold": 0,
              "n_val": 1,
              "median_bucket_accuracy_suite": NaN,
              "mean_eval_wall_saved_fraction": 0.84375
            },
            {
              "mae_all_targets": 9.281140136718774,
              "rmse_all_targets": 16.686084517354452,
              "mae_subtest_index_only": 9.710981241862006,
              "rmse_subtest_index_only": 17.32659540328682,
              "mae_suite_index": 4.123046875,
              "rmse_suite_index": 4.123046875,
              "spearman_suite": NaN,
              "kendall_tau_suite": NaN,
              "fold": 1,
              "n_val": 1,
              "median_bucket_accuracy_suite": NaN,
              "mean_eval_wall_saved_fraction": 0.8434864104967197
            },
            {
              "mae_all_targets": 8.02872596153848,
              "rmse_all_targets": 12.07527578354092,
              "mae_subtest_index_only": 8.389575195312517,
              "rmse_subtest_index_only": 12.522914150765754,
              "mae_suite_index": 3.6985351562500455,
              "rmse_suite_index": 3.6985351562500455,
              "spearman_suite": NaN,
              "kendall_tau_suite": NaN,
              "fold": 2,
              "n_val": 1,
              "median_bucket_accuracy_suite": NaN,
              "mean_eval_wall_saved_fraction": 0.84375
            },
            {
              "mae_all_targets": 13.335386305588932,
              "rmse_all_targets": 25.171871470510595,
              "mae_subtest_index_only": 14.171788533528627,
              "rmse_subtest_index_only": 26.182404998433377,
              "mae_suite_index": 3.298559570312591,
              "rmse_suite_index": 3.298559570312591,
              "spearman_suite": NaN,
              "kendall_tau_suite": NaN,
              "fold": 3,
              "n_val": 1,
              "median_bucket_accuracy_suite": NaN,
              "mean_eval_wall_saved_fraction": 0.8440137542982182
            },
            {
              "mae_all_targets": 8.729332557091293,
              "rmse_all_targets": 14.063769151606078,
              "mae_subtest_index_only": 9.184692382812443,
              "rmse_subtest_index_only": 14.607659278300877,
              "mae_suite_index": 3.2650146484375,
              "rmse_suite_index": 3.2650146484375,
              "spearman_suite": NaN,
              "kendall_tau_suite": NaN,
              "fold": 4,
              "n_val": 1,
              "median_bucket_accuracy_suite": NaN,
              "mean_eval_wall_saved_fraction": 0.8440137542982182
            }
          ],
          "time_savings": {
            "mean_fraction_wall_time_saved_vs_full_suite": 0.8438027838186312,
            "description": "Eval subset; UnixBench ti.by_test_id parallel key 1 (single-copy)."
          },
          "n_oof": 5
        },
        {
          "suite_key": "unixbench",
          "xi_ablation": "no_dynamic_proc",
          "benchmark": "unixbench",
          "eval_partial_k": 3,
          "policy": "router",
          "oof_metrics": {
            "mae_all_targets": 8.432173602764431,
            "rmse_all_targets": 17.187430052368434,
            "mae_subtest_index_only": 8.90795166015626,
            "rmse_subtest_index_only": 17.869956968765578,
            "mae_suite_index": 2.7228369140625093,
            "rmse_suite_index": 2.876878287197276,
            "spearman_suite": -0.39999999999999997,
            "kendall_tau_suite": -0.3333333333333333,
            "median_bucket_accuracy_suite": 0.2
          },
          "per_fold_metrics": [
            {
              "mae_all_targets": 7.17025615985581,
              "rmse_all_targets": 11.744203073097763,
              "mae_subtest_index_only": 7.59815266927087,
              "rmse_subtest_index_only": 12.209622992368336,
              "mae_suite_index": 2.035498046875091,
              "rmse_suite_index": 2.035498046875091,
              "spearman_suite": NaN,
              "kendall_tau_suite": NaN,
              "fold": 0,
              "n_val": 1,
              "median_bucket_accuracy_suite": NaN,
              "mean_eval_wall_saved_fraction": 0.84375
            },
            {
              "mae_all_targets": 8.220534104567324,
              "rmse_all_targets": 14.112251737015495,
              "mae_subtest_index_only": 8.677480061848977,
              "rmse_subtest_index_only": 14.667228974474087,
              "mae_suite_index": 2.7371826171875,
              "rmse_suite_index": 2.7371826171875,
              "spearman_suite": NaN,
              "kendall_tau_suite": NaN,
              "fold": 1,
              "n_val": 1,
              "median_bucket_accuracy_suite": NaN,
              "mean_eval_wall_saved_fraction": 0.8434864104967197
            },
            {
              "mae_all_targets": 6.78895827073322,
              "rmse_all_targets": 10.86238822827227,
              "mae_subtest_index_only": 7.0427907307943185,
              "rmse_subtest_index_only": 11.254182182707039,
              "mae_suite_index": 3.7429687500000455,
              "rmse_suite_index": 3.7429687500000455,
              "spearman_suite": NaN,
              "kendall_tau_suite": NaN,
              "fold": 2,
              "n_val": 1,
              "median_bucket_accuracy_suite": NaN,
              "mean_eval_wall_saved_fraction": 0.84375
            },
            {
              "mae_all_targets": 13.55843599759613,
              "rmse_all_targets": 30.48864290003997,
              "mae_subtest_index_only": 14.573394775390605,
              "rmse_subtest_index_only": 31.731088917579132,
              "mae_suite_index": 1.378930664062409,
              "rmse_suite_index": 1.378930664062409,
              "spearman_suite": NaN,
              "kendall_tau_suite": NaN,
              "fold": 3,
              "n_val": 1,
              "median_bucket_accuracy_suite": NaN,
              "mean_eval_wall_saved_fraction": 0.8440137542982182
            },
            {
              "mae_all_targets": 6.422683481069673,
              "rmse_all_targets": 9.612906959206802,
              "mae_subtest_index_only": 6.647940063476521,
              "rmse_subtest_index_only": 9.947647481961349,
              "mae_suite_index": 3.7196044921875,
              "rmse_suite_index": 3.7196044921875,
              "spearman_suite": NaN,
              "kendall_tau_suite": NaN,
              "fold": 4,
              "n_val": 1,
              "median_bucket_accuracy_suite": NaN,
              "mean_eval_wall_saved_fraction": 0.8440137542982182
            }
          ],
          "time_savings": {
            "mean_fraction_wall_time_saved_vs_full_suite": 0.8438027838186312,
            "description": "Eval subset; UnixBench ti.by_test_id parallel key 1 (single-copy)."
          },
          "n_oof": 5
        },
        {
          "suite_key": "unixbench",
          "xi_ablation": "no_gpu",
          "benchmark": "unixbench",
          "eval_partial_k": 3,
          "policy": "router",
          "oof_metrics": {
            "mae_all_targets": 9.653359750600968,
            "rmse_all_targets": 17.266130129184663,
            "mae_subtest_index_only": 10.18284301757813,
            "rmse_subtest_index_only": 17.944854628169963,
            "mae_suite_index": 3.2995605468750453,
            "rmse_suite_index": 3.36697991965558,
            "spearman_suite": -0.09999999999999999,
            "kendall_tau_suite": -0.1111111111111111,
            "median_bucket_accuracy_suite": 0.4
          },
          "per_fold_metrics": [
            {
              "mae_all_targets": 8.892213792067363,
              "rmse_all_targets": 15.32794279553699,
              "mae_subtest_index_only": 9.457177734375051,
              "rmse_subtest_index_only": 15.942167667578865,
              "mae_suite_index": 2.112646484375091,
              "rmse_suite_index": 2.112646484375091,
              "spearman_suite": NaN,
              "kendall_tau_suite": NaN,
              "fold": 0,
              "n_val": 1,
              "median_bucket_accuracy_suite": NaN,
              "mean_eval_wall_saved_fraction": 0.84375
            },
            {
              "mae_all_targets": 9.281140136718774,
              "rmse_all_targets": 16.686084517354452,
              "mae_subtest_index_only": 9.710981241862006,
              "rmse_subtest_index_only": 17.32659540328682,
              "mae_suite_index": 4.123046875,
              "rmse_suite_index": 4.123046875,
              "spearman_suite": NaN,
              "kendall_tau_suite": NaN,
              "fold": 1,
              "n_val": 1,
              "median_bucket_accuracy_suite": NaN,
              "mean_eval_wall_saved_fraction": 0.8434864104967197
            },
            {
              "mae_all_targets": 8.02872596153848,
              "rmse_all_targets": 12.07527578354092,
              "mae_subtest_index_only": 8.389575195312517,
              "rmse_subtest_index_only": 12.522914150765754,
              "mae_suite_index": 3.6985351562500455,
              "rmse_suite_index": 3.6985351562500455,
              "spearman_suite": NaN,
              "kendall_tau_suite": NaN,
              "fold": 2,
              "n_val": 1,
              "median_bucket_accuracy_suite": NaN,
              "mean_eval_wall_saved_fraction": 0.84375
            },
            {
              "mae_all_targets": 13.335386305588932,
              "rmse_all_targets": 25.171871470510595,
              "mae_subtest_index_only": 14.171788533528627,
              "rmse_subtest_index_only": 26.182404998433377,
              "mae_suite_index": 3.298559570312591,
              "rmse_suite_index": 3.298559570312591,
              "spearman_suite": NaN,
              "kendall_tau_suite": NaN,
              "fold": 3,
              "n_val": 1,
              "median_bucket_accuracy_suite": NaN,
              "mean_eval_wall_saved_fraction": 0.8440137542982182
            },
            {
              "mae_all_targets": 8.729332557091293,
              "rmse_all_targets": 14.063769151606078,
              "mae_subtest_index_only": 9.184692382812443,
              "rmse_subtest_index_only": 14.607659278300877,
              "mae_suite_index": 3.2650146484375,
              "rmse_suite_index": 3.2650146484375,
              "spearman_suite": NaN,
              "kendall_tau_suite": NaN,
              "fold": 4,
              "n_val": 1,
              "median_bucket_accuracy_suite": NaN,
              "mean_eval_wall_saved_fraction": 0.8440137542982182
            }
          ],
          "time_savings": {
            "mean_fraction_wall_time_saved_vs_full_suite": 0.8438027838186312,
            "description": "Eval subset; UnixBench ti.by_test_id parallel key 1 (single-copy)."
          },
          "n_oof": 5
        }
      ]
    }
  ]
}
+ /home/cxc/dev/miniconda3/bin/python3 /home/cxc/MoEBench/scripts/paper_reconstruct_cv_extras.py --dataset-root /home/cxc/MoEBench/dataset --suites unixbench --cv-mode leave_one_session_out --seed 42 --model-type xgboost --log1p-partial-index --train-aug 10 --train-k-max 6 --xi-ablations full,static_hw_only,no_perf_pmu,no_dynamic_proc,no_gpu --report-json /home/cxc/MoEBench/dataset/paper_supplementary/xi_ablation_unixbench_iZbp1acaw5wdllhz47922rZ.json --auto-install --glob-unixbench iZbp1acaw5wdllhz47922rZ_[0-9][0-9][0-9][0-9][0-9][0-9][0-9][0-9]T[0-9][0-9][0-9][0-9][0-9][0-9]Z/run-*.json --router-model-unixbench /home/cxc/MoEBench/dataset/experiments/router_recon_grid_unixbench_iZbp1acaw5wdllhz47922rZ_20260524T141404Z/trained_models/router_lgbm.pkl --eval-partial-k 3 --policies router
[unixbench] leave_one_session_out needs >= 2 session dirs; got 1. Falling back to random_fold.
/home/cxc/dev/miniconda3/lib/python3.13/site-packages/sklearn/utils/validation.py:2691: UserWarning: X does not have valid feature names, but LGBMRanker was fitted with feature names
  warnings.warn(
Requirement already satisfied: xgboost in /home/cxc/dev/miniconda3/lib/python3.13/site-packages (3.2.0)
Requirement already satisfied: numpy in /home/cxc/dev/miniconda3/lib/python3.13/site-packages (from xgboost) (2.4.4)
Requirement already satisfied: scipy in /home/cxc/dev/miniconda3/lib/python3.13/site-packages (from xgboost) (1.17.1)
/home/cxc/dev/miniconda3/lib/python3.13/site-packages/sklearn/utils/validation.py:2691: UserWarning: X does not have valid feature names, but LGBMRanker was fitted with feature names
  warnings.warn(
Requirement already satisfied: xgboost in /home/cxc/dev/miniconda3/lib/python3.13/site-packages (3.2.0)
Requirement already satisfied: numpy in /home/cxc/dev/miniconda3/lib/python3.13/site-packages (from xgboost) (2.4.4)
Requirement already satisfied: scipy in /home/cxc/dev/miniconda3/lib/python3.13/site-packages (from xgboost) (1.17.1)
/home/cxc/dev/miniconda3/lib/python3.13/site-packages/sklearn/utils/validation.py:2691: UserWarning: X does not have valid feature names, but LGBMRanker was fitted with feature names
  warnings.warn(
Requirement already satisfied: xgboost in /home/cxc/dev/miniconda3/lib/python3.13/site-packages (3.2.0)
Requirement already satisfied: numpy in /home/cxc/dev/miniconda3/lib/python3.13/site-packages (from xgboost) (2.4.4)
Requirement already satisfied: scipy in /home/cxc/dev/miniconda3/lib/python3.13/site-packages (from xgboost) (1.17.1)
/home/cxc/dev/miniconda3/lib/python3.13/site-packages/sklearn/utils/validation.py:2691: UserWarning: X does not have valid feature names, but LGBMRanker was fitted with feature names
  warnings.warn(
Requirement already satisfied: xgboost in /home/cxc/dev/miniconda3/lib/python3.13/site-packages (3.2.0)
Requirement already satisfied: numpy in /home/cxc/dev/miniconda3/lib/python3.13/site-packages (from xgboost) (2.4.4)
Requirement already satisfied: scipy in /home/cxc/dev/miniconda3/lib/python3.13/site-packages (from xgboost) (1.17.1)
/home/cxc/dev/miniconda3/lib/python3.13/site-packages/sklearn/utils/validation.py:2691: UserWarning: X does not have valid feature names, but LGBMRanker was fitted with feature names
  warnings.warn(
Requirement already satisfied: xgboost in /home/cxc/dev/miniconda3/lib/python3.13/site-packages (3.2.0)
Requirement already satisfied: numpy in /home/cxc/dev/miniconda3/lib/python3.13/site-packages (from xgboost) (2.4.4)
Requirement already satisfied: scipy in /home/cxc/dev/miniconda3/lib/python3.13/site-packages (from xgboost) (1.17.1)
/home/cxc/dev/miniconda3/lib/python3.13/site-packages/sklearn/utils/validation.py:2691: UserWarning: X does not have valid feature names, but LGBMRanker was fitted with feature names
  warnings.warn(
Requirement already satisfied: xgboost in /home/cxc/dev/miniconda3/lib/python3.13/site-packages (3.2.0)
Requirement already satisfied: numpy in /home/cxc/dev/miniconda3/lib/python3.13/site-packages (from xgboost) (2.4.4)
Requirement already satisfied: scipy in /home/cxc/dev/miniconda3/lib/python3.13/site-packages (from xgboost) (1.17.1)
/home/cxc/dev/miniconda3/lib/python3.13/site-packages/sklearn/utils/validation.py:2691: UserWarning: X does not have valid feature names, but LGBMRanker was fitted with feature names
  warnings.warn(
Requirement already satisfied: xgboost in /home/cxc/dev/miniconda3/lib/python3.13/site-packages (3.2.0)
Requirement already satisfied: numpy in /home/cxc/dev/miniconda3/lib/python3.13/site-packages (from xgboost) (2.4.4)
Requirement already satisfied: scipy in /home/cxc/dev/miniconda3/lib/python3.13/site-packages (from xgboost) (1.17.1)
/home/cxc/dev/miniconda3/lib/python3.13/site-packages/sklearn/utils/validation.py:2691: UserWarning: X does not have valid feature names, but LGBMRanker was fitted with feature names
  warnings.warn(
Requirement already satisfied: xgboost in /home/cxc/dev/miniconda3/lib/python3.13/site-packages (3.2.0)
Requirement already satisfied: numpy in /home/cxc/dev/miniconda3/lib/python3.13/site-packages (from xgboost) (2.4.4)
Requirement already satisfied: scipy in /home/cxc/dev/miniconda3/lib/python3.13/site-packages (from xgboost) (1.17.1)
/home/cxc/dev/miniconda3/lib/python3.13/site-packages/sklearn/utils/validation.py:2691: UserWarning: X does not have valid feature names, but LGBMRanker was fitted with feature names
  warnings.warn(
Requirement already satisfied: xgboost in /home/cxc/dev/miniconda3/lib/python3.13/site-packages (3.2.0)
Requirement already satisfied: numpy in /home/cxc/dev/miniconda3/lib/python3.13/site-packages (from xgboost) (2.4.4)
Requirement already satisfied: scipy in /home/cxc/dev/miniconda3/lib/python3.13/site-packages (from xgboost) (1.17.1)
/home/cxc/dev/miniconda3/lib/python3.13/site-packages/sklearn/utils/validation.py:2691: UserWarning: X does not have valid feature names, but LGBMRanker was fitted with feature names
  warnings.warn(
Requirement already satisfied: xgboost in /home/cxc/dev/miniconda3/lib/python3.13/site-packages (3.2.0)
Requirement already satisfied: numpy in /home/cxc/dev/miniconda3/lib/python3.13/site-packages (from xgboost) (2.4.4)
Requirement already satisfied: scipy in /home/cxc/dev/miniconda3/lib/python3.13/site-packages (from xgboost) (1.17.1)
/home/cxc/dev/miniconda3/lib/python3.13/site-packages/sklearn/utils/validation.py:2691: UserWarning: X does not have valid feature names, but LGBMRanker was fitted with feature names
  warnings.warn(
Requirement already satisfied: xgboost in /home/cxc/dev/miniconda3/lib/python3.13/site-packages (3.2.0)
Requirement already satisfied: numpy in /home/cxc/dev/miniconda3/lib/python3.13/site-packages (from xgboost) (2.4.4)
Requirement already satisfied: scipy in /home/cxc/dev/miniconda3/lib/python3.13/site-packages (from xgboost) (1.17.1)
/home/cxc/dev/miniconda3/lib/python3.13/site-packages/sklearn/utils/validation.py:2691: UserWarning: X does not have valid feature names, but LGBMRanker was fitted with feature names
  warnings.warn(
Requirement already satisfied: xgboost in /home/cxc/dev/miniconda3/lib/python3.13/site-packages (3.2.0)
Requirement already satisfied: numpy in /home/cxc/dev/miniconda3/lib/python3.13/site-packages (from xgboost) (2.4.4)
Requirement already satisfied: scipy in /home/cxc/dev/miniconda3/lib/python3.13/site-packages (from xgboost) (1.17.1)
/home/cxc/dev/miniconda3/lib/python3.13/site-packages/sklearn/utils/validation.py:2691: UserWarning: X does not have valid feature names, but LGBMRanker was fitted with feature names
  warnings.warn(
Requirement already satisfied: xgboost in /home/cxc/dev/miniconda3/lib/python3.13/site-packages (3.2.0)
Requirement already satisfied: numpy in /home/cxc/dev/miniconda3/lib/python3.13/site-packages (from xgboost) (2.4.4)
Requirement already satisfied: scipy in /home/cxc/dev/miniconda3/lib/python3.13/site-packages (from xgboost) (1.17.1)
/home/cxc/dev/miniconda3/lib/python3.13/site-packages/sklearn/utils/validation.py:2691: UserWarning: X does not have valid feature names, but LGBMRanker was fitted with feature names
  warnings.warn(
Requirement already satisfied: xgboost in /home/cxc/dev/miniconda3/lib/python3.13/site-packages (3.2.0)
Requirement already satisfied: numpy in /home/cxc/dev/miniconda3/lib/python3.13/site-packages (from xgboost) (2.4.4)
Requirement already satisfied: scipy in /home/cxc/dev/miniconda3/lib/python3.13/site-packages (from xgboost) (1.17.1)
/home/cxc/dev/miniconda3/lib/python3.13/site-packages/sklearn/utils/validation.py:2691: UserWarning: X does not have valid feature names, but LGBMRanker was fitted with feature names
  warnings.warn(
Requirement already satisfied: xgboost in /home/cxc/dev/miniconda3/lib/python3.13/site-packages (3.2.0)
Requirement already satisfied: numpy in /home/cxc/dev/miniconda3/lib/python3.13/site-packages (from xgboost) (2.4.4)
Requirement already satisfied: scipy in /home/cxc/dev/miniconda3/lib/python3.13/site-packages (from xgboost) (1.17.1)
/home/cxc/dev/miniconda3/lib/python3.13/site-packages/sklearn/utils/validation.py:2691: UserWarning: X does not have valid feature names, but LGBMRanker was fitted with feature names
  warnings.warn(
Requirement already satisfied: xgboost in /home/cxc/dev/miniconda3/lib/python3.13/site-packages (3.2.0)
Requirement already satisfied: numpy in /home/cxc/dev/miniconda3/lib/python3.13/site-packages (from xgboost) (2.4.4)
Requirement already satisfied: scipy in /home/cxc/dev/miniconda3/lib/python3.13/site-packages (from xgboost) (1.17.1)
/home/cxc/dev/miniconda3/lib/python3.13/site-packages/sklearn/utils/validation.py:2691: UserWarning: X does not have valid feature names, but LGBMRanker was fitted with feature names
  warnings.warn(
Requirement already satisfied: xgboost in /home/cxc/dev/miniconda3/lib/python3.13/site-packages (3.2.0)
Requirement already satisfied: numpy in /home/cxc/dev/miniconda3/lib/python3.13/site-packages (from xgboost) (2.4.4)
Requirement already satisfied: scipy in /home/cxc/dev/miniconda3/lib/python3.13/site-packages (from xgboost) (1.17.1)
/home/cxc/dev/miniconda3/lib/python3.13/site-packages/sklearn/utils/validation.py:2691: UserWarning: X does not have valid feature names, but LGBMRanker was fitted with feature names
  warnings.warn(
Requirement already satisfied: xgboost in /home/cxc/dev/miniconda3/lib/python3.13/site-packages (3.2.0)
Requirement already satisfied: numpy in /home/cxc/dev/miniconda3/lib/python3.13/site-packages (from xgboost) (2.4.4)
Requirement already satisfied: scipy in /home/cxc/dev/miniconda3/lib/python3.13/site-packages (from xgboost) (1.17.1)
/home/cxc/dev/miniconda3/lib/python3.13/site-packages/sklearn/utils/validation.py:2691: UserWarning: X does not have valid feature names, but LGBMRanker was fitted with feature names
  warnings.warn(
Requirement already satisfied: xgboost in /home/cxc/dev/miniconda3/lib/python3.13/site-packages (3.2.0)
Requirement already satisfied: numpy in /home/cxc/dev/miniconda3/lib/python3.13/site-packages (from xgboost) (2.4.4)
Requirement already satisfied: scipy in /home/cxc/dev/miniconda3/lib/python3.13/site-packages (from xgboost) (1.17.1)
/home/cxc/dev/miniconda3/lib/python3.13/site-packages/sklearn/utils/validation.py:2691: UserWarning: X does not have valid feature names, but LGBMRanker was fitted with feature names
  warnings.warn(
Requirement already satisfied: xgboost in /home/cxc/dev/miniconda3/lib/python3.13/site-packages (3.2.0)
Requirement already satisfied: numpy in /home/cxc/dev/miniconda3/lib/python3.13/site-packages (from xgboost) (2.4.4)
Requirement already satisfied: scipy in /home/cxc/dev/miniconda3/lib/python3.13/site-packages (from xgboost) (1.17.1)
/home/cxc/dev/miniconda3/lib/python3.13/site-packages/sklearn/utils/validation.py:2691: UserWarning: X does not have valid feature names, but LGBMRanker was fitted with feature names
  warnings.warn(
Requirement already satisfied: xgboost in /home/cxc/dev/miniconda3/lib/python3.13/site-packages (3.2.0)
Requirement already satisfied: numpy in /home/cxc/dev/miniconda3/lib/python3.13/site-packages (from xgboost) (2.4.4)
Requirement already satisfied: scipy in /home/cxc/dev/miniconda3/lib/python3.13/site-packages (from xgboost) (1.17.1)
/home/cxc/dev/miniconda3/lib/python3.13/site-packages/sklearn/utils/validation.py:2691: UserWarning: X does not have valid feature names, but LGBMRanker was fitted with feature names
  warnings.warn(
Requirement already satisfied: xgboost in /home/cxc/dev/miniconda3/lib/python3.13/site-packages (3.2.0)
Requirement already satisfied: numpy in /home/cxc/dev/miniconda3/lib/python3.13/site-packages (from xgboost) (2.4.4)
Requirement already satisfied: scipy in /home/cxc/dev/miniconda3/lib/python3.13/site-packages (from xgboost) (1.17.1)
/home/cxc/dev/miniconda3/lib/python3.13/site-packages/sklearn/utils/validation.py:2691: UserWarning: X does not have valid feature names, but LGBMRanker was fitted with feature names
  warnings.warn(
Requirement already satisfied: xgboost in /home/cxc/dev/miniconda3/lib/python3.13/site-packages (3.2.0)
Requirement already satisfied: numpy in /home/cxc/dev/miniconda3/lib/python3.13/site-packages (from xgboost) (2.4.4)
Requirement already satisfied: scipy in /home/cxc/dev/miniconda3/lib/python3.13/site-packages (from xgboost) (1.17.1)
/home/cxc/dev/miniconda3/lib/python3.13/site-packages/sklearn/utils/validation.py:2691: UserWarning: X does not have valid feature names, but LGBMRanker was fitted with feature names
  warnings.warn(
Requirement already satisfied: xgboost in /home/cxc/dev/miniconda3/lib/python3.13/site-packages (3.2.0)
Requirement already satisfied: numpy in /home/cxc/dev/miniconda3/lib/python3.13/site-packages (from xgboost) (2.4.4)
Requirement already satisfied: scipy in /home/cxc/dev/miniconda3/lib/python3.13/site-packages (from xgboost) (1.17.1)
/home/cxc/dev/miniconda3/lib/python3.13/site-packages/sklearn/utils/validation.py:2691: UserWarning: X does not have valid feature names, but LGBMRanker was fitted with feature names
  warnings.warn(
Requirement already satisfied: xgboost in /home/cxc/dev/miniconda3/lib/python3.13/site-packages (3.2.0)
Requirement already satisfied: numpy in /home/cxc/dev/miniconda3/lib/python3.13/site-packages (from xgboost) (2.4.4)
Requirement already satisfied: scipy in /home/cxc/dev/miniconda3/lib/python3.13/site-packages (from xgboost) (1.17.1)
{
  "schema": "moebench.paper_reconstruct_cv_extras.v2",
  "dataset_root": "/home/cxc/MoEBench/dataset",
  "suites_requested": [
    "unixbench"
  ],
  "eval_partial_k_list": [
    3
  ],
  "train_k_range_requested": [
    2,
    6
  ],
  "pts_suite_target": "logmean",
  "model_type": "xgboost",
  "policies": [
    "router"
  ],
  "xi_ablations": [
    "full",
    "static_hw_only",
    "no_perf_pmu",
    "no_dynamic_proc",
    "no_gpu"
  ],
  "suite_results": [
    {
      "suite_key": "unixbench",
      "pts_suite_filter": null,
      "glob_pattern": "iZbp1acaw5wdllhz47922rZ_[0-9][0-9][0-9][0-9][0-9][0-9][0-9][0-9]T[0-9][0-9][0-9][0-9][0-9][0-9]Z/run-*.json",
      "cv_mode_effective": "random_fold",
      "folds_effective": 5,
      "sessions": [
        "iZbp1acaw5wdllhz47922rZ_20260524T103902Z"
      ],
      "n_samples": 5,
      "num_profiles_or_subtests": 12,
      "profile_ids_head": [
        "dhry2reg",
        "whetstone-double",
        "execl",
        "fstime",
        "fsbuffer",
        "fsdisk",
        "pipe",
        "context1"
      ],
      "combinations": [
        {
          "suite_key": "unixbench",
          "xi_ablation": "full",
          "benchmark": "unixbench",
          "eval_partial_k": 3,
          "policy": "router",
          "oof_metrics": {
            "mae_all_targets": 49.126051213191104,
            "rmse_all_targets": 82.96014672799568,
            "mae_subtest_index_only": 50.37216298421226,
            "rmse_subtest_index_only": 85.16001742954104,
            "mae_suite_index": 34.172709960937524,
            "rmse_suite_index": 49.43960420048508,
            "spearman_suite": -0.3,
            "kendall_tau_suite": -0.2,
            "median_bucket_accuracy_suite": 0.4
          },
          "per_fold_metrics": [
            {
              "mae_all_targets": 14.815304330679103,
              "rmse_all_targets": 32.120058516193986,
              "mae_subtest_index_only": 15.569029235839855,
              "rmse_subtest_index_only": 33.39008857507028,
              "mae_suite_index": 5.770605468750091,
              "rmse_suite_index": 5.770605468750091,
              "spearman_suite": NaN,
              "kendall_tau_suite": NaN,
              "fold": 0,
              "n_val": 1,
              "median_bucket_accuracy_suite": NaN,
              "mean_eval_wall_saved_fraction": 0.84375
            },
            {
              "mae_all_targets": 107.21100041316105,
              "rmse_all_targets": 131.5942101570682,
              "mae_subtest_index_only": 109.45554300944009,
              "rmse_subtest_index_only": 134.9929489460019,
              "mae_suite_index": 80.2764892578125,
              "rmse_suite_index": 80.2764892578125,
              "spearman_suite": NaN,
              "kendall_tau_suite": NaN,
              "fold": 1,
              "n_val": 1,
              "median_bucket_accuracy_suite": NaN,
              "mean_eval_wall_saved_fraction": 0.84375
            },
            {
              "mae_all_targets": 99.1296090932993,
              "rmse_all_targets": 122.26616623468841,
              "mae_subtest_index_only": 101.09883677164714,
              "rmse_subtest_index_only": 125.37846700200919,
              "mae_suite_index": 75.49887695312509,
              "rmse_suite_index": 75.49887695312509,
              "spearman_suite": NaN,
              "kendall_tau_suite": NaN,
              "fold": 2,
              "n_val": 1,
              "median_bucket_accuracy_suite": NaN,
              "mean_eval_wall_saved_fraction": 0.84375
            },
            {
              "mae_all_targets": 14.051219764122594,
              "rmse_all_targets": 30.778756182454085,
              "mae_subtest_index_only": 14.864464314778639,
              "rmse_subtest_index_only": 32.01157356585253,
              "mae_suite_index": 4.2922851562500455,
              "rmse_suite_index": 4.2922851562500455,
              "spearman_suite": NaN,
              "kendall_tau_suite": NaN,
              "fold": 3,
              "n_val": 1,
              "median_bucket_accuracy_suite": NaN,
              "mean_eval_wall_saved_fraction": 0.84375
            },
            {
              "mae_all_targets": 10.423122464693515,
              "rmse_all_targets": 12.91697262670645,
              "mae_subtest_index_only": 10.872941589355483,
              "rmse_subtest_index_only": 13.365916836261556,
              "mae_suite_index": 5.025292968749909,
              "rmse_suite_index": 5.025292968749909,
              "spearman_suite": NaN,
              "kendall_tau_suite": NaN,
              "fold": 4,
              "n_val": 1,
              "median_bucket_accuracy_suite": NaN,
              "mean_eval_wall_saved_fraction": 0.84375
            }
          ],
          "time_savings": {
            "mean_fraction_wall_time_saved_vs_full_suite": 0.84375,
            "description": "Eval subset; UnixBench ti.by_test_id parallel key 1 (single-copy)."
          },
          "n_oof": 5
        },
        {
          "suite_key": "unixbench",
          "xi_ablation": "static_hw_only",
          "benchmark": "unixbench",
          "eval_partial_k": 3,
          "policy": "router",
          "oof_metrics": {
            "mae_all_targets": 38.88352247971755,
            "rmse_all_targets": 58.44787494298848,
            "mae_subtest_index_only": 39.76464447021485,
            "rmse_subtest_index_only": 60.00834070654335,
            "mae_suite_index": 28.310058593750046,
            "rmse_suite_index": 34.61201608307161,
            "spearman_suite": 0.3,
            "kendall_tau_suite": 0.2,
            "median_bucket_accuracy_suite": 0.4
          },
          "per_fold_metrics": [
            {
              "mae_all_targets": 38.11983924278846,
              "rmse_all_targets": 52.62123581532079,
              "mae_subtest_index_only": 38.81049194335937,
              "rmse_subtest_index_only": 54.088645860022666,
              "mae_suite_index": 29.83200683593759,
              "rmse_suite_index": 29.83200683593759,
              "spearman_suite": NaN,
              "kendall_tau_suite": NaN,
              "fold": 0,
              "n_val": 1,
              "median_bucket_accuracy_suite": NaN,
              "mean_eval_wall_saved_fraction": 0.84375
            },
            {
              "mae_all_targets": 40.78375431941107,
              "rmse_all_targets": 50.56216228193649,
              "mae_subtest_index_only": 41.25754496256511,
              "rmse_subtest_index_only": 51.642223512426575,
              "mae_suite_index": 35.0982666015625,
              "rmse_suite_index": 35.0982666015625,
              "spearman_suite": NaN,
              "kendall_tau_suite": NaN,
              "fold": 1,
              "n_val": 1,
              "median_bucket_accuracy_suite": NaN,
              "mean_eval_wall_saved_fraction": 0.84375
            },
            {
              "mae_all_targets": 81.56856454702526,
              "rmse_all_targets": 101.02056696355073,
              "mae_subtest_index_only": 83.26778208414713,
              "rmse_subtest_index_only": 103.65176967344037,
              "mae_suite_index": 61.17795410156259,
              "rmse_suite_index": 61.17795410156259,
              "spearman_suite": NaN,
              "kendall_tau_suite": NaN,
              "fold": 2,
              "n_val": 1,
              "median_bucket_accuracy_suite": NaN,
              "mean_eval_wall_saved_fraction": 0.84375
            },
            {
              "mae_all_targets": 25.820381986177885,
              "rmse_all_targets": 37.494019324021004,
              "mae_subtest_index_only": 27.18252360026042,
              "rmse_subtest_index_only": 38.92904838208261,
              "mae_suite_index": 9.474682617187455,
              "rmse_suite_index": 9.474682617187455,
              "spearman_suite": NaN,
              "kendall_tau_suite": NaN,
              "fold": 3,
              "n_val": 1,
              "median_bucket_accuracy_suite": NaN,
              "mean_eval_wall_saved_fraction": 0.84375
            },
            {
              "mae_all_targets": 8.125072303185098,
              "rmse_all_targets": 12.011963981477829,
              "mae_subtest_index_only": 8.304879760742182,
              "rmse_subtest_index_only": 12.383204234530897,
              "mae_suite_index": 5.967382812500091,
              "rmse_suite_index": 5.967382812500091,
              "spearman_suite": NaN,
              "kendall_tau_suite": NaN,
              "fold": 4,
              "n_val": 1,
              "median_bucket_accuracy_suite": NaN,
              "mean_eval_wall_saved_fraction": 0.84375
            }
          ],
          "time_savings": {
            "mean_fraction_wall_time_saved_vs_full_suite": 0.84375,
            "description": "Eval subset; UnixBench ti.by_test_id parallel key 1 (single-copy)."
          },
          "n_oof": 5
        },
        {
          "suite_key": "unixbench",
          "xi_ablation": "no_perf_pmu",
          "benchmark": "unixbench",
          "eval_partial_k": 3,
          "policy": "router",
          "oof_metrics": {
            "mae_all_targets": 49.126051213191104,
            "rmse_all_targets": 82.96014672799568,
            "mae_subtest_index_only": 50.37216298421226,
            "rmse_subtest_index_only": 85.16001742954104,
            "mae_suite_index": 34.172709960937524,
            "rmse_suite_index": 49.43960420048508,
            "spearman_suite": -0.3,
            "kendall_tau_suite": -0.2,
            "median_bucket_accuracy_suite": 0.4
          },
          "per_fold_metrics": [
            {
              "mae_all_targets": 14.815304330679103,
              "rmse_all_targets": 32.120058516193986,
              "mae_subtest_index_only": 15.569029235839855,
              "rmse_subtest_index_only": 33.39008857507028,
              "mae_suite_index": 5.770605468750091,
              "rmse_suite_index": 5.770605468750091,
              "spearman_suite": NaN,
              "kendall_tau_suite": NaN,
              "fold": 0,
              "n_val": 1,
              "median_bucket_accuracy_suite": NaN,
              "mean_eval_wall_saved_fraction": 0.84375
            },
            {
              "mae_all_targets": 107.21100041316105,
              "rmse_all_targets": 131.5942101570682,
              "mae_subtest_index_only": 109.45554300944009,
              "rmse_subtest_index_only": 134.9929489460019,
              "mae_suite_index": 80.2764892578125,
              "rmse_suite_index": 80.2764892578125,
              "spearman_suite": NaN,
              "kendall_tau_suite": NaN,
              "fold": 1,
              "n_val": 1,
              "median_bucket_accuracy_suite": NaN,
              "mean_eval_wall_saved_fraction": 0.84375
            },
            {
              "mae_all_targets": 99.1296090932993,
              "rmse_all_targets": 122.26616623468841,
              "mae_subtest_index_only": 101.09883677164714,
              "rmse_subtest_index_only": 125.37846700200919,
              "mae_suite_index": 75.49887695312509,
              "rmse_suite_index": 75.49887695312509,
              "spearman_suite": NaN,
              "kendall_tau_suite": NaN,
              "fold": 2,
              "n_val": 1,
              "median_bucket_accuracy_suite": NaN,
              "mean_eval_wall_saved_fraction": 0.84375
            },
            {
              "mae_all_targets": 14.051219764122594,
              "rmse_all_targets": 30.778756182454085,
              "mae_subtest_index_only": 14.864464314778639,
              "rmse_subtest_index_only": 32.01157356585253,
              "mae_suite_index": 4.2922851562500455,
              "rmse_suite_index": 4.2922851562500455,
              "spearman_suite": NaN,
              "kendall_tau_suite": NaN,
              "fold": 3,
              "n_val": 1,
              "median_bucket_accuracy_suite": NaN,
              "mean_eval_wall_saved_fraction": 0.84375
            },
            {
              "mae_all_targets": 10.423122464693515,
              "rmse_all_targets": 12.91697262670645,
              "mae_subtest_index_only": 10.872941589355483,
              "rmse_subtest_index_only": 13.365916836261556,
              "mae_suite_index": 5.025292968749909,
              "rmse_suite_index": 5.025292968749909,
              "spearman_suite": NaN,
              "kendall_tau_suite": NaN,
              "fold": 4,
              "n_val": 1,
              "median_bucket_accuracy_suite": NaN,
              "mean_eval_wall_saved_fraction": 0.84375
            }
          ],
          "time_savings": {
            "mean_fraction_wall_time_saved_vs_full_suite": 0.84375,
            "description": "Eval subset; UnixBench ti.by_test_id parallel key 1 (single-copy)."
          },
          "n_oof": 5
        },
        {
          "suite_key": "unixbench",
          "xi_ablation": "no_dynamic_proc",
          "benchmark": "unixbench",
          "eval_partial_k": 3,
          "policy": "router",
          "oof_metrics": {
            "mae_all_targets": 38.88352247971755,
            "rmse_all_targets": 58.44787494298848,
            "mae_subtest_index_only": 39.76464447021485,
            "rmse_subtest_index_only": 60.00834070654335,
            "mae_suite_index": 28.310058593750046,
            "rmse_suite_index": 34.61201608307161,
            "spearman_suite": 0.3,
            "kendall_tau_suite": 0.2,
            "median_bucket_accuracy_suite": 0.4
          },
          "per_fold_metrics": [
            {
              "mae_all_targets": 38.11983924278846,
              "rmse_all_targets": 52.62123581532079,
              "mae_subtest_index_only": 38.81049194335937,
              "rmse_subtest_index_only": 54.088645860022666,
              "mae_suite_index": 29.83200683593759,
              "rmse_suite_index": 29.83200683593759,
              "spearman_suite": NaN,
              "kendall_tau_suite": NaN,
              "fold": 0,
              "n_val": 1,
              "median_bucket_accuracy_suite": NaN,
              "mean_eval_wall_saved_fraction": 0.84375
            },
            {
              "mae_all_targets": 40.78375431941107,
              "rmse_all_targets": 50.56216228193649,
              "mae_subtest_index_only": 41.25754496256511,
              "rmse_subtest_index_only": 51.642223512426575,
              "mae_suite_index": 35.0982666015625,
              "rmse_suite_index": 35.0982666015625,
              "spearman_suite": NaN,
              "kendall_tau_suite": NaN,
              "fold": 1,
              "n_val": 1,
              "median_bucket_accuracy_suite": NaN,
              "mean_eval_wall_saved_fraction": 0.84375
            },
            {
              "mae_all_targets": 81.56856454702526,
              "rmse_all_targets": 101.02056696355073,
              "mae_subtest_index_only": 83.26778208414713,
              "rmse_subtest_index_only": 103.65176967344037,
              "mae_suite_index": 61.17795410156259,
              "rmse_suite_index": 61.17795410156259,
              "spearman_suite": NaN,
              "kendall_tau_suite": NaN,
              "fold": 2,
              "n_val": 1,
              "median_bucket_accuracy_suite": NaN,
              "mean_eval_wall_saved_fraction": 0.84375
            },
            {
              "mae_all_targets": 25.820381986177885,
              "rmse_all_targets": 37.494019324021004,
              "mae_subtest_index_only": 27.18252360026042,
              "rmse_subtest_index_only": 38.92904838208261,
              "mae_suite_index": 9.474682617187455,
              "rmse_suite_index": 9.474682617187455,
              "spearman_suite": NaN,
              "kendall_tau_suite": NaN,
              "fold": 3,
              "n_val": 1,
              "median_bucket_accuracy_suite": NaN,
              "mean_eval_wall_saved_fraction": 0.84375
            },
            {
              "mae_all_targets": 8.125072303185098,
              "rmse_all_targets": 12.011963981477829,
              "mae_subtest_index_only": 8.304879760742182,
              "rmse_subtest_index_only": 12.383204234530897,
              "mae_suite_index": 5.967382812500091,
              "rmse_suite_index": 5.967382812500091,
              "spearman_suite": NaN,
              "kendall_tau_suite": NaN,
              "fold": 4,
              "n_val": 1,
              "median_bucket_accuracy_suite": NaN,
              "mean_eval_wall_saved_fraction": 0.84375
            }
          ],
          "time_savings": {
            "mean_fraction_wall_time_saved_vs_full_suite": 0.84375,
            "description": "Eval subset; UnixBench ti.by_test_id parallel key 1 (single-copy)."
          },
          "n_oof": 5
        },
        {
          "suite_key": "unixbench",
          "xi_ablation": "no_gpu",
          "benchmark": "unixbench",
          "eval_partial_k": 3,
          "policy": "router",
          "oof_metrics": {
            "mae_all_targets": 49.126051213191104,
            "rmse_all_targets": 82.96014672799568,
            "mae_subtest_index_only": 50.37216298421226,
            "rmse_subtest_index_only": 85.16001742954104,
            "mae_suite_index": 34.172709960937524,
            "rmse_suite_index": 49.43960420048508,
            "spearman_suite": -0.3,
            "kendall_tau_suite": -0.2,
            "median_bucket_accuracy_suite": 0.4
          },
          "per_fold_metrics": [
            {
              "mae_all_targets": 14.815304330679103,
              "rmse_all_targets": 32.120058516193986,
              "mae_subtest_index_only": 15.569029235839855,
              "rmse_subtest_index_only": 33.39008857507028,
              "mae_suite_index": 5.770605468750091,
              "rmse_suite_index": 5.770605468750091,
              "spearman_suite": NaN,
              "kendall_tau_suite": NaN,
              "fold": 0,
              "n_val": 1,
              "median_bucket_accuracy_suite": NaN,
              "mean_eval_wall_saved_fraction": 0.84375
            },
            {
              "mae_all_targets": 107.21100041316105,
              "rmse_all_targets": 131.5942101570682,
              "mae_subtest_index_only": 109.45554300944009,
              "rmse_subtest_index_only": 134.9929489460019,
              "mae_suite_index": 80.2764892578125,
              "rmse_suite_index": 80.2764892578125,
              "spearman_suite": NaN,
              "kendall_tau_suite": NaN,
              "fold": 1,
              "n_val": 1,
              "median_bucket_accuracy_suite": NaN,
              "mean_eval_wall_saved_fraction": 0.84375
            },
            {
              "mae_all_targets": 99.1296090932993,
              "rmse_all_targets": 122.26616623468841,
              "mae_subtest_index_only": 101.09883677164714,
              "rmse_subtest_index_only": 125.37846700200919,
              "mae_suite_index": 75.49887695312509,
              "rmse_suite_index": 75.49887695312509,
              "spearman_suite": NaN,
              "kendall_tau_suite": NaN,
              "fold": 2,
              "n_val": 1,
              "median_bucket_accuracy_suite": NaN,
              "mean_eval_wall_saved_fraction": 0.84375
            },
            {
              "mae_all_targets": 14.051219764122594,
              "rmse_all_targets": 30.778756182454085,
              "mae_subtest_index_only": 14.864464314778639,
              "rmse_subtest_index_only": 32.01157356585253,
              "mae_suite_index": 4.2922851562500455,
              "rmse_suite_index": 4.2922851562500455,
              "spearman_suite": NaN,
              "kendall_tau_suite": NaN,
              "fold": 3,
              "n_val": 1,
              "median_bucket_accuracy_suite": NaN,
              "mean_eval_wall_saved_fraction": 0.84375
            },
            {
              "mae_all_targets": 10.423122464693515,
              "rmse_all_targets": 12.91697262670645,
              "mae_subtest_index_only": 10.872941589355483,
              "rmse_subtest_index_only": 13.365916836261556,
              "mae_suite_index": 5.025292968749909,
              "rmse_suite_index": 5.025292968749909,
              "spearman_suite": NaN,
              "kendall_tau_suite": NaN,
              "fold": 4,
              "n_val": 1,
              "median_bucket_accuracy_suite": NaN,
              "mean_eval_wall_saved_fraction": 0.84375
            }
          ],
          "time_savings": {
            "mean_fraction_wall_time_saved_vs_full_suite": 0.84375,
            "description": "Eval subset; UnixBench ti.by_test_id parallel key 1 (single-copy)."
          },
          "n_oof": 5
        }
      ]
    }
  ]
}
+ /home/cxc/dev/miniconda3/bin/python3 /home/cxc/MoEBench/scripts/paper_reconstruct_cv_extras.py --dataset-root /home/cxc/MoEBench/dataset --suites phoronix_cpu --cv-mode leave_one_session_out --seed 42 --model-type lightgbm --log1p-partial-value --train-aug 10 --train-k-max 12 --xi-ablations full,static_hw_only,no_perf_pmu,no_dynamic_proc,no_gpu --report-json /home/cxc/MoEBench/dataset/paper_supplementary/xi_ablation_phoronix_cpu_aces-System-Product-Name.json --auto-install --glob-pts-cpu aces-System-Product-Name_cpu_[0-9][0-9][0-9][0-9][0-9][0-9][0-9][0-9]T[0-9][0-9][0-9][0-9][0-9][0-9]Z/run-*.json --router-model-pts-cpu /home/cxc/MoEBench/dataset/experiments/router_recon_grid_cpu_aces-System-Product-Name_20260525T053213Z/trained_models/router_mlp.pt --eval-partial-k 3 --policies router
[phoronix_cpu] leave_one_session_out needs >= 2 session dirs; got 1. Falling back to random_fold.
Requirement already satisfied: lightgbm in /home/cxc/dev/miniconda3/lib/python3.13/site-packages (4.6.0)
Requirement already satisfied: numpy>=1.17.0 in /home/cxc/dev/miniconda3/lib/python3.13/site-packages (from lightgbm) (2.4.4)
Requirement already satisfied: scipy in /home/cxc/dev/miniconda3/lib/python3.13/site-packages (from lightgbm) (1.17.1)
Requirement already satisfied: lightgbm in /home/cxc/dev/miniconda3/lib/python3.13/site-packages (4.6.0)
Requirement already satisfied: numpy>=1.17.0 in /home/cxc/dev/miniconda3/lib/python3.13/site-packages (from lightgbm) (2.4.4)
Requirement already satisfied: scipy in /home/cxc/dev/miniconda3/lib/python3.13/site-packages (from lightgbm) (1.17.1)
Requirement already satisfied: lightgbm in /home/cxc/dev/miniconda3/lib/python3.13/site-packages (4.6.0)
Requirement already satisfied: numpy>=1.17.0 in /home/cxc/dev/miniconda3/lib/python3.13/site-packages (from lightgbm) (2.4.4)
Requirement already satisfied: scipy in /home/cxc/dev/miniconda3/lib/python3.13/site-packages (from lightgbm) (1.17.1)
Requirement already satisfied: lightgbm in /home/cxc/dev/miniconda3/lib/python3.13/site-packages (4.6.0)
Requirement already satisfied: numpy>=1.17.0 in /home/cxc/dev/miniconda3/lib/python3.13/site-packages (from lightgbm) (2.4.4)
Requirement already satisfied: scipy in /home/cxc/dev/miniconda3/lib/python3.13/site-packages (from lightgbm) (1.17.1)
Requirement already satisfied: lightgbm in /home/cxc/dev/miniconda3/lib/python3.13/site-packages (4.6.0)
Requirement already satisfied: numpy>=1.17.0 in /home/cxc/dev/miniconda3/lib/python3.13/site-packages (from lightgbm) (2.4.4)
Requirement already satisfied: scipy in /home/cxc/dev/miniconda3/lib/python3.13/site-packages (from lightgbm) (1.17.1)
Requirement already satisfied: lightgbm in /home/cxc/dev/miniconda3/lib/python3.13/site-packages (4.6.0)
Requirement already satisfied: numpy>=1.17.0 in /home/cxc/dev/miniconda3/lib/python3.13/site-packages (from lightgbm) (2.4.4)
Requirement already satisfied: scipy in /home/cxc/dev/miniconda3/lib/python3.13/site-packages (from lightgbm) (1.17.1)
Requirement already satisfied: lightgbm in /home/cxc/dev/miniconda3/lib/python3.13/site-packages (4.6.0)
Requirement already satisfied: numpy>=1.17.0 in /home/cxc/dev/miniconda3/lib/python3.13/site-packages (from lightgbm) (2.4.4)
Requirement already satisfied: scipy in /home/cxc/dev/miniconda3/lib/python3.13/site-packages (from lightgbm) (1.17.1)
Requirement already satisfied: lightgbm in /home/cxc/dev/miniconda3/lib/python3.13/site-packages (4.6.0)
Requirement already satisfied: numpy>=1.17.0 in /home/cxc/dev/miniconda3/lib/python3.13/site-packages (from lightgbm) (2.4.4)
Requirement already satisfied: scipy in /home/cxc/dev/miniconda3/lib/python3.13/site-packages (from lightgbm) (1.17.1)
Requirement already satisfied: lightgbm in /home/cxc/dev/miniconda3/lib/python3.13/site-packages (4.6.0)
Requirement already satisfied: numpy>=1.17.0 in /home/cxc/dev/miniconda3/lib/python3.13/site-packages (from lightgbm) (2.4.4)
Requirement already satisfied: scipy in /home/cxc/dev/miniconda3/lib/python3.13/site-packages (from lightgbm) (1.17.1)
Requirement already satisfied: lightgbm in /home/cxc/dev/miniconda3/lib/python3.13/site-packages (4.6.0)
Requirement already satisfied: numpy>=1.17.0 in /home/cxc/dev/miniconda3/lib/python3.13/site-packages (from lightgbm) (2.4.4)
Requirement already satisfied: scipy in /home/cxc/dev/miniconda3/lib/python3.13/site-packages (from lightgbm) (1.17.1)
Requirement already satisfied: lightgbm in /home/cxc/dev/miniconda3/lib/python3.13/site-packages (4.6.0)
Requirement already satisfied: numpy>=1.17.0 in /home/cxc/dev/miniconda3/lib/python3.13/site-packages (from lightgbm) (2.4.4)
Requirement already satisfied: scipy in /home/cxc/dev/miniconda3/lib/python3.13/site-packages (from lightgbm) (1.17.1)
Requirement already satisfied: lightgbm in /home/cxc/dev/miniconda3/lib/python3.13/site-packages (4.6.0)
Requirement already satisfied: numpy>=1.17.0 in /home/cxc/dev/miniconda3/lib/python3.13/site-packages (from lightgbm) (2.4.4)
Requirement already satisfied: scipy in /home/cxc/dev/miniconda3/lib/python3.13/site-packages (from lightgbm) (1.17.1)
Requirement already satisfied: lightgbm in /home/cxc/dev/miniconda3/lib/python3.13/site-packages (4.6.0)
Requirement already satisfied: numpy>=1.17.0 in /home/cxc/dev/miniconda3/lib/python3.13/site-packages (from lightgbm) (2.4.4)
Requirement already satisfied: scipy in /home/cxc/dev/miniconda3/lib/python3.13/site-packages (from lightgbm) (1.17.1)
Requirement already satisfied: lightgbm in /home/cxc/dev/miniconda3/lib/python3.13/site-packages (4.6.0)
Requirement already satisfied: numpy>=1.17.0 in /home/cxc/dev/miniconda3/lib/python3.13/site-packages (from lightgbm) (2.4.4)
Requirement already satisfied: scipy in /home/cxc/dev/miniconda3/lib/python3.13/site-packages (from lightgbm) (1.17.1)
Requirement already satisfied: lightgbm in /home/cxc/dev/miniconda3/lib/python3.13/site-packages (4.6.0)
Requirement already satisfied: numpy>=1.17.0 in /home/cxc/dev/miniconda3/lib/python3.13/site-packages (from lightgbm) (2.4.4)
Requirement already satisfied: scipy in /home/cxc/dev/miniconda3/lib/python3.13/site-packages (from lightgbm) (1.17.1)
Requirement already satisfied: lightgbm in /home/cxc/dev/miniconda3/lib/python3.13/site-packages (4.6.0)
Requirement already satisfied: numpy>=1.17.0 in /home/cxc/dev/miniconda3/lib/python3.13/site-packages (from lightgbm) (2.4.4)
Requirement already satisfied: scipy in /home/cxc/dev/miniconda3/lib/python3.13/site-packages (from lightgbm) (1.17.1)
Requirement already satisfied: lightgbm in /home/cxc/dev/miniconda3/lib/python3.13/site-packages (4.6.0)
Requirement already satisfied: numpy>=1.17.0 in /home/cxc/dev/miniconda3/lib/python3.13/site-packages (from lightgbm) (2.4.4)
Requirement already satisfied: scipy in /home/cxc/dev/miniconda3/lib/python3.13/site-packages (from lightgbm) (1.17.1)
Requirement already satisfied: lightgbm in /home/cxc/dev/miniconda3/lib/python3.13/site-packages (4.6.0)
Requirement already satisfied: numpy>=1.17.0 in /home/cxc/dev/miniconda3/lib/python3.13/site-packages (from lightgbm) (2.4.4)
Requirement already satisfied: scipy in /home/cxc/dev/miniconda3/lib/python3.13/site-packages (from lightgbm) (1.17.1)
Requirement already satisfied: lightgbm in /home/cxc/dev/miniconda3/lib/python3.13/site-packages (4.6.0)
Requirement already satisfied: numpy>=1.17.0 in /home/cxc/dev/miniconda3/lib/python3.13/site-packages (from lightgbm) (2.4.4)
Requirement already satisfied: scipy in /home/cxc/dev/miniconda3/lib/python3.13/site-packages (from lightgbm) (1.17.1)
Requirement already satisfied: lightgbm in /home/cxc/dev/miniconda3/lib/python3.13/site-packages (4.6.0)
Requirement already satisfied: numpy>=1.17.0 in /home/cxc/dev/miniconda3/lib/python3.13/site-packages (from lightgbm) (2.4.4)
Requirement already satisfied: scipy in /home/cxc/dev/miniconda3/lib/python3.13/site-packages (from lightgbm) (1.17.1)
Requirement already satisfied: lightgbm in /home/cxc/dev/miniconda3/lib/python3.13/site-packages (4.6.0)
Requirement already satisfied: numpy>=1.17.0 in /home/cxc/dev/miniconda3/lib/python3.13/site-packages (from lightgbm) (2.4.4)
Requirement already satisfied: scipy in /home/cxc/dev/miniconda3/lib/python3.13/site-packages (from lightgbm) (1.17.1)
Requirement already satisfied: lightgbm in /home/cxc/dev/miniconda3/lib/python3.13/site-packages (4.6.0)
Requirement already satisfied: numpy>=1.17.0 in /home/cxc/dev/miniconda3/lib/python3.13/site-packages (from lightgbm) (2.4.4)
Requirement already satisfied: scipy in /home/cxc/dev/miniconda3/lib/python3.13/site-packages (from lightgbm) (1.17.1)
Requirement already satisfied: lightgbm in /home/cxc/dev/miniconda3/lib/python3.13/site-packages (4.6.0)
Requirement already satisfied: numpy>=1.17.0 in /home/cxc/dev/miniconda3/lib/python3.13/site-packages (from lightgbm) (2.4.4)
Requirement already satisfied: scipy in /home/cxc/dev/miniconda3/lib/python3.13/site-packages (from lightgbm) (1.17.1)
Requirement already satisfied: lightgbm in /home/cxc/dev/miniconda3/lib/python3.13/site-packages (4.6.0)
Requirement already satisfied: numpy>=1.17.0 in /home/cxc/dev/miniconda3/lib/python3.13/site-packages (from lightgbm) (2.4.4)
Requirement already satisfied: scipy in /home/cxc/dev/miniconda3/lib/python3.13/site-packages (from lightgbm) (1.17.1)
Requirement already satisfied: lightgbm in /home/cxc/dev/miniconda3/lib/python3.13/site-packages (4.6.0)
Requirement already satisfied: numpy>=1.17.0 in /home/cxc/dev/miniconda3/lib/python3.13/site-packages (from lightgbm) (2.4.4)
Requirement already satisfied: scipy in /home/cxc/dev/miniconda3/lib/python3.13/site-packages (from lightgbm) (1.17.1)
{
  "schema": "moebench.paper_reconstruct_cv_extras.v2",
  "dataset_root": "/home/cxc/MoEBench/dataset",
  "suites_requested": [
    "phoronix_cpu"
  ],
  "eval_partial_k_list": [
    3
  ],
  "train_k_range_requested": [
    2,
    12
  ],
  "pts_suite_target": "logmean",
  "model_type": "lightgbm",
  "policies": [
    "router"
  ],
  "xi_ablations": [
    "full",
    "static_hw_only",
    "no_perf_pmu",
    "no_dynamic_proc",
    "no_gpu"
  ],
  "suite_results": [
    {
      "suite_key": "phoronix_cpu",
      "pts_suite_filter": "cpu",
      "glob_pattern": "aces-System-Product-Name_cpu_[0-9][0-9][0-9][0-9][0-9][0-9][0-9][0-9]T[0-9][0-9][0-9][0-9][0-9][0-9]Z/run-*.json",
      "cv_mode_effective": "random_fold",
      "folds_effective": 5,
      "sessions": [
        "aces-System-Product-Name_cpu_20260520T033403Z"
      ],
      "n_samples": 5,
      "num_profiles_or_subtests": 13,
      "profile_ids_head": [
        "pts/asmfish-1.1.2",
        "pts/build-gcc-1.5.0",
        "pts/ctx-clock-1.0.0",
        "pts/kvazaar-1.2.0",
        "pts/namd-1.4.0",
        "pts/openssl-4.0.0",
        "pts/povray-1.2.1",
        "pts/radiance-1.0.0"
      ],
      "combinations": [
        {
          "suite_key": "phoronix_cpu",
          "xi_ablation": "full",
          "benchmark": "phoronix",
          "eval_partial_k": 3,
          "policy": "router",
          "oof_metrics": {
            "mae_all_targets": 5886524.763105326,
            "rmse_all_targets": 24470329.279058132,
            "mae_subtest_index_only": 6339330.130189262,
            "rmse_subtest_index_only": 25394060.799194194,
            "mae_suite_index": 54.99101417896909,
            "rmse_suite_index": 78.65106781568997,
            "spearman_suite": -0.39999999999999997,
            "kendall_tau_suite": -0.4,
            "median_bucket_accuracy_suite": 0.2
          },
          "per_fold_metrics": [
            {
              "mae_all_targets": 4064636.051858008,
              "rmse_all_targets": 13568644.824318573,
              "mae_subtest_index_only": 4377298.378146554,
              "rmse_subtest_index_only": 14080848.18565884,
              "mae_suite_index": 25.810106904173153,
              "rmse_suite_index": 25.810106904173153,
              "spearman_suite": NaN,
              "kendall_tau_suite": NaN,
              "fold": 0,
              "n_val": 1,
              "median_bucket_accuracy_suite": NaN,
              "mean_eval_wall_saved_fraction": 0.9129571524147965
            },
            {
              "mae_all_targets": 9196969.079679478,
              "rmse_all_targets": 34135048.589970484,
              "mae_subtest_index_only": 9904416.732141523,
              "rmse_subtest_index_only": 35423614.01808845,
              "mae_suite_index": 149.5976728943283,
              "rmse_suite_index": 149.5976728943283,
              "spearman_suite": NaN,
              "kendall_tau_suite": NaN,
              "fold": 1,
              "n_val": 1,
              "median_bucket_accuracy_suite": NaN,
              "mean_eval_wall_saved_fraction": 0.829308256202772
            },
            {
              "mae_all_targets": 3215974.6896608514,
              "rmse_all_targets": 11464475.013185043,
              "mae_subtest_index_only": 3463357.047980083,
              "rmse_subtest_index_only": 11897247.977162302,
              "mae_suite_index": 4.031510838338363,
              "rmse_suite_index": 4.031510838338363,
              "spearman_suite": NaN,
              "kendall_tau_suite": NaN,
              "fold": 2,
              "n_val": 1,
              "median_bucket_accuracy_suite": NaN,
              "mean_eval_wall_saved_fraction": 0.8963962107689293
            },
            {
              "mae_all_targets": 10113134.642269092,
              "rmse_all_targets": 37502647.46714361,
              "mae_subtest_index_only": 10891061.274927547,
              "rmse_subtest_index_only": 38918336.5311956,
              "mae_suite_index": 88.41770917773056,
              "rmse_suite_index": 88.41770917773056,
              "spearman_suite": NaN,
              "kendall_tau_suite": NaN,
              "fold": 3,
              "n_val": 1,
              "median_bucket_accuracy_suite": NaN,
              "mean_eval_wall_saved_fraction": 0.9240812057996102
            },
            {
              "mae_all_targets": 2841909.352059207,
              "rmse_all_targets": 10334053.229333498,
              "mae_subtest_index_only": 3060517.217750601,
              "rmse_subtest_index_only": 10724153.85241588,
              "mae_suite_index": 7.098071080275076,
              "rmse_suite_index": 7.098071080275076,
              "spearman_suite": NaN,
              "kendall_tau_suite": NaN,
              "fold": 4,
              "n_val": 1,
              "median_bucket_accuracy_suite": NaN,
              "mean_eval_wall_saved_fraction": 0.8933730207138849
            }
          ],
          "time_savings": {
            "mean_fraction_wall_time_saved_vs_full_suite": 0.8912231691799987,
            "description": "Eval subset; PTS ti.by_test_id.time_s_total (or execution_cost)."
          },
          "n_oof": 5
        },
        {
          "suite_key": "phoronix_cpu",
          "xi_ablation": "static_hw_only",
          "benchmark": "phoronix",
          "eval_partial_k": 3,
          "policy": "router",
          "oof_metrics": {
            "mae_all_targets": 5788159.726100323,
            "rmse_all_targets": 28746738.39068595,
            "mae_subtest_index_only": 6233398.184524646,
            "rmse_subtest_index_only": 29831900.263658218,
            "mae_suite_index": 59.76658411290555,
            "rmse_suite_index": 66.80368445771276,
            "spearman_suite": 0.19999999999999998,
            "kendall_tau_suite": 0.2,
            "median_bucket_accuracy_suite": 0.6
          },
          "per_fold_metrics": [
            {
              "mae_all_targets": 789082.7393485295,
              "rmse_all_targets": 1821821.4028823008,
              "mae_subtest_index_only": 849773.8250112191,
              "rmse_subtest_index_only": 1890593.4177532203,
              "mae_suite_index": 98.62573356397752,
              "rmse_suite_index": 98.62573356397752,
              "spearman_suite": NaN,
              "kendall_tau_suite": NaN,
              "fold": 0,
              "n_val": 1,
              "median_bucket_accuracy_suite": NaN,
              "mean_eval_wall_saved_fraction": 0.9129571524147965
            },
            {
              "mae_all_targets": 1927108.6531182178,
              "rmse_all_targets": 6927854.451458668,
              "mae_subtest_index_only": 2075344.805758476,
              "rmse_subtest_index_only": 7189374.329291829,
              "mae_suite_index": 38.66879486107018,
              "rmse_suite_index": 38.66879486107018,
              "spearman_suite": NaN,
              "kendall_tau_suite": NaN,
              "fold": 1,
              "n_val": 1,
              "median_bucket_accuracy_suite": NaN,
              "mean_eval_wall_saved_fraction": 0.829308256202772
            },
            {
              "mae_all_targets": 12007693.497448536,
              "rmse_all_targets": 44851337.45768457,
              "mae_subtest_index_only": 12931357.790375719,
              "rmse_subtest_index_only": 46544432.53858044,
              "mae_suite_index": 57.689395164559755,
              "rmse_suite_index": 57.689395164559755,
              "spearman_suite": NaN,
              "kendall_tau_suite": NaN,
              "fold": 2,
              "n_val": 1,
              "median_bucket_accuracy_suite": NaN,
              "mean_eval_wall_saved_fraction": 0.8963962107689293
            },
            {
              "mae_all_targets": 12009927.76524297,
              "rmse_all_targets": 44777859.623751804,
              "mae_subtest_index_only": 12933761.71984465,
              "rmse_subtest_index_only": 46468180.98670766,
              "mae_suite_index": 86.35542112821167,
              "rmse_suite_index": 86.35542112821167,
              "spearman_suite": NaN,
              "kendall_tau_suite": NaN,
              "fold": 3,
              "n_val": 1,
              "median_bucket_accuracy_suite": NaN,
              "mean_eval_wall_saved_fraction": 0.9240812057996102
            },
            {
              "mae_all_targets": 2206985.975343361,
              "rmse_all_targets": 7991336.293797967,
              "mae_subtest_index_only": 2376752.7816331703,
              "rmse_subtest_index_only": 8293001.5937801,
              "mae_suite_index": 17.49357584670861,
              "rmse_suite_index": 17.49357584670861,
              "spearman_suite": NaN,
              "kendall_tau_suite": NaN,
              "fold": 4,
              "n_val": 1,
              "median_bucket_accuracy_suite": NaN,
              "mean_eval_wall_saved_fraction": 0.8933730207138849
            }
          ],
          "time_savings": {
            "mean_fraction_wall_time_saved_vs_full_suite": 0.8912231691799987,
            "description": "Eval subset; PTS ti.by_test_id.time_s_total (or execution_cost)."
          },
          "n_oof": 5
        },
        {
          "suite_key": "phoronix_cpu",
          "xi_ablation": "no_perf_pmu",
          "benchmark": "phoronix",
          "eval_partial_k": 3,
          "policy": "router",
          "oof_metrics": {
            "mae_all_targets": 5886524.763105326,
            "rmse_all_targets": 24470329.279058132,
            "mae_subtest_index_only": 6339330.130189262,
            "rmse_subtest_index_only": 25394060.799194194,
            "mae_suite_index": 54.99101417896909,
            "rmse_suite_index": 78.65106781568997,
            "spearman_suite": -0.39999999999999997,
            "kendall_tau_suite": -0.4,
            "median_bucket_accuracy_suite": 0.2
          },
          "per_fold_metrics": [
            {
              "mae_all_targets": 4064636.051858008,
              "rmse_all_targets": 13568644.824318573,
              "mae_subtest_index_only": 4377298.378146554,
              "rmse_subtest_index_only": 14080848.18565884,
              "mae_suite_index": 25.810106904173153,
              "rmse_suite_index": 25.810106904173153,
              "spearman_suite": NaN,
              "kendall_tau_suite": NaN,
              "fold": 0,
              "n_val": 1,
              "median_bucket_accuracy_suite": NaN,
              "mean_eval_wall_saved_fraction": 0.9129571524147965
            },
            {
              "mae_all_targets": 9196969.079679478,
              "rmse_all_targets": 34135048.589970484,
              "mae_subtest_index_only": 9904416.732141523,
              "rmse_subtest_index_only": 35423614.01808845,
              "mae_suite_index": 149.5976728943283,
              "rmse_suite_index": 149.5976728943283,
              "spearman_suite": NaN,
              "kendall_tau_suite": NaN,
              "fold": 1,
              "n_val": 1,
              "median_bucket_accuracy_suite": NaN,
              "mean_eval_wall_saved_fraction": 0.829308256202772
            },
            {
              "mae_all_targets": 3215974.6896608514,
              "rmse_all_targets": 11464475.013185043,
              "mae_subtest_index_only": 3463357.047980083,
              "rmse_subtest_index_only": 11897247.977162302,
              "mae_suite_index": 4.031510838338363,
              "rmse_suite_index": 4.031510838338363,
              "spearman_suite": NaN,
              "kendall_tau_suite": NaN,
              "fold": 2,
              "n_val": 1,
              "median_bucket_accuracy_suite": NaN,
              "mean_eval_wall_saved_fraction": 0.8963962107689293
            },
            {
              "mae_all_targets": 10113134.642269092,
              "rmse_all_targets": 37502647.46714361,
              "mae_subtest_index_only": 10891061.274927547,
              "rmse_subtest_index_only": 38918336.5311956,
              "mae_suite_index": 88.41770917773056,
              "rmse_suite_index": 88.41770917773056,
              "spearman_suite": NaN,
              "kendall_tau_suite": NaN,
              "fold": 3,
              "n_val": 1,
              "median_bucket_accuracy_suite": NaN,
              "mean_eval_wall_saved_fraction": 0.9240812057996102
            },
            {
              "mae_all_targets": 2841909.352059207,
              "rmse_all_targets": 10334053.229333498,
              "mae_subtest_index_only": 3060517.217750601,
              "rmse_subtest_index_only": 10724153.85241588,
              "mae_suite_index": 7.098071080275076,
              "rmse_suite_index": 7.098071080275076,
              "spearman_suite": NaN,
              "kendall_tau_suite": NaN,
              "fold": 4,
              "n_val": 1,
              "median_bucket_accuracy_suite": NaN,
              "mean_eval_wall_saved_fraction": 0.8933730207138849
            }
          ],
          "time_savings": {
            "mean_fraction_wall_time_saved_vs_full_suite": 0.8912231691799987,
            "description": "Eval subset; PTS ti.by_test_id.time_s_total (or execution_cost)."
          },
          "n_oof": 5
        },
        {
          "suite_key": "phoronix_cpu",
          "xi_ablation": "no_dynamic_proc",
          "benchmark": "phoronix",
          "eval_partial_k": 3,
          "policy": "router",
          "oof_metrics": {
            "mae_all_targets": 5788159.726100323,
            "rmse_all_targets": 28746738.39068595,
            "mae_subtest_index_only": 6233398.184524646,
            "rmse_subtest_index_only": 29831900.263658218,
            "mae_suite_index": 59.76658411290555,
            "rmse_suite_index": 66.80368445771276,
            "spearman_suite": 0.19999999999999998,
            "kendall_tau_suite": 0.2,
            "median_bucket_accuracy_suite": 0.6
          },
          "per_fold_metrics": [
            {
              "mae_all_targets": 789082.7393485295,
              "rmse_all_targets": 1821821.4028823008,
              "mae_subtest_index_only": 849773.8250112191,
              "rmse_subtest_index_only": 1890593.4177532203,
              "mae_suite_index": 98.62573356397752,
              "rmse_suite_index": 98.62573356397752,
              "spearman_suite": NaN,
              "kendall_tau_suite": NaN,
              "fold": 0,
              "n_val": 1,
              "median_bucket_accuracy_suite": NaN,
              "mean_eval_wall_saved_fraction": 0.9129571524147965
            },
            {
              "mae_all_targets": 1927108.6531182178,
              "rmse_all_targets": 6927854.451458668,
              "mae_subtest_index_only": 2075344.805758476,
              "rmse_subtest_index_only": 7189374.329291829,
              "mae_suite_index": 38.66879486107018,
              "rmse_suite_index": 38.66879486107018,
              "spearman_suite": NaN,
              "kendall_tau_suite": NaN,
              "fold": 1,
              "n_val": 1,
              "median_bucket_accuracy_suite": NaN,
              "mean_eval_wall_saved_fraction": 0.829308256202772
            },
            {
              "mae_all_targets": 12007693.497448536,
              "rmse_all_targets": 44851337.45768457,
              "mae_subtest_index_only": 12931357.790375719,
              "rmse_subtest_index_only": 46544432.53858044,
              "mae_suite_index": 57.689395164559755,
              "rmse_suite_index": 57.689395164559755,
              "spearman_suite": NaN,
              "kendall_tau_suite": NaN,
              "fold": 2,
              "n_val": 1,
              "median_bucket_accuracy_suite": NaN,
              "mean_eval_wall_saved_fraction": 0.8963962107689293
            },
            {
              "mae_all_targets": 12009927.76524297,
              "rmse_all_targets": 44777859.623751804,
              "mae_subtest_index_only": 12933761.71984465,
              "rmse_subtest_index_only": 46468180.98670766,
              "mae_suite_index": 86.35542112821167,
              "rmse_suite_index": 86.35542112821167,
              "spearman_suite": NaN,
              "kendall_tau_suite": NaN,
              "fold": 3,
              "n_val": 1,
              "median_bucket_accuracy_suite": NaN,
              "mean_eval_wall_saved_fraction": 0.9240812057996102
            },
            {
              "mae_all_targets": 2206985.975343361,
              "rmse_all_targets": 7991336.293797967,
              "mae_subtest_index_only": 2376752.7816331703,
              "rmse_subtest_index_only": 8293001.5937801,
              "mae_suite_index": 17.49357584670861,
              "rmse_suite_index": 17.49357584670861,
              "spearman_suite": NaN,
              "kendall_tau_suite": NaN,
              "fold": 4,
              "n_val": 1,
              "median_bucket_accuracy_suite": NaN,
              "mean_eval_wall_saved_fraction": 0.8933730207138849
            }
          ],
          "time_savings": {
            "mean_fraction_wall_time_saved_vs_full_suite": 0.8912231691799987,
            "description": "Eval subset; PTS ti.by_test_id.time_s_total (or execution_cost)."
          },
          "n_oof": 5
        },
        {
          "suite_key": "phoronix_cpu",
          "xi_ablation": "no_gpu",
          "benchmark": "phoronix",
          "eval_partial_k": 3,
          "policy": "router",
          "oof_metrics": {
            "mae_all_targets": 5925975.566981399,
            "rmse_all_targets": 25181137.22034443,
            "mae_subtest_index_only": 6381815.679612234,
            "rmse_subtest_index_only": 26131701.060252376,
            "mae_suite_index": 54.102780541604076,
            "rmse_suite_index": 79.26392575859991,
            "spearman_suite": -0.39999999999999997,
            "kendall_tau_suite": -0.4,
            "median_bucket_accuracy_suite": 0.2
          },
          "per_fold_metrics": [
            {
              "mae_all_targets": 4048928.365782328,
              "rmse_all_targets": 13499158.9772677,
              "mae_subtest_index_only": 4360382.942621487,
              "rmse_subtest_index_only": 14008739.314357974,
              "mae_suite_index": 18.866873258520172,
              "rmse_suite_index": 18.866873258520172,
              "spearman_suite": NaN,
              "kendall_tau_suite": NaN,
              "fold": 0,
              "n_val": 1,
              "median_bucket_accuracy_suite": NaN,
              "mean_eval_wall_saved_fraction": 0.9129571524147965
            },
            {
              "mae_all_targets": 10073377.315114077,
              "rmse_all_targets": 37417732.27693968,
              "mae_subtest_index_only": 10848240.634881316,
              "rmse_subtest_index_only": 38830215.87378186,
              "mae_suite_index": 154.1581399786569,
              "rmse_suite_index": 154.1581399786569,
              "spearman_suite": NaN,
              "kendall_tau_suite": NaN,
              "fold": 1,
              "n_val": 1,
              "median_bucket_accuracy_suite": NaN,
              "mean_eval_wall_saved_fraction": 0.829308256202772
            },
            {
              "mae_all_targets": 2531143.275222386,
              "rmse_all_targets": 8790391.131689237,
              "mae_subtest_index_only": 2725846.5280896,
              "rmse_subtest_index_only": 9122219.987367827,
              "mae_suite_index": 0.9879485991395995,
              "rmse_suite_index": 0.9879485991395995,
              "spearman_suite": NaN,
              "kendall_tau_suite": NaN,
              "fold": 2,
              "n_val": 1,
              "median_bucket_accuracy_suite": NaN,
              "mean_eval_wall_saved_fraction": 0.8963962107689293
            },
            {
              "mae_all_targets": 10092004.861135332,
              "rmse_all_targets": 37426217.83372499,
              "mae_subtest_index_only": 10868306.423183333,
              "rmse_subtest_index_only": 38839021.752234355,
              "mae_suite_index": 84.55451131352402,
              "rmse_suite_index": 84.55451131352402,
              "spearman_suite": NaN,
              "kendall_tau_suite": NaN,
              "fold": 3,
              "n_val": 1,
              "median_bucket_accuracy_suite": NaN,
              "mean_eval_wall_saved_fraction": 0.9240812057996102
            },
            {
              "mae_all_targets": 2884424.017652866,
              "rmse_all_targets": 10494837.736777095,
              "mae_subtest_index_only": 3106301.869285428,
              "rmse_subtest_index_only": 10891007.82119672,
              "mae_suite_index": 11.946429558179716,
              "rmse_suite_index": 11.946429558179716,
              "spearman_suite": NaN,
              "kendall_tau_suite": NaN,
              "fold": 4,
              "n_val": 1,
              "median_bucket_accuracy_suite": NaN,
              "mean_eval_wall_saved_fraction": 0.8933730207138849
            }
          ],
          "time_savings": {
            "mean_fraction_wall_time_saved_vs_full_suite": 0.8912231691799987,
            "description": "Eval subset; PTS ti.by_test_id.time_s_total (or execution_cost)."
          },
          "n_oof": 5
        }
      ]
    }
  ]
}
+ /home/cxc/dev/miniconda3/bin/python3 /home/cxc/MoEBench/scripts/paper_reconstruct_cv_extras.py --dataset-root /home/cxc/MoEBench/dataset --suites phoronix_cpu --cv-mode leave_one_session_out --seed 42 --model-type lightgbm --log1p-partial-value --train-aug 10 --train-k-max 12 --xi-ablations full,static_hw_only,no_perf_pmu,no_dynamic_proc,no_gpu --report-json /home/cxc/MoEBench/dataset/paper_supplementary/xi_ablation_phoronix_cpu_iZbp1glgt48i9a8d49embxZ.json --auto-install --glob-pts-cpu iZbp1glgt48i9a8d49embxZ_cpu_[0-9][0-9][0-9][0-9][0-9][0-9][0-9][0-9]T[0-9][0-9][0-9][0-9][0-9][0-9]Z/run-*.json --router-model-pts-cpu /home/cxc/MoEBench/dataset/experiments/router_recon_grid_cpu_iZbp1glgt48i9a8d49embxZ_20260525T134507Z/trained_models/router_mlp.pt --eval-partial-k 3 --policies router
[phoronix_cpu] leave_one_session_out needs >= 2 session dirs; got 1. Falling back to random_fold.
Requirement already satisfied: lightgbm in /home/cxc/dev/miniconda3/lib/python3.13/site-packages (4.6.0)
Requirement already satisfied: numpy>=1.17.0 in /home/cxc/dev/miniconda3/lib/python3.13/site-packages (from lightgbm) (2.4.4)
Requirement already satisfied: scipy in /home/cxc/dev/miniconda3/lib/python3.13/site-packages (from lightgbm) (1.17.1)
Requirement already satisfied: lightgbm in /home/cxc/dev/miniconda3/lib/python3.13/site-packages (4.6.0)
Requirement already satisfied: numpy>=1.17.0 in /home/cxc/dev/miniconda3/lib/python3.13/site-packages (from lightgbm) (2.4.4)
Requirement already satisfied: scipy in /home/cxc/dev/miniconda3/lib/python3.13/site-packages (from lightgbm) (1.17.1)
Requirement already satisfied: lightgbm in /home/cxc/dev/miniconda3/lib/python3.13/site-packages (4.6.0)
Requirement already satisfied: numpy>=1.17.0 in /home/cxc/dev/miniconda3/lib/python3.13/site-packages (from lightgbm) (2.4.4)
Requirement already satisfied: scipy in /home/cxc/dev/miniconda3/lib/python3.13/site-packages (from lightgbm) (1.17.1)
Requirement already satisfied: lightgbm in /home/cxc/dev/miniconda3/lib/python3.13/site-packages (4.6.0)
Requirement already satisfied: numpy>=1.17.0 in /home/cxc/dev/miniconda3/lib/python3.13/site-packages (from lightgbm) (2.4.4)
Requirement already satisfied: scipy in /home/cxc/dev/miniconda3/lib/python3.13/site-packages (from lightgbm) (1.17.1)
Requirement already satisfied: lightgbm in /home/cxc/dev/miniconda3/lib/python3.13/site-packages (4.6.0)
Requirement already satisfied: numpy>=1.17.0 in /home/cxc/dev/miniconda3/lib/python3.13/site-packages (from lightgbm) (2.4.4)
Requirement already satisfied: scipy in /home/cxc/dev/miniconda3/lib/python3.13/site-packages (from lightgbm) (1.17.1)
Requirement already satisfied: lightgbm in /home/cxc/dev/miniconda3/lib/python3.13/site-packages (4.6.0)
Requirement already satisfied: numpy>=1.17.0 in /home/cxc/dev/miniconda3/lib/python3.13/site-packages (from lightgbm) (2.4.4)
Requirement already satisfied: scipy in /home/cxc/dev/miniconda3/lib/python3.13/site-packages (from lightgbm) (1.17.1)
Requirement already satisfied: lightgbm in /home/cxc/dev/miniconda3/lib/python3.13/site-packages (4.6.0)
Requirement already satisfied: numpy>=1.17.0 in /home/cxc/dev/miniconda3/lib/python3.13/site-packages (from lightgbm) (2.4.4)
Requirement already satisfied: scipy in /home/cxc/dev/miniconda3/lib/python3.13/site-packages (from lightgbm) (1.17.1)
Requirement already satisfied: lightgbm in /home/cxc/dev/miniconda3/lib/python3.13/site-packages (4.6.0)
Requirement already satisfied: numpy>=1.17.0 in /home/cxc/dev/miniconda3/lib/python3.13/site-packages (from lightgbm) (2.4.4)
Requirement already satisfied: scipy in /home/cxc/dev/miniconda3/lib/python3.13/site-packages (from lightgbm) (1.17.1)
Requirement already satisfied: lightgbm in /home/cxc/dev/miniconda3/lib/python3.13/site-packages (4.6.0)
Requirement already satisfied: numpy>=1.17.0 in /home/cxc/dev/miniconda3/lib/python3.13/site-packages (from lightgbm) (2.4.4)
Requirement already satisfied: scipy in /home/cxc/dev/miniconda3/lib/python3.13/site-packages (from lightgbm) (1.17.1)
Requirement already satisfied: lightgbm in /home/cxc/dev/miniconda3/lib/python3.13/site-packages (4.6.0)
Requirement already satisfied: numpy>=1.17.0 in /home/cxc/dev/miniconda3/lib/python3.13/site-packages (from lightgbm) (2.4.4)
Requirement already satisfied: scipy in /home/cxc/dev/miniconda3/lib/python3.13/site-packages (from lightgbm) (1.17.1)
Requirement already satisfied: lightgbm in /home/cxc/dev/miniconda3/lib/python3.13/site-packages (4.6.0)
Requirement already satisfied: numpy>=1.17.0 in /home/cxc/dev/miniconda3/lib/python3.13/site-packages (from lightgbm) (2.4.4)
Requirement already satisfied: scipy in /home/cxc/dev/miniconda3/lib/python3.13/site-packages (from lightgbm) (1.17.1)
Requirement already satisfied: lightgbm in /home/cxc/dev/miniconda3/lib/python3.13/site-packages (4.6.0)
Requirement already satisfied: numpy>=1.17.0 in /home/cxc/dev/miniconda3/lib/python3.13/site-packages (from lightgbm) (2.4.4)
Requirement already satisfied: scipy in /home/cxc/dev/miniconda3/lib/python3.13/site-packages (from lightgbm) (1.17.1)
Requirement already satisfied: lightgbm in /home/cxc/dev/miniconda3/lib/python3.13/site-packages (4.6.0)
Requirement already satisfied: numpy>=1.17.0 in /home/cxc/dev/miniconda3/lib/python3.13/site-packages (from lightgbm) (2.4.4)
Requirement already satisfied: scipy in /home/cxc/dev/miniconda3/lib/python3.13/site-packages (from lightgbm) (1.17.1)
Requirement already satisfied: lightgbm in /home/cxc/dev/miniconda3/lib/python3.13/site-packages (4.6.0)
Requirement already satisfied: numpy>=1.17.0 in /home/cxc/dev/miniconda3/lib/python3.13/site-packages (from lightgbm) (2.4.4)
Requirement already satisfied: scipy in /home/cxc/dev/miniconda3/lib/python3.13/site-packages (from lightgbm) (1.17.1)
Requirement already satisfied: lightgbm in /home/cxc/dev/miniconda3/lib/python3.13/site-packages (4.6.0)
Requirement already satisfied: numpy>=1.17.0 in /home/cxc/dev/miniconda3/lib/python3.13/site-packages (from lightgbm) (2.4.4)
Requirement already satisfied: scipy in /home/cxc/dev/miniconda3/lib/python3.13/site-packages (from lightgbm) (1.17.1)
Requirement already satisfied: lightgbm in /home/cxc/dev/miniconda3/lib/python3.13/site-packages (4.6.0)
Requirement already satisfied: numpy>=1.17.0 in /home/cxc/dev/miniconda3/lib/python3.13/site-packages (from lightgbm) (2.4.4)
Requirement already satisfied: scipy in /home/cxc/dev/miniconda3/lib/python3.13/site-packages (from lightgbm) (1.17.1)
Requirement already satisfied: lightgbm in /home/cxc/dev/miniconda3/lib/python3.13/site-packages (4.6.0)
Requirement already satisfied: numpy>=1.17.0 in /home/cxc/dev/miniconda3/lib/python3.13/site-packages (from lightgbm) (2.4.4)
Requirement already satisfied: scipy in /home/cxc/dev/miniconda3/lib/python3.13/site-packages (from lightgbm) (1.17.1)
Requirement already satisfied: lightgbm in /home/cxc/dev/miniconda3/lib/python3.13/site-packages (4.6.0)
Requirement already satisfied: numpy>=1.17.0 in /home/cxc/dev/miniconda3/lib/python3.13/site-packages (from lightgbm) (2.4.4)
Requirement already satisfied: scipy in /home/cxc/dev/miniconda3/lib/python3.13/site-packages (from lightgbm) (1.17.1)
Requirement already satisfied: lightgbm in /home/cxc/dev/miniconda3/lib/python3.13/site-packages (4.6.0)
Requirement already satisfied: numpy>=1.17.0 in /home/cxc/dev/miniconda3/lib/python3.13/site-packages (from lightgbm) (2.4.4)
Requirement already satisfied: scipy in /home/cxc/dev/miniconda3/lib/python3.13/site-packages (from lightgbm) (1.17.1)
Requirement already satisfied: lightgbm in /home/cxc/dev/miniconda3/lib/python3.13/site-packages (4.6.0)
Requirement already satisfied: numpy>=1.17.0 in /home/cxc/dev/miniconda3/lib/python3.13/site-packages (from lightgbm) (2.4.4)
Requirement already satisfied: scipy in /home/cxc/dev/miniconda3/lib/python3.13/site-packages (from lightgbm) (1.17.1)
Requirement already satisfied: lightgbm in /home/cxc/dev/miniconda3/lib/python3.13/site-packages (4.6.0)
Requirement already satisfied: numpy>=1.17.0 in /home/cxc/dev/miniconda3/lib/python3.13/site-packages (from lightgbm) (2.4.4)
Requirement already satisfied: scipy in /home/cxc/dev/miniconda3/lib/python3.13/site-packages (from lightgbm) (1.17.1)
