skip existing /home/cxc/MoEBench/dataset/paper_supplementary/xi_ablation_unixbench_aces-System-Product-Name.json
skip existing /home/cxc/MoEBench/dataset/paper_supplementary/xi_ablation_unixbench_iZbp1glgt48i9a8d49embxZ.json
skip existing /home/cxc/MoEBench/dataset/paper_supplementary/xi_ablation_unixbench_iZbp15n87643uk1sqjrdvdZ.json
skip existing /home/cxc/MoEBench/dataset/paper_supplementary/xi_ablation_unixbench_iZbp16krl0yc7euw7sb6slZ.json
skip existing /home/cxc/MoEBench/dataset/paper_supplementary/xi_ablation_unixbench_iZbp1acaw5wdllhz47922rZ.json
skip existing /home/cxc/MoEBench/dataset/paper_supplementary/xi_ablation_phoronix_cpu_aces-System-Product-Name.json
+ /home/cxc/dev/miniconda3/bin/python3 /home/cxc/MoEBench/scripts/paper_reconstruct_cv_extras.py --dataset-root /home/cxc/MoEBench/dataset --suites phoronix_cpu --cv-mode leave_one_session_out --seed 42 --model-type lightgbm --log1p-partial-value --train-aug 10 --train-k-max 12 --xi-ablations full,static_hw_only,no_perf_pmu,no_dynamic_proc,no_gpu --report-json /home/cxc/MoEBench/dataset/paper_supplementary/xi_ablation_phoronix_cpu_iZbp1glgt48i9a8d49embxZ.json --auto-install --glob-pts-cpu iZbp1glgt48i9a8d49embxZ_cpu_[0-9][0-9][0-9][0-9][0-9][0-9][0-9][0-9]T[0-9][0-9][0-9][0-9][0-9][0-9]Z/run-*.json --router-model-pts-cpu /home/cxc/MoEBench/dataset/experiments/router_recon_grid_cpu_iZbp1glgt48i9a8d49embxZ_20260525T134507Z/trained_models/router_mlp.pt --eval-partial-k 3 --policies router
[phoronix_cpu] leave_one_session_out needs >= 2 session dirs; got 1. Falling back to random_fold.
Requirement already satisfied: lightgbm in /home/cxc/dev/miniconda3/lib/python3.13/site-packages (4.6.0)
Requirement already satisfied: numpy>=1.17.0 in /home/cxc/dev/miniconda3/lib/python3.13/site-packages (from lightgbm) (2.4.4)
Requirement already satisfied: scipy in /home/cxc/dev/miniconda3/lib/python3.13/site-packages (from lightgbm) (1.17.1)
Requirement already satisfied: lightgbm in /home/cxc/dev/miniconda3/lib/python3.13/site-packages (4.6.0)
Requirement already satisfied: numpy>=1.17.0 in /home/cxc/dev/miniconda3/lib/python3.13/site-packages (from lightgbm) (2.4.4)
Requirement already satisfied: scipy in /home/cxc/dev/miniconda3/lib/python3.13/site-packages (from lightgbm) (1.17.1)
Requirement already satisfied: lightgbm in /home/cxc/dev/miniconda3/lib/python3.13/site-packages (4.6.0)
Requirement already satisfied: numpy>=1.17.0 in /home/cxc/dev/miniconda3/lib/python3.13/site-packages (from lightgbm) (2.4.4)
Requirement already satisfied: scipy in /home/cxc/dev/miniconda3/lib/python3.13/site-packages (from lightgbm) (1.17.1)
Requirement already satisfied: lightgbm in /home/cxc/dev/miniconda3/lib/python3.13/site-packages (4.6.0)
Requirement already satisfied: numpy>=1.17.0 in /home/cxc/dev/miniconda3/lib/python3.13/site-packages (from lightgbm) (2.4.4)
Requirement already satisfied: scipy in /home/cxc/dev/miniconda3/lib/python3.13/site-packages (from lightgbm) (1.17.1)
Requirement already satisfied: lightgbm in /home/cxc/dev/miniconda3/lib/python3.13/site-packages (4.6.0)
Requirement already satisfied: numpy>=1.17.0 in /home/cxc/dev/miniconda3/lib/python3.13/site-packages (from lightgbm) (2.4.4)
Requirement already satisfied: scipy in /home/cxc/dev/miniconda3/lib/python3.13/site-packages (from lightgbm) (1.17.1)
Requirement already satisfied: lightgbm in /home/cxc/dev/miniconda3/lib/python3.13/site-packages (4.6.0)
Requirement already satisfied: numpy>=1.17.0 in /home/cxc/dev/miniconda3/lib/python3.13/site-packages (from lightgbm) (2.4.4)
Requirement already satisfied: scipy in /home/cxc/dev/miniconda3/lib/python3.13/site-packages (from lightgbm) (1.17.1)
Requirement already satisfied: lightgbm in /home/cxc/dev/miniconda3/lib/python3.13/site-packages (4.6.0)
Requirement already satisfied: numpy>=1.17.0 in /home/cxc/dev/miniconda3/lib/python3.13/site-packages (from lightgbm) (2.4.4)
Requirement already satisfied: scipy in /home/cxc/dev/miniconda3/lib/python3.13/site-packages (from lightgbm) (1.17.1)
Requirement already satisfied: lightgbm in /home/cxc/dev/miniconda3/lib/python3.13/site-packages (4.6.0)
Requirement already satisfied: numpy>=1.17.0 in /home/cxc/dev/miniconda3/lib/python3.13/site-packages (from lightgbm) (2.4.4)
Requirement already satisfied: scipy in /home/cxc/dev/miniconda3/lib/python3.13/site-packages (from lightgbm) (1.17.1)
Requirement already satisfied: lightgbm in /home/cxc/dev/miniconda3/lib/python3.13/site-packages (4.6.0)
Requirement already satisfied: numpy>=1.17.0 in /home/cxc/dev/miniconda3/lib/python3.13/site-packages (from lightgbm) (2.4.4)
Requirement already satisfied: scipy in /home/cxc/dev/miniconda3/lib/python3.13/site-packages (from lightgbm) (1.17.1)
Requirement already satisfied: lightgbm in /home/cxc/dev/miniconda3/lib/python3.13/site-packages (4.6.0)
Requirement already satisfied: numpy>=1.17.0 in /home/cxc/dev/miniconda3/lib/python3.13/site-packages (from lightgbm) (2.4.4)
Requirement already satisfied: scipy in /home/cxc/dev/miniconda3/lib/python3.13/site-packages (from lightgbm) (1.17.1)
Requirement already satisfied: lightgbm in /home/cxc/dev/miniconda3/lib/python3.13/site-packages (4.6.0)
Requirement already satisfied: numpy>=1.17.0 in /home/cxc/dev/miniconda3/lib/python3.13/site-packages (from lightgbm) (2.4.4)
Requirement already satisfied: scipy in /home/cxc/dev/miniconda3/lib/python3.13/site-packages (from lightgbm) (1.17.1)
Requirement already satisfied: lightgbm in /home/cxc/dev/miniconda3/lib/python3.13/site-packages (4.6.0)
Requirement already satisfied: numpy>=1.17.0 in /home/cxc/dev/miniconda3/lib/python3.13/site-packages (from lightgbm) (2.4.4)
Requirement already satisfied: scipy in /home/cxc/dev/miniconda3/lib/python3.13/site-packages (from lightgbm) (1.17.1)
Requirement already satisfied: lightgbm in /home/cxc/dev/miniconda3/lib/python3.13/site-packages (4.6.0)
Requirement already satisfied: numpy>=1.17.0 in /home/cxc/dev/miniconda3/lib/python3.13/site-packages (from lightgbm) (2.4.4)
Requirement already satisfied: scipy in /home/cxc/dev/miniconda3/lib/python3.13/site-packages (from lightgbm) (1.17.1)
Requirement already satisfied: lightgbm in /home/cxc/dev/miniconda3/lib/python3.13/site-packages (4.6.0)
Requirement already satisfied: numpy>=1.17.0 in /home/cxc/dev/miniconda3/lib/python3.13/site-packages (from lightgbm) (2.4.4)
Requirement already satisfied: scipy in /home/cxc/dev/miniconda3/lib/python3.13/site-packages (from lightgbm) (1.17.1)
Requirement already satisfied: lightgbm in /home/cxc/dev/miniconda3/lib/python3.13/site-packages (4.6.0)
Requirement already satisfied: numpy>=1.17.0 in /home/cxc/dev/miniconda3/lib/python3.13/site-packages (from lightgbm) (2.4.4)
Requirement already satisfied: scipy in /home/cxc/dev/miniconda3/lib/python3.13/site-packages (from lightgbm) (1.17.1)
Requirement already satisfied: lightgbm in /home/cxc/dev/miniconda3/lib/python3.13/site-packages (4.6.0)
Requirement already satisfied: numpy>=1.17.0 in /home/cxc/dev/miniconda3/lib/python3.13/site-packages (from lightgbm) (2.4.4)
Requirement already satisfied: scipy in /home/cxc/dev/miniconda3/lib/python3.13/site-packages (from lightgbm) (1.17.1)
Requirement already satisfied: lightgbm in /home/cxc/dev/miniconda3/lib/python3.13/site-packages (4.6.0)
Requirement already satisfied: numpy>=1.17.0 in /home/cxc/dev/miniconda3/lib/python3.13/site-packages (from lightgbm) (2.4.4)
Requirement already satisfied: scipy in /home/cxc/dev/miniconda3/lib/python3.13/site-packages (from lightgbm) (1.17.1)
Requirement already satisfied: lightgbm in /home/cxc/dev/miniconda3/lib/python3.13/site-packages (4.6.0)
Requirement already satisfied: numpy>=1.17.0 in /home/cxc/dev/miniconda3/lib/python3.13/site-packages (from lightgbm) (2.4.4)
Requirement already satisfied: scipy in /home/cxc/dev/miniconda3/lib/python3.13/site-packages (from lightgbm) (1.17.1)
Requirement already satisfied: lightgbm in /home/cxc/dev/miniconda3/lib/python3.13/site-packages (4.6.0)
Requirement already satisfied: numpy>=1.17.0 in /home/cxc/dev/miniconda3/lib/python3.13/site-packages (from lightgbm) (2.4.4)
Requirement already satisfied: scipy in /home/cxc/dev/miniconda3/lib/python3.13/site-packages (from lightgbm) (1.17.1)
Requirement already satisfied: lightgbm in /home/cxc/dev/miniconda3/lib/python3.13/site-packages (4.6.0)
Requirement already satisfied: numpy>=1.17.0 in /home/cxc/dev/miniconda3/lib/python3.13/site-packages (from lightgbm) (2.4.4)
Requirement already satisfied: scipy in /home/cxc/dev/miniconda3/lib/python3.13/site-packages (from lightgbm) (1.17.1)
Requirement already satisfied: lightgbm in /home/cxc/dev/miniconda3/lib/python3.13/site-packages (4.6.0)
Requirement already satisfied: numpy>=1.17.0 in /home/cxc/dev/miniconda3/lib/python3.13/site-packages (from lightgbm) (2.4.4)
Requirement already satisfied: scipy in /home/cxc/dev/miniconda3/lib/python3.13/site-packages (from lightgbm) (1.17.1)
Requirement already satisfied: lightgbm in /home/cxc/dev/miniconda3/lib/python3.13/site-packages (4.6.0)
Requirement already satisfied: numpy>=1.17.0 in /home/cxc/dev/miniconda3/lib/python3.13/site-packages (from lightgbm) (2.4.4)
Requirement already satisfied: scipy in /home/cxc/dev/miniconda3/lib/python3.13/site-packages (from lightgbm) (1.17.1)
Requirement already satisfied: lightgbm in /home/cxc/dev/miniconda3/lib/python3.13/site-packages (4.6.0)
Requirement already satisfied: numpy>=1.17.0 in /home/cxc/dev/miniconda3/lib/python3.13/site-packages (from lightgbm) (2.4.4)
Requirement already satisfied: scipy in /home/cxc/dev/miniconda3/lib/python3.13/site-packages (from lightgbm) (1.17.1)
Requirement already satisfied: lightgbm in /home/cxc/dev/miniconda3/lib/python3.13/site-packages (4.6.0)
Requirement already satisfied: numpy>=1.17.0 in /home/cxc/dev/miniconda3/lib/python3.13/site-packages (from lightgbm) (2.4.4)
Requirement already satisfied: scipy in /home/cxc/dev/miniconda3/lib/python3.13/site-packages (from lightgbm) (1.17.1)
Requirement already satisfied: lightgbm in /home/cxc/dev/miniconda3/lib/python3.13/site-packages (4.6.0)
Requirement already satisfied: numpy>=1.17.0 in /home/cxc/dev/miniconda3/lib/python3.13/site-packages (from lightgbm) (2.4.4)
Requirement already satisfied: scipy in /home/cxc/dev/miniconda3/lib/python3.13/site-packages (from lightgbm) (1.17.1)
{
  "schema": "moebench.paper_reconstruct_cv_extras.v2",
  "dataset_root": "/home/cxc/MoEBench/dataset",
  "suites_requested": [
    "phoronix_cpu"
  ],
  "eval_partial_k_list": [
    3
  ],
  "train_k_range_requested": [
    2,
    12
  ],
  "pts_suite_target": "logmean",
  "model_type": "lightgbm",
  "policies": [
    "router"
  ],
  "xi_ablations": [
    "full",
    "static_hw_only",
    "no_perf_pmu",
    "no_dynamic_proc",
    "no_gpu"
  ],
  "suite_results": [
    {
      "suite_key": "phoronix_cpu",
      "pts_suite_filter": "cpu",
      "glob_pattern": "iZbp1glgt48i9a8d49embxZ_cpu_[0-9][0-9][0-9][0-9][0-9][0-9][0-9][0-9]T[0-9][0-9][0-9][0-9][0-9][0-9]Z/run-*.json",
      "cv_mode_effective": "random_fold",
      "folds_effective": 5,
      "sessions": [
        "iZbp1glgt48i9a8d49embxZ_cpu_20260525T050416Z"
      ],
      "n_samples": 5,
      "num_profiles_or_subtests": 5,
      "profile_ids_head": [
        "pts/asmfish-1.1.2",
        "pts/ctx-clock-1.0.0",
        "pts/namd-1.4.0",
        "pts/radiance-1.0.0",
        "pts/rodinia-1.3.2"
      ],
      "combinations": [
        {
          "suite_key": "phoronix_cpu",
          "xi_ablation": "full",
          "benchmark": "phoronix",
          "eval_partial_k": 3,
          "policy": "router",
          "oof_metrics": {
            "mae_all_targets": 6619.7559639852325,
            "rmse_all_targets": 18583.14446108094,
            "mae_subtest_index_only": 7943.457090639704,
            "rmse_subtest_index_only": 20356.814811349515,
            "mae_suite_index": 1.250330712878099,
            "rmse_suite_index": 1.4319653737199356,
            "spearman_suite": -0.7,
            "kendall_tau_suite": -0.6,
            "median_bucket_accuracy_suite": 0.2
          },
          "per_fold_metrics": [
            {
              "mae_all_targets": 6366.560117411843,
              "rmse_all_targets": 15590.479035032029,
              "mae_subtest_index_only": 7639.690011116327,
              "rmse_subtest_index_only": 17078.514094741135,
              "mae_suite_index": 0.9106488894246922,
              "rmse_suite_index": 0.9106488894246922,
              "spearman_suite": NaN,
              "kendall_tau_suite": NaN,
              "fold": 0,
              "n_val": 1,
              "median_bucket_accuracy_suite": NaN,
              "mean_eval_wall_saved_fraction": 0.06051440376100314
            },
            {
              "mae_all_targets": 12570.378312056311,
              "rmse_all_targets": 30785.584869983744,
              "mae_subtest_index_only": 15084.098995469894,
              "rmse_subtest_index_only": 33723.91854921838,
              "mae_suite_index": 1.7748949883998648,
              "rmse_suite_index": 1.7748949883998648,
              "spearman_suite": NaN,
              "kendall_tau_suite": NaN,
              "fold": 1,
              "n_val": 1,
              "median_bucket_accuracy_suite": NaN,
              "mean_eval_wall_saved_fraction": 0.060683221113347625
            },
            {
              "mae_all_targets": 909.0885401297138,
              "rmse_all_targets": 2225.9495810858257,
              "mae_subtest_index_only": 1090.7868944072393,
              "rmse_subtest_index_only": 2438.4055802546077,
              "mae_suite_index": 0.5967687420860557,
              "rmse_suite_index": 0.5967687420860557,
              "spearman_suite": NaN,
              "kendall_tau_suite": NaN,
              "fold": 2,
              "n_val": 1,
              "median_bucket_accuracy_suite": NaN,
              "mean_eval_wall_saved_fraction": 0.2629900183807175
            },
            {
              "mae_all_targets": 7216.303141237266,
              "rmse_all_targets": 17672.421369489497,
              "mae_subtest_index_only": 8659.093142282509,
              "rmse_subtest_index_only": 19359.167631008753,
              "mae_suite_index": 2.353136011047809,
              "rmse_suite_index": 2.353136011047809,
              "spearman_suite": NaN,
              "kendall_tau_suite": NaN,
              "fold": 3,
              "n_val": 1,
              "median_bucket_accuracy_suite": NaN,
              "mean_eval_wall_saved_fraction": 0.06044163487242143
            },
            {
              "mae_all_targets": 6036.449709091031,
              "rmse_all_targets": 14784.508425373708,
              "mae_subtest_index_only": 7243.616409922552,
              "rmse_subtest_index_only": 16195.617530060214,
              "mae_suite_index": 0.6162049334320727,
              "rmse_suite_index": 0.6162049334320727,
              "spearman_suite": NaN,
              "kendall_tau_suite": NaN,
              "fold": 4,
              "n_val": 1,
              "median_bucket_accuracy_suite": NaN,
              "mean_eval_wall_saved_fraction": 0.20514847872033082
            }
          ],
          "time_savings": {
            "mean_fraction_wall_time_saved_vs_full_suite": 0.1299555513695641,
            "description": "Eval subset; PTS ti.by_test_id.time_s_total (or execution_cost)."
          },
          "n_oof": 5
        },
        {
          "suite_key": "phoronix_cpu",
          "xi_ablation": "static_hw_only",
          "benchmark": "phoronix",
          "eval_partial_k": 3,
          "policy": "router",
          "oof_metrics": {
            "mae_all_targets": 4660.2720072625625,
            "rmse_all_targets": 13056.541515444744,
            "mae_subtest_index_only": 5592.158314981972,
            "rmse_subtest_index_only": 14302.724613255825,
            "mae_suite_index": 0.8404686655175283,
            "rmse_suite_index": 1.1198316242112816,
            "spearman_suite": -0.7,
            "kendall_tau_suite": -0.6,
            "median_bucket_accuracy_suite": 0.2
          },
          "per_fold_metrics": [
            {
              "mae_all_targets": 5956.327361480678,
              "rmse_all_targets": 14585.599950222644,
              "mae_subtest_index_only": 7147.331533018296,
              "rmse_subtest_index_only": 15977.724204283017,
              "mae_suite_index": 1.3065037925828165,
              "rmse_suite_index": 1.3065037925828165,
              "spearman_suite": NaN,
              "kendall_tau_suite": NaN,
              "fold": 0,
              "n_val": 1,
              "median_bucket_accuracy_suite": NaN,
              "mean_eval_wall_saved_fraction": 0.06051440376100314
            },
            {
              "mae_all_targets": 7819.494363132932,
              "rmse_all_targets": 19151.797408033122,
              "mae_subtest_index_only": 9383.385298496138,
              "rmse_subtest_index_only": 20979.742914289916,
              "mae_suite_index": 0.03968631689826907,
              "rmse_suite_index": 0.03968631689826907,
              "spearman_suite": NaN,
              "kendall_tau_suite": NaN,
              "fold": 1,
              "n_val": 1,
              "median_bucket_accuracy_suite": NaN,
              "mean_eval_wall_saved_fraction": 0.060683221113347625
            },
            {
              "mae_all_targets": 348.3225209146021,
              "rmse_all_targets": 852.495199005824,
              "mae_subtest_index_only": 417.92054533389893,
              "rmse_subtest_index_only": 933.8616894892843,
              "mae_suite_index": 0.33239881811789473,
              "rmse_suite_index": 0.33239881811789473,
              "spearman_suite": NaN,
              "kendall_tau_suite": NaN,
              "fold": 2,
              "n_val": 1,
              "median_bucket_accuracy_suite": NaN,
              "mean_eval_wall_saved_fraction": 0.2629900183807175
            },
            {
              "mae_all_targets": 5865.239159598041,
              "rmse_all_targets": 14363.493014892385,
              "mae_subtest_index_only": 7037.875466458793,
              "rmse_subtest_index_only": 15734.418230740863,
              "mae_suite_index": 2.0576252942801148,
              "rmse_suite_index": 2.0576252942801148,
              "spearman_suite": NaN,
              "kendall_tau_suite": NaN,
              "fold": 3,
              "n_val": 1,
              "median_bucket_accuracy_suite": NaN,
              "mean_eval_wall_saved_fraction": 0.06044163487242143
            },
            {
              "mae_all_targets": 3311.9766311865583,
              "rmse_all_targets": 8111.63560591766,
              "mae_subtest_index_only": 3974.278731602728,
              "rmse_subtest_index_only": 8885.851596801182,
              "mae_suite_index": 0.4661291057085464,
              "rmse_suite_index": 0.4661291057085464,
              "spearman_suite": NaN,
              "kendall_tau_suite": NaN,
              "fold": 4,
              "n_val": 1,
              "median_bucket_accuracy_suite": NaN,
              "mean_eval_wall_saved_fraction": 0.20514847872033082
            }
          ],
          "time_savings": {
            "mean_fraction_wall_time_saved_vs_full_suite": 0.1299555513695641,
            "description": "Eval subset; PTS ti.by_test_id.time_s_total (or execution_cost)."
          },
          "n_oof": 5
        },
        {
          "suite_key": "phoronix_cpu",
          "xi_ablation": "no_perf_pmu",
          "benchmark": "phoronix",
          "eval_partial_k": 3,
          "policy": "router",
          "oof_metrics": {
            "mae_all_targets": 6619.7559639852325,
            "rmse_all_targets": 18583.14446108094,
            "mae_subtest_index_only": 7943.457090639704,
            "rmse_subtest_index_only": 20356.814811349515,
            "mae_suite_index": 1.250330712878099,
            "rmse_suite_index": 1.4319653737199356,
            "spearman_suite": -0.7,
            "kendall_tau_suite": -0.6,
            "median_bucket_accuracy_suite": 0.2
          },
          "per_fold_metrics": [
            {
              "mae_all_targets": 6366.560117411843,
              "rmse_all_targets": 15590.479035032029,
              "mae_subtest_index_only": 7639.690011116327,
              "rmse_subtest_index_only": 17078.514094741135,
              "mae_suite_index": 0.9106488894246922,
              "rmse_suite_index": 0.9106488894246922,
              "spearman_suite": NaN,
              "kendall_tau_suite": NaN,
              "fold": 0,
              "n_val": 1,
              "median_bucket_accuracy_suite": NaN,
              "mean_eval_wall_saved_fraction": 0.06051440376100314
            },
            {
              "mae_all_targets": 12570.378312056311,
              "rmse_all_targets": 30785.584869983744,
              "mae_subtest_index_only": 15084.098995469894,
              "rmse_subtest_index_only": 33723.91854921838,
              "mae_suite_index": 1.7748949883998648,
              "rmse_suite_index": 1.7748949883998648,
              "spearman_suite": NaN,
              "kendall_tau_suite": NaN,
              "fold": 1,
              "n_val": 1,
              "median_bucket_accuracy_suite": NaN,
              "mean_eval_wall_saved_fraction": 0.060683221113347625
            },
            {
              "mae_all_targets": 909.0885401297138,
              "rmse_all_targets": 2225.9495810858257,
              "mae_subtest_index_only": 1090.7868944072393,
              "rmse_subtest_index_only": 2438.4055802546077,
              "mae_suite_index": 0.5967687420860557,
              "rmse_suite_index": 0.5967687420860557,
              "spearman_suite": NaN,
              "kendall_tau_suite": NaN,
              "fold": 2,
              "n_val": 1,
              "median_bucket_accuracy_suite": NaN,
              "mean_eval_wall_saved_fraction": 0.2629900183807175
            },
            {
              "mae_all_targets": 7216.303141237266,
              "rmse_all_targets": 17672.421369489497,
              "mae_subtest_index_only": 8659.093142282509,
              "rmse_subtest_index_only": 19359.167631008753,
              "mae_suite_index": 2.353136011047809,
              "rmse_suite_index": 2.353136011047809,
              "spearman_suite": NaN,
              "kendall_tau_suite": NaN,
              "fold": 3,
              "n_val": 1,
              "median_bucket_accuracy_suite": NaN,
              "mean_eval_wall_saved_fraction": 0.06044163487242143
            },
            {
              "mae_all_targets": 6036.449709091031,
              "rmse_all_targets": 14784.508425373708,
              "mae_subtest_index_only": 7243.616409922552,
              "rmse_subtest_index_only": 16195.617530060214,
              "mae_suite_index": 0.6162049334320727,
              "rmse_suite_index": 0.6162049334320727,
              "spearman_suite": NaN,
              "kendall_tau_suite": NaN,
              "fold": 4,
              "n_val": 1,
              "median_bucket_accuracy_suite": NaN,
              "mean_eval_wall_saved_fraction": 0.20514847872033082
            }
          ],
          "time_savings": {
            "mean_fraction_wall_time_saved_vs_full_suite": 0.1299555513695641,
            "description": "Eval subset; PTS ti.by_test_id.time_s_total (or execution_cost)."
          },
          "n_oof": 5
        },
        {
          "suite_key": "phoronix_cpu",
          "xi_ablation": "no_dynamic_proc",
          "benchmark": "phoronix",
          "eval_partial_k": 3,
          "policy": "router",
          "oof_metrics": {
            "mae_all_targets": 4660.2720072625625,
            "rmse_all_targets": 13056.541515444744,
            "mae_subtest_index_only": 5592.158314981972,
            "rmse_subtest_index_only": 14302.724613255825,
            "mae_suite_index": 0.8404686655175283,
            "rmse_suite_index": 1.1198316242112816,
            "spearman_suite": -0.7,
            "kendall_tau_suite": -0.6,
            "median_bucket_accuracy_suite": 0.2
          },
          "per_fold_metrics": [
            {
              "mae_all_targets": 5956.327361480678,
              "rmse_all_targets": 14585.599950222644,
              "mae_subtest_index_only": 7147.331533018296,
              "rmse_subtest_index_only": 15977.724204283017,
              "mae_suite_index": 1.3065037925828165,
              "rmse_suite_index": 1.3065037925828165,
              "spearman_suite": NaN,
              "kendall_tau_suite": NaN,
              "fold": 0,
              "n_val": 1,
              "median_bucket_accuracy_suite": NaN,
              "mean_eval_wall_saved_fraction": 0.06051440376100314
            },
            {
              "mae_all_targets": 7819.494363132932,
              "rmse_all_targets": 19151.797408033122,
              "mae_subtest_index_only": 9383.385298496138,
              "rmse_subtest_index_only": 20979.742914289916,
              "mae_suite_index": 0.03968631689826907,
              "rmse_suite_index": 0.03968631689826907,
              "spearman_suite": NaN,
              "kendall_tau_suite": NaN,
              "fold": 1,
              "n_val": 1,
              "median_bucket_accuracy_suite": NaN,
              "mean_eval_wall_saved_fraction": 0.060683221113347625
            },
            {
              "mae_all_targets": 348.3225209146021,
              "rmse_all_targets": 852.495199005824,
              "mae_subtest_index_only": 417.92054533389893,
              "rmse_subtest_index_only": 933.8616894892843,
              "mae_suite_index": 0.33239881811789473,
              "rmse_suite_index": 0.33239881811789473,
              "spearman_suite": NaN,
              "kendall_tau_suite": NaN,
              "fold": 2,
              "n_val": 1,
              "median_bucket_accuracy_suite": NaN,
              "mean_eval_wall_saved_fraction": 0.2629900183807175
            },
            {
              "mae_all_targets": 5865.239159598041,
              "rmse_all_targets": 14363.493014892385,
              "mae_subtest_index_only": 7037.875466458793,
              "rmse_subtest_index_only": 15734.418230740863,
              "mae_suite_index": 2.0576252942801148,
              "rmse_suite_index": 2.0576252942801148,
              "spearman_suite": NaN,
              "kendall_tau_suite": NaN,
              "fold": 3,
              "n_val": 1,
              "median_bucket_accuracy_suite": NaN,
              "mean_eval_wall_saved_fraction": 0.06044163487242143
            },
            {
              "mae_all_targets": 3311.9766311865583,
              "rmse_all_targets": 8111.63560591766,
              "mae_subtest_index_only": 3974.278731602728,
              "rmse_subtest_index_only": 8885.851596801182,
              "mae_suite_index": 0.4661291057085464,
              "rmse_suite_index": 0.4661291057085464,
              "spearman_suite": NaN,
              "kendall_tau_suite": NaN,
              "fold": 4,
              "n_val": 1,
              "median_bucket_accuracy_suite": NaN,
              "mean_eval_wall_saved_fraction": 0.20514847872033082
            }
          ],
          "time_savings": {
            "mean_fraction_wall_time_saved_vs_full_suite": 0.1299555513695641,
            "description": "Eval subset; PTS ti.by_test_id.time_s_total (or execution_cost)."
          },
          "n_oof": 5
        },
        {
          "suite_key": "phoronix_cpu",
          "xi_ablation": "no_gpu",
          "benchmark": "phoronix",
          "eval_partial_k": 3,
          "policy": "router",
          "oof_metrics": {
            "mae_all_targets": 6619.7559639852325,
            "rmse_all_targets": 18583.14446108094,
            "mae_subtest_index_only": 7943.457090639704,
            "rmse_subtest_index_only": 20356.814811349515,
            "mae_suite_index": 1.250330712878099,
            "rmse_suite_index": 1.4319653737199356,
            "spearman_suite": -0.7,
            "kendall_tau_suite": -0.6,
            "median_bucket_accuracy_suite": 0.2
          },
          "per_fold_metrics": [
            {
              "mae_all_targets": 6366.560117411843,
              "rmse_all_targets": 15590.479035032029,
              "mae_subtest_index_only": 7639.690011116327,
              "rmse_subtest_index_only": 17078.514094741135,
              "mae_suite_index": 0.9106488894246922,
              "rmse_suite_index": 0.9106488894246922,
              "spearman_suite": NaN,
              "kendall_tau_suite": NaN,
              "fold": 0,
              "n_val": 1,
              "median_bucket_accuracy_suite": NaN,
              "mean_eval_wall_saved_fraction": 0.06051440376100314
            },
            {
              "mae_all_targets": 12570.378312056311,
              "rmse_all_targets": 30785.584869983744,
              "mae_subtest_index_only": 15084.098995469894,
              "rmse_subtest_index_only": 33723.91854921838,
              "mae_suite_index": 1.7748949883998648,
              "rmse_suite_index": 1.7748949883998648,
              "spearman_suite": NaN,
              "kendall_tau_suite": NaN,
              "fold": 1,
              "n_val": 1,
              "median_bucket_accuracy_suite": NaN,
              "mean_eval_wall_saved_fraction": 0.060683221113347625
            },
            {
              "mae_all_targets": 909.0885401297138,
              "rmse_all_targets": 2225.9495810858257,
              "mae_subtest_index_only": 1090.7868944072393,
              "rmse_subtest_index_only": 2438.4055802546077,
              "mae_suite_index": 0.5967687420860557,
              "rmse_suite_index": 0.5967687420860557,
              "spearman_suite": NaN,
              "kendall_tau_suite": NaN,
              "fold": 2,
              "n_val": 1,
              "median_bucket_accuracy_suite": NaN,
              "mean_eval_wall_saved_fraction": 0.2629900183807175
            },
            {
              "mae_all_targets": 7216.303141237266,
              "rmse_all_targets": 17672.421369489497,
              "mae_subtest_index_only": 8659.093142282509,
              "rmse_subtest_index_only": 19359.167631008753,
              "mae_suite_index": 2.353136011047809,
              "rmse_suite_index": 2.353136011047809,
              "spearman_suite": NaN,
              "kendall_tau_suite": NaN,
              "fold": 3,
              "n_val": 1,
              "median_bucket_accuracy_suite": NaN,
              "mean_eval_wall_saved_fraction": 0.06044163487242143
            },
            {
              "mae_all_targets": 6036.449709091031,
              "rmse_all_targets": 14784.508425373708,
              "mae_subtest_index_only": 7243.616409922552,
              "rmse_subtest_index_only": 16195.617530060214,
              "mae_suite_index": 0.6162049334320727,
              "rmse_suite_index": 0.6162049334320727,
              "spearman_suite": NaN,
              "kendall_tau_suite": NaN,
              "fold": 4,
              "n_val": 1,
              "median_bucket_accuracy_suite": NaN,
              "mean_eval_wall_saved_fraction": 0.20514847872033082
            }
          ],
          "time_savings": {
            "mean_fraction_wall_time_saved_vs_full_suite": 0.1299555513695641,
            "description": "Eval subset; PTS ti.by_test_id.time_s_total (or execution_cost)."
          },
          "n_oof": 5
        }
      ]
    }
  ]
}
+ /home/cxc/dev/miniconda3/bin/python3 /home/cxc/MoEBench/scripts/paper_reconstruct_cv_extras.py --dataset-root /home/cxc/MoEBench/dataset --suites phoronix_cpu --cv-mode leave_one_session_out --seed 42 --model-type lightgbm --log1p-partial-value --train-aug 10 --train-k-max 12 --xi-ablations full,static_hw_only,no_perf_pmu,no_dynamic_proc,no_gpu --report-json /home/cxc/MoEBench/dataset/paper_supplementary/xi_ablation_phoronix_cpu_iZbp15n87643uk1sqjrdvdZ.json --auto-install --glob-pts-cpu iZbp15n87643uk1sqjrdvdZ_cpu_[0-9][0-9][0-9][0-9][0-9][0-9][0-9][0-9]T[0-9][0-9][0-9][0-9][0-9][0-9]Z/run-*.json --router-model-pts-cpu /home/cxc/MoEBench/dataset/experiments/router_recon_grid_cpu_iZbp15n87643uk1sqjrdvdZ_20260529T040002Z/trained_models/router_mlp.pt --eval-partial-k 3 --policies router
[phoronix_cpu] leave_one_session_out needs >= 2 session dirs; got 1. Falling back to random_fold.
Requirement already satisfied: lightgbm in /home/cxc/dev/miniconda3/lib/python3.13/site-packages (4.6.0)
Requirement already satisfied: numpy>=1.17.0 in /home/cxc/dev/miniconda3/lib/python3.13/site-packages (from lightgbm) (2.4.4)
Requirement already satisfied: scipy in /home/cxc/dev/miniconda3/lib/python3.13/site-packages (from lightgbm) (1.17.1)
Requirement already satisfied: lightgbm in /home/cxc/dev/miniconda3/lib/python3.13/site-packages (4.6.0)
Requirement already satisfied: numpy>=1.17.0 in /home/cxc/dev/miniconda3/lib/python3.13/site-packages (from lightgbm) (2.4.4)
Requirement already satisfied: scipy in /home/cxc/dev/miniconda3/lib/python3.13/site-packages (from lightgbm) (1.17.1)
Requirement already satisfied: lightgbm in /home/cxc/dev/miniconda3/lib/python3.13/site-packages (4.6.0)
Requirement already satisfied: numpy>=1.17.0 in /home/cxc/dev/miniconda3/lib/python3.13/site-packages (from lightgbm) (2.4.4)
Requirement already satisfied: scipy in /home/cxc/dev/miniconda3/lib/python3.13/site-packages (from lightgbm) (1.17.1)
Requirement already satisfied: lightgbm in /home/cxc/dev/miniconda3/lib/python3.13/site-packages (4.6.0)
Requirement already satisfied: numpy>=1.17.0 in /home/cxc/dev/miniconda3/lib/python3.13/site-packages (from lightgbm) (2.4.4)
Requirement already satisfied: scipy in /home/cxc/dev/miniconda3/lib/python3.13/site-packages (from lightgbm) (1.17.1)
Requirement already satisfied: lightgbm in /home/cxc/dev/miniconda3/lib/python3.13/site-packages (4.6.0)
Requirement already satisfied: numpy>=1.17.0 in /home/cxc/dev/miniconda3/lib/python3.13/site-packages (from lightgbm) (2.4.4)
Requirement already satisfied: scipy in /home/cxc/dev/miniconda3/lib/python3.13/site-packages (from lightgbm) (1.17.1)
Requirement already satisfied: lightgbm in /home/cxc/dev/miniconda3/lib/python3.13/site-packages (4.6.0)
Requirement already satisfied: numpy>=1.17.0 in /home/cxc/dev/miniconda3/lib/python3.13/site-packages (from lightgbm) (2.4.4)
Requirement already satisfied: scipy in /home/cxc/dev/miniconda3/lib/python3.13/site-packages (from lightgbm) (1.17.1)
Requirement already satisfied: lightgbm in /home/cxc/dev/miniconda3/lib/python3.13/site-packages (4.6.0)
Requirement already satisfied: numpy>=1.17.0 in /home/cxc/dev/miniconda3/lib/python3.13/site-packages (from lightgbm) (2.4.4)
Requirement already satisfied: scipy in /home/cxc/dev/miniconda3/lib/python3.13/site-packages (from lightgbm) (1.17.1)
Requirement already satisfied: lightgbm in /home/cxc/dev/miniconda3/lib/python3.13/site-packages (4.6.0)
Requirement already satisfied: numpy>=1.17.0 in /home/cxc/dev/miniconda3/lib/python3.13/site-packages (from lightgbm) (2.4.4)
Requirement already satisfied: scipy in /home/cxc/dev/miniconda3/lib/python3.13/site-packages (from lightgbm) (1.17.1)
Requirement already satisfied: lightgbm in /home/cxc/dev/miniconda3/lib/python3.13/site-packages (4.6.0)
Requirement already satisfied: numpy>=1.17.0 in /home/cxc/dev/miniconda3/lib/python3.13/site-packages (from lightgbm) (2.4.4)
Requirement already satisfied: scipy in /home/cxc/dev/miniconda3/lib/python3.13/site-packages (from lightgbm) (1.17.1)
Requirement already satisfied: lightgbm in /home/cxc/dev/miniconda3/lib/python3.13/site-packages (4.6.0)
Requirement already satisfied: numpy>=1.17.0 in /home/cxc/dev/miniconda3/lib/python3.13/site-packages (from lightgbm) (2.4.4)
Requirement already satisfied: scipy in /home/cxc/dev/miniconda3/lib/python3.13/site-packages (from lightgbm) (1.17.1)
Requirement already satisfied: lightgbm in /home/cxc/dev/miniconda3/lib/python3.13/site-packages (4.6.0)
Requirement already satisfied: numpy>=1.17.0 in /home/cxc/dev/miniconda3/lib/python3.13/site-packages (from lightgbm) (2.4.4)
Requirement already satisfied: scipy in /home/cxc/dev/miniconda3/lib/python3.13/site-packages (from lightgbm) (1.17.1)
Requirement already satisfied: lightgbm in /home/cxc/dev/miniconda3/lib/python3.13/site-packages (4.6.0)
Requirement already satisfied: numpy>=1.17.0 in /home/cxc/dev/miniconda3/lib/python3.13/site-packages (from lightgbm) (2.4.4)
Requirement already satisfied: scipy in /home/cxc/dev/miniconda3/lib/python3.13/site-packages (from lightgbm) (1.17.1)
Requirement already satisfied: lightgbm in /home/cxc/dev/miniconda3/lib/python3.13/site-packages (4.6.0)
Requirement already satisfied: numpy>=1.17.0 in /home/cxc/dev/miniconda3/lib/python3.13/site-packages (from lightgbm) (2.4.4)
Requirement already satisfied: scipy in /home/cxc/dev/miniconda3/lib/python3.13/site-packages (from lightgbm) (1.17.1)
Requirement already satisfied: lightgbm in /home/cxc/dev/miniconda3/lib/python3.13/site-packages (4.6.0)
Requirement already satisfied: numpy>=1.17.0 in /home/cxc/dev/miniconda3/lib/python3.13/site-packages (from lightgbm) (2.4.4)
Requirement already satisfied: scipy in /home/cxc/dev/miniconda3/lib/python3.13/site-packages (from lightgbm) (1.17.1)
Requirement already satisfied: lightgbm in /home/cxc/dev/miniconda3/lib/python3.13/site-packages (4.6.0)
Requirement already satisfied: numpy>=1.17.0 in /home/cxc/dev/miniconda3/lib/python3.13/site-packages (from lightgbm) (2.4.4)
Requirement already satisfied: scipy in /home/cxc/dev/miniconda3/lib/python3.13/site-packages (from lightgbm) (1.17.1)
Requirement already satisfied: lightgbm in /home/cxc/dev/miniconda3/lib/python3.13/site-packages (4.6.0)
Requirement already satisfied: numpy>=1.17.0 in /home/cxc/dev/miniconda3/lib/python3.13/site-packages (from lightgbm) (2.4.4)
Requirement already satisfied: scipy in /home/cxc/dev/miniconda3/lib/python3.13/site-packages (from lightgbm) (1.17.1)
Requirement already satisfied: lightgbm in /home/cxc/dev/miniconda3/lib/python3.13/site-packages (4.6.0)
Requirement already satisfied: numpy>=1.17.0 in /home/cxc/dev/miniconda3/lib/python3.13/site-packages (from lightgbm) (2.4.4)
Requirement already satisfied: scipy in /home/cxc/dev/miniconda3/lib/python3.13/site-packages (from lightgbm) (1.17.1)
Requirement already satisfied: lightgbm in /home/cxc/dev/miniconda3/lib/python3.13/site-packages (4.6.0)
Requirement already satisfied: numpy>=1.17.0 in /home/cxc/dev/miniconda3/lib/python3.13/site-packages (from lightgbm) (2.4.4)
Requirement already satisfied: scipy in /home/cxc/dev/miniconda3/lib/python3.13/site-packages (from lightgbm) (1.17.1)
Requirement already satisfied: lightgbm in /home/cxc/dev/miniconda3/lib/python3.13/site-packages (4.6.0)
Requirement already satisfied: numpy>=1.17.0 in /home/cxc/dev/miniconda3/lib/python3.13/site-packages (from lightgbm) (2.4.4)
Requirement already satisfied: scipy in /home/cxc/dev/miniconda3/lib/python3.13/site-packages (from lightgbm) (1.17.1)
Requirement already satisfied: lightgbm in /home/cxc/dev/miniconda3/lib/python3.13/site-packages (4.6.0)
Requirement already satisfied: numpy>=1.17.0 in /home/cxc/dev/miniconda3/lib/python3.13/site-packages (from lightgbm) (2.4.4)
Requirement already satisfied: scipy in /home/cxc/dev/miniconda3/lib/python3.13/site-packages (from lightgbm) (1.17.1)
Requirement already satisfied: lightgbm in /home/cxc/dev/miniconda3/lib/python3.13/site-packages (4.6.0)
Requirement already satisfied: numpy>=1.17.0 in /home/cxc/dev/miniconda3/lib/python3.13/site-packages (from lightgbm) (2.4.4)
Requirement already satisfied: scipy in /home/cxc/dev/miniconda3/lib/python3.13/site-packages (from lightgbm) (1.17.1)
Requirement already satisfied: lightgbm in /home/cxc/dev/miniconda3/lib/python3.13/site-packages (4.6.0)
Requirement already satisfied: numpy>=1.17.0 in /home/cxc/dev/miniconda3/lib/python3.13/site-packages (from lightgbm) (2.4.4)
Requirement already satisfied: scipy in /home/cxc/dev/miniconda3/lib/python3.13/site-packages (from lightgbm) (1.17.1)
Requirement already satisfied: lightgbm in /home/cxc/dev/miniconda3/lib/python3.13/site-packages (4.6.0)
Requirement already satisfied: numpy>=1.17.0 in /home/cxc/dev/miniconda3/lib/python3.13/site-packages (from lightgbm) (2.4.4)
Requirement already satisfied: scipy in /home/cxc/dev/miniconda3/lib/python3.13/site-packages (from lightgbm) (1.17.1)
Requirement already satisfied: lightgbm in /home/cxc/dev/miniconda3/lib/python3.13/site-packages (4.6.0)
Requirement already satisfied: numpy>=1.17.0 in /home/cxc/dev/miniconda3/lib/python3.13/site-packages (from lightgbm) (2.4.4)
Requirement already satisfied: scipy in /home/cxc/dev/miniconda3/lib/python3.13/site-packages (from lightgbm) (1.17.1)
Requirement already satisfied: lightgbm in /home/cxc/dev/miniconda3/lib/python3.13/site-packages (4.6.0)
Requirement already satisfied: numpy>=1.17.0 in /home/cxc/dev/miniconda3/lib/python3.13/site-packages (from lightgbm) (2.4.4)
Requirement already satisfied: scipy in /home/cxc/dev/miniconda3/lib/python3.13/site-packages (from lightgbm) (1.17.1)
{
  "schema": "moebench.paper_reconstruct_cv_extras.v2",
  "dataset_root": "/home/cxc/MoEBench/dataset",
  "suites_requested": [
    "phoronix_cpu"
  ],
  "eval_partial_k_list": [
    3
  ],
  "train_k_range_requested": [
    2,
    12
  ],
  "pts_suite_target": "logmean",
  "model_type": "lightgbm",
  "policies": [
    "router"
  ],
  "xi_ablations": [
    "full",
    "static_hw_only",
    "no_perf_pmu",
    "no_dynamic_proc",
    "no_gpu"
  ],
  "suite_results": [
    {
      "suite_key": "phoronix_cpu",
      "pts_suite_filter": "cpu",
      "glob_pattern": "iZbp15n87643uk1sqjrdvdZ_cpu_[0-9][0-9][0-9][0-9][0-9][0-9][0-9][0-9]T[0-9][0-9][0-9][0-9][0-9][0-9]Z/run-*.json",
      "cv_mode_effective": "random_fold",
      "folds_effective": 5,
      "sessions": [
        "iZbp15n87643uk1sqjrdvdZ_cpu_20260526T174649Z"
      ],
      "n_samples": 5,
      "num_profiles_or_subtests": 11,
      "profile_ids_head": [
        "pts/asmfish-1.1.2",
        "pts/build-linux-kernel-1.18.0",
        "pts/compress-7zip-1.13.0",
        "pts/ctx-clock-1.0.0",
        "pts/namd-1.4.0",
        "pts/radiance-1.0.0",
        "pts/rodinia-1.3.2",
        "pts/stockfish-1.7.0"
      ],
      "combinations": [
        {
          "suite_key": "phoronix_cpu",
          "xi_ablation": "full",
          "benchmark": "phoronix",
          "eval_partial_k": 3,
          "policy": "router",
          "oof_metrics": {
            "mae_all_targets": 12695.064561008365,
            "rmse_all_targets": 45112.180658141624,
            "mae_subtest_index_only": 13848.854636058588,
            "rmse_subtest_index_only": 47118.13597021682,
            "mae_suite_index": 3.3737354559148116,
            "rmse_suite_index": 3.7957135339813974,
            "spearman_suite": -0.9999999999999999,
            "kendall_tau_suite": -1.0,
            "median_bucket_accuracy_suite": 0.2
          },
          "per_fold_metrics": [
            {
              "mae_all_targets": 9423.433402038765,
              "rmse_all_targets": 28910.423779699227,
              "mae_subtest_index_only": 10279.999184847647,
              "rmse_subtest_index_only": 30195.95282333227,
              "mae_suite_index": 1.2097911410642155,
              "rmse_suite_index": 1.2097911410642155,
              "spearman_suite": NaN,
              "kendall_tau_suite": NaN,
              "fold": 0,
              "n_val": 1,
              "median_bucket_accuracy_suite": NaN,
              "mean_eval_wall_saved_fraction": 0.8946241693462801
            },
            {
              "mae_all_targets": 13928.659148760244,
              "rmse_all_targets": 46865.000594526784,
              "mae_subtest_index_only": 15194.683245186288,
              "rmse_subtest_index_only": 48948.89669382315,
              "mae_suite_index": 2.394088073761168,
              "rmse_suite_index": 2.394088073761168,
              "spearman_suite": NaN,
              "kendall_tau_suite": NaN,
              "fold": 1,
              "n_val": 1,
              "median_bucket_accuracy_suite": NaN,
              "mean_eval_wall_saved_fraction": 0.9381567114894133
            },
            {
              "mae_all_targets": 18520.22977764095,
              "rmse_all_targets": 59389.53500191809,
              "mae_subtest_index_only": 20203.402375718524,
              "rmse_subtest_index_only": 62030.34622776981,
              "mae_suite_index": 5.3311987876275,
              "rmse_suite_index": 5.3311987876275,
              "spearman_suite": NaN,
              "kendall_tau_suite": NaN,
              "fold": 2,
              "n_val": 1,
              "median_bucket_accuracy_suite": NaN,
              "mean_eval_wall_saved_fraction": 0.8955124225093372
            },
            {
              "mae_all_targets": 18531.614044381033,
              "rmse_all_targets": 59409.55430130691,
              "mae_subtest_index_only": 20215.802603176424,
              "rmse_subtest_index_only": 62051.255702383765,
              "mae_suite_index": 5.539897631718532,
              "rmse_suite_index": 5.539897631718532,
              "spearman_suite": NaN,
              "kendall_tau_suite": NaN,
              "fold": 3,
              "n_val": 1,
              "median_bucket_accuracy_suite": NaN,
              "mean_eval_wall_saved_fraction": 0.8911483744165614
            },
            {
              "mae_all_targets": 3071.386432220844,
              "rmse_all_targets": 9316.186172101425,
              "mae_subtest_index_only": 3350.3857713640664,
              "rmse_subtest_index_only": 9730.439080951719,
              "mae_suite_index": 2.3937016454026434,
              "rmse_suite_index": 2.3937016454026434,
              "spearman_suite": NaN,
              "kendall_tau_suite": NaN,
              "fold": 4,
              "n_val": 1,
              "median_bucket_accuracy_suite": NaN,
              "mean_eval_wall_saved_fraction": 0.9385695131315623
            }
          ],
          "time_savings": {
            "mean_fraction_wall_time_saved_vs_full_suite": 0.9116022381786308,
            "description": "Eval subset; PTS ti.by_test_id.time_s_total (or execution_cost)."
          },
          "n_oof": 5
        },
        {
          "suite_key": "phoronix_cpu",
          "xi_ablation": "static_hw_only",
          "benchmark": "phoronix",
          "eval_partial_k": 3,
          "policy": "router",
          "oof_metrics": {
            "mae_all_targets": 5871.573770599017,
            "rmse_all_targets": 23320.852782634433,
            "mae_subtest_index_only": 6405.196091380158,
            "rmse_subtest_index_only": 24357.836315883695,
            "mae_suite_index": 1.7282420064659618,
            "rmse_suite_index": 2.0509736519289823,
            "spearman_suite": 0.09999999999999999,
            "kendall_tau_suite": 0.0,
            "median_bucket_accuracy_suite": 0.4
          },
          "per_fold_metrics": [
            {
              "mae_all_targets": 6111.630838630277,
              "rmse_all_targets": 20973.82888047678,
              "mae_subtest_index_only": 6667.188158547543,
              "rmse_subtest_index_only": 21906.4498070565,
              "mae_suite_index": 0.5003195403483005,
              "rmse_suite_index": 0.5003195403483005,
              "spearman_suite": NaN,
              "kendall_tau_suite": NaN,
              "fold": 0,
              "n_val": 1,
              "median_bucket_accuracy_suite": NaN,
              "mean_eval_wall_saved_fraction": 0.8946241693462801
            },
            {
              "mae_all_targets": 2080.3660067317624,
              "rmse_all_targets": 7045.6992074034215,
              "mae_subtest_index_only": 2269.4402693286784,
              "rmse_subtest_index_only": 7358.99281369976,
              "mae_suite_index": 0.5491181656875597,
              "rmse_suite_index": 0.5491181656875597,
              "spearman_suite": NaN,
              "kendall_tau_suite": NaN,
              "fold": 1,
              "n_val": 1,
              "median_bucket_accuracy_suite": NaN,
              "mean_eval_wall_saved_fraction": 0.9381567114894133
            },
            {
              "mae_all_targets": 13170.730464062397,
              "rmse_all_targets": 42792.50312858474,
              "mae_subtest_index_only": 14367.880916108348,
              "rmse_subtest_index_only": 44695.31181822455,
              "mae_suite_index": 2.075491556938232,
              "rmse_suite_index": 2.075491556938232,
              "spearman_suite": NaN,
              "kendall_tau_suite": NaN,
              "fold": 2,
              "n_val": 1,
              "median_bucket_accuracy_suite": NaN,
              "mean_eval_wall_saved_fraction": 0.8955124225093372
            },
            {
              "mae_all_targets": 6186.573143434929,
              "rmse_all_targets": 19359.38074490302,
              "mae_subtest_index_only": 6748.675216749573,
              "rmse_subtest_index_only": 20220.213698197782,
              "mae_suite_index": 3.450336973837466,
              "rmse_suite_index": 3.450336973837466,
              "spearman_suite": NaN,
              "kendall_tau_suite": NaN,
              "fold": 3,
              "n_val": 1,
              "median_bucket_accuracy_suite": NaN,
              "mean_eval_wall_saved_fraction": 0.8911483744165614
            },
            {
              "mae_all_targets": 1808.5684001357188,
              "rmse_all_targets": 4876.8381644009405,
              "mae_subtest_index_only": 1972.7958961666461,
              "rmse_subtest_index_only": 5093.691298717791,
              "mae_suite_index": 2.065943795518251,
              "rmse_suite_index": 2.065943795518251,
              "spearman_suite": NaN,
              "kendall_tau_suite": NaN,
              "fold": 4,
              "n_val": 1,
              "median_bucket_accuracy_suite": NaN,
              "mean_eval_wall_saved_fraction": 0.9385695131315623
            }
          ],
          "time_savings": {
            "mean_fraction_wall_time_saved_vs_full_suite": 0.9116022381786308,
            "description": "Eval subset; PTS ti.by_test_id.time_s_total (or execution_cost)."
          },
          "n_oof": 5
        },
        {
          "suite_key": "phoronix_cpu",
          "xi_ablation": "no_perf_pmu",
          "benchmark": "phoronix",
          "eval_partial_k": 3,
          "policy": "router",
          "oof_metrics": {
            "mae_all_targets": 12695.064561008365,
            "rmse_all_targets": 45112.180658141624,
            "mae_subtest_index_only": 13848.854636058588,
            "rmse_subtest_index_only": 47118.13597021682,
            "mae_suite_index": 3.3737354559148116,
            "rmse_suite_index": 3.7957135339813974,
            "spearman_suite": -0.9999999999999999,
            "kendall_tau_suite": -1.0,
            "median_bucket_accuracy_suite": 0.2
          },
          "per_fold_metrics": [
            {
              "mae_all_targets": 9423.433402038765,
              "rmse_all_targets": 28910.423779699227,
              "mae_subtest_index_only": 10279.999184847647,
              "rmse_subtest_index_only": 30195.95282333227,
              "mae_suite_index": 1.2097911410642155,
              "rmse_suite_index": 1.2097911410642155,
              "spearman_suite": NaN,
              "kendall_tau_suite": NaN,
              "fold": 0,
              "n_val": 1,
              "median_bucket_accuracy_suite": NaN,
              "mean_eval_wall_saved_fraction": 0.8946241693462801
            },
            {
              "mae_all_targets": 13928.659148760244,
              "rmse_all_targets": 46865.000594526784,
              "mae_subtest_index_only": 15194.683245186288,
              "rmse_subtest_index_only": 48948.89669382315,
              "mae_suite_index": 2.394088073761168,
              "rmse_suite_index": 2.394088073761168,
              "spearman_suite": NaN,
              "kendall_tau_suite": NaN,
              "fold": 1,
              "n_val": 1,
              "median_bucket_accuracy_suite": NaN,
              "mean_eval_wall_saved_fraction": 0.9381567114894133
            },
            {
              "mae_all_targets": 18520.22977764095,
              "rmse_all_targets": 59389.53500191809,
              "mae_subtest_index_only": 20203.402375718524,
              "rmse_subtest_index_only": 62030.34622776981,
              "mae_suite_index": 5.3311987876275,
              "rmse_suite_index": 5.3311987876275,
              "spearman_suite": NaN,
              "kendall_tau_suite": NaN,
              "fold": 2,
              "n_val": 1,
              "median_bucket_accuracy_suite": NaN,
              "mean_eval_wall_saved_fraction": 0.8955124225093372
            },
            {
              "mae_all_targets": 18531.614044381033,
              "rmse_all_targets": 59409.55430130691,
              "mae_subtest_index_only": 20215.802603176424,
              "rmse_subtest_index_only": 62051.255702383765,
              "mae_suite_index": 5.539897631718532,
              "rmse_suite_index": 5.539897631718532,
              "spearman_suite": NaN,
              "kendall_tau_suite": NaN,
              "fold": 3,
              "n_val": 1,
              "median_bucket_accuracy_suite": NaN,
              "mean_eval_wall_saved_fraction": 0.8911483744165614
            },
            {
              "mae_all_targets": 3071.386432220844,
              "rmse_all_targets": 9316.186172101425,
              "mae_subtest_index_only": 3350.3857713640664,
              "rmse_subtest_index_only": 9730.439080951719,
              "mae_suite_index": 2.3937016454026434,
              "rmse_suite_index": 2.3937016454026434,
              "spearman_suite": NaN,
              "kendall_tau_suite": NaN,
              "fold": 4,
              "n_val": 1,
              "median_bucket_accuracy_suite": NaN,
              "mean_eval_wall_saved_fraction": 0.9385695131315623
            }
          ],
          "time_savings": {
            "mean_fraction_wall_time_saved_vs_full_suite": 0.9116022381786308,
            "description": "Eval subset; PTS ti.by_test_id.time_s_total (or execution_cost)."
          },
          "n_oof": 5
        },
        {
          "suite_key": "phoronix_cpu",
          "xi_ablation": "no_dynamic_proc",
          "benchmark": "phoronix",
          "eval_partial_k": 3,
          "policy": "router",
          "oof_metrics": {
            "mae_all_targets": 5871.573770599017,
            "rmse_all_targets": 23320.852782634433,
            "mae_subtest_index_only": 6405.196091380158,
            "rmse_subtest_index_only": 24357.836315883695,
            "mae_suite_index": 1.7282420064659618,
            "rmse_suite_index": 2.0509736519289823,
            "spearman_suite": 0.09999999999999999,
            "kendall_tau_suite": 0.0,
            "median_bucket_accuracy_suite": 0.4
          },
          "per_fold_metrics": [
            {
              "mae_all_targets": 6111.630838630277,
              "rmse_all_targets": 20973.82888047678,
              "mae_subtest_index_only": 6667.188158547543,
              "rmse_subtest_index_only": 21906.4498070565,
              "mae_suite_index": 0.5003195403483005,
              "rmse_suite_index": 0.5003195403483005,
              "spearman_suite": NaN,
              "kendall_tau_suite": NaN,
              "fold": 0,
              "n_val": 1,
              "median_bucket_accuracy_suite": NaN,
              "mean_eval_wall_saved_fraction": 0.8946241693462801
            },
            {
              "mae_all_targets": 2080.3660067317624,
              "rmse_all_targets": 7045.6992074034215,
              "mae_subtest_index_only": 2269.4402693286784,
              "rmse_subtest_index_only": 7358.99281369976,
              "mae_suite_index": 0.5491181656875597,
              "rmse_suite_index": 0.5491181656875597,
              "spearman_suite": NaN,
              "kendall_tau_suite": NaN,
              "fold": 1,
              "n_val": 1,
              "median_bucket_accuracy_suite": NaN,
              "mean_eval_wall_saved_fraction": 0.9381567114894133
            },
            {
              "mae_all_targets": 13170.730464062397,
              "rmse_all_targets": 42792.50312858474,
              "mae_subtest_index_only": 14367.880916108348,
              "rmse_subtest_index_only": 44695.31181822455,
              "mae_suite_index": 2.075491556938232,
              "rmse_suite_index": 2.075491556938232,
              "spearman_suite": NaN,
              "kendall_tau_suite": NaN,
              "fold": 2,
              "n_val": 1,
              "median_bucket_accuracy_suite": NaN,
              "mean_eval_wall_saved_fraction": 0.8955124225093372
            },
            {
              "mae_all_targets": 6186.573143434929,
              "rmse_all_targets": 19359.38074490302,
              "mae_subtest_index_only": 6748.675216749573,
              "rmse_subtest_index_only": 20220.213698197782,
              "mae_suite_index": 3.450336973837466,
              "rmse_suite_index": 3.450336973837466,
              "spearman_suite": NaN,
              "kendall_tau_suite": NaN,
              "fold": 3,
              "n_val": 1,
              "median_bucket_accuracy_suite": NaN,
              "mean_eval_wall_saved_fraction": 0.8911483744165614
            },
            {
              "mae_all_targets": 1808.5684001357188,
              "rmse_all_targets": 4876.8381644009405,
              "mae_subtest_index_only": 1972.7958961666461,
              "rmse_subtest_index_only": 5093.691298717791,
              "mae_suite_index": 2.065943795518251,
              "rmse_suite_index": 2.065943795518251,
              "spearman_suite": NaN,
              "kendall_tau_suite": NaN,
              "fold": 4,
              "n_val": 1,
              "median_bucket_accuracy_suite": NaN,
              "mean_eval_wall_saved_fraction": 0.9385695131315623
            }
          ],
          "time_savings": {
            "mean_fraction_wall_time_saved_vs_full_suite": 0.9116022381786308,
            "description": "Eval subset; PTS ti.by_test_id.time_s_total (or execution_cost)."
          },
          "n_oof": 5
        },
        {
          "suite_key": "phoronix_cpu",
          "xi_ablation": "no_gpu",
          "benchmark": "phoronix",
          "eval_partial_k": 3,
          "policy": "router",
          "oof_metrics": {
            "mae_all_targets": 12695.064561008365,
            "rmse_all_targets": 45112.180658141624,
            "mae_subtest_index_only": 13848.854636058588,
            "rmse_subtest_index_only": 47118.13597021682,
            "mae_suite_index": 3.3737354559148116,
            "rmse_suite_index": 3.7957135339813974,
            "spearman_suite": -0.9999999999999999,
            "kendall_tau_suite": -1.0,
            "median_bucket_accuracy_suite": 0.2
          },
          "per_fold_metrics": [
            {
              "mae_all_targets": 9423.433402038765,
              "rmse_all_targets": 28910.423779699227,
              "mae_subtest_index_only": 10279.999184847647,
              "rmse_subtest_index_only": 30195.95282333227,
              "mae_suite_index": 1.2097911410642155,
              "rmse_suite_index": 1.2097911410642155,
              "spearman_suite": NaN,
              "kendall_tau_suite": NaN,
              "fold": 0,
              "n_val": 1,
              "median_bucket_accuracy_suite": NaN,
              "mean_eval_wall_saved_fraction": 0.8946241693462801
            },
            {
              "mae_all_targets": 13928.659148760244,
              "rmse_all_targets": 46865.000594526784,
              "mae_subtest_index_only": 15194.683245186288,
              "rmse_subtest_index_only": 48948.89669382315,
              "mae_suite_index": 2.394088073761168,
              "rmse_suite_index": 2.394088073761168,
              "spearman_suite": NaN,
              "kendall_tau_suite": NaN,
              "fold": 1,
              "n_val": 1,
              "median_bucket_accuracy_suite": NaN,
              "mean_eval_wall_saved_fraction": 0.9381567114894133
            },
            {
              "mae_all_targets": 18520.22977764095,
              "rmse_all_targets": 59389.53500191809,
              "mae_subtest_index_only": 20203.402375718524,
              "rmse_subtest_index_only": 62030.34622776981,
              "mae_suite_index": 5.3311987876275,
              "rmse_suite_index": 5.3311987876275,
              "spearman_suite": NaN,
              "kendall_tau_suite": NaN,
              "fold": 2,
              "n_val": 1,
              "median_bucket_accuracy_suite": NaN,
              "mean_eval_wall_saved_fraction": 0.8955124225093372
            },
            {
              "mae_all_targets": 18531.614044381033,
              "rmse_all_targets": 59409.55430130691,
              "mae_subtest_index_only": 20215.802603176424,
              "rmse_subtest_index_only": 62051.255702383765,
              "mae_suite_index": 5.539897631718532,
              "rmse_suite_index": 5.539897631718532,
              "spearman_suite": NaN,
              "kendall_tau_suite": NaN,
              "fold": 3,
              "n_val": 1,
              "median_bucket_accuracy_suite": NaN,
              "mean_eval_wall_saved_fraction": 0.8911483744165614
            },
            {
              "mae_all_targets": 3071.386432220844,
              "rmse_all_targets": 9316.186172101425,
              "mae_subtest_index_only": 3350.3857713640664,
              "rmse_subtest_index_only": 9730.439080951719,
              "mae_suite_index": 2.3937016454026434,
              "rmse_suite_index": 2.3937016454026434,
              "spearman_suite": NaN,
              "kendall_tau_suite": NaN,
              "fold": 4,
              "n_val": 1,
              "median_bucket_accuracy_suite": NaN,
              "mean_eval_wall_saved_fraction": 0.9385695131315623
            }
          ],
          "time_savings": {
            "mean_fraction_wall_time_saved_vs_full_suite": 0.9116022381786308,
            "description": "Eval subset; PTS ti.by_test_id.time_s_total (or execution_cost)."
          },
          "n_oof": 5
        }
      ]
    }
  ]
}
+ /home/cxc/dev/miniconda3/bin/python3 /home/cxc/MoEBench/scripts/paper_reconstruct_cv_extras.py --dataset-root /home/cxc/MoEBench/dataset --suites phoronix_cpu --cv-mode leave_one_session_out --seed 42 --model-type lightgbm --log1p-partial-value --train-aug 10 --train-k-max 12 --xi-ablations full,static_hw_only,no_perf_pmu,no_dynamic_proc,no_gpu --report-json /home/cxc/MoEBench/dataset/paper_supplementary/xi_ablation_phoronix_cpu_iZbp16krl0yc7euw7sb6slZ.json --auto-install --glob-pts-cpu iZbp16krl0yc7euw7sb6slZ_cpu_[0-9][0-9][0-9][0-9][0-9][0-9][0-9][0-9]T[0-9][0-9][0-9][0-9][0-9][0-9]Z/run-*.json --router-model-pts-cpu /home/cxc/MoEBench/dataset/experiments/router_recon_grid_cpu_iZbp16krl0yc7euw7sb6slZ_20260527T035712Z/trained_models/router_mlp.pt --eval-partial-k 3 --policies router
[phoronix_cpu] leave_one_session_out needs >= 2 session dirs; got 1. Falling back to random_fold.
Requirement already satisfied: lightgbm in /home/cxc/dev/miniconda3/lib/python3.13/site-packages (4.6.0)
Requirement already satisfied: numpy>=1.17.0 in /home/cxc/dev/miniconda3/lib/python3.13/site-packages (from lightgbm) (2.4.4)
Requirement already satisfied: scipy in /home/cxc/dev/miniconda3/lib/python3.13/site-packages (from lightgbm) (1.17.1)
Requirement already satisfied: lightgbm in /home/cxc/dev/miniconda3/lib/python3.13/site-packages (4.6.0)
Requirement already satisfied: numpy>=1.17.0 in /home/cxc/dev/miniconda3/lib/python3.13/site-packages (from lightgbm) (2.4.4)
Requirement already satisfied: scipy in /home/cxc/dev/miniconda3/lib/python3.13/site-packages (from lightgbm) (1.17.1)
Requirement already satisfied: lightgbm in /home/cxc/dev/miniconda3/lib/python3.13/site-packages (4.6.0)
Requirement already satisfied: numpy>=1.17.0 in /home/cxc/dev/miniconda3/lib/python3.13/site-packages (from lightgbm) (2.4.4)
Requirement already satisfied: scipy in /home/cxc/dev/miniconda3/lib/python3.13/site-packages (from lightgbm) (1.17.1)
Requirement already satisfied: lightgbm in /home/cxc/dev/miniconda3/lib/python3.13/site-packages (4.6.0)
Requirement already satisfied: numpy>=1.17.0 in /home/cxc/dev/miniconda3/lib/python3.13/site-packages (from lightgbm) (2.4.4)
Requirement already satisfied: scipy in /home/cxc/dev/miniconda3/lib/python3.13/site-packages (from lightgbm) (1.17.1)
Requirement already satisfied: lightgbm in /home/cxc/dev/miniconda3/lib/python3.13/site-packages (4.6.0)
Requirement already satisfied: numpy>=1.17.0 in /home/cxc/dev/miniconda3/lib/python3.13/site-packages (from lightgbm) (2.4.4)
Requirement already satisfied: scipy in /home/cxc/dev/miniconda3/lib/python3.13/site-packages (from lightgbm) (1.17.1)
Requirement already satisfied: lightgbm in /home/cxc/dev/miniconda3/lib/python3.13/site-packages (4.6.0)
Requirement already satisfied: numpy>=1.17.0 in /home/cxc/dev/miniconda3/lib/python3.13/site-packages (from lightgbm) (2.4.4)
Requirement already satisfied: scipy in /home/cxc/dev/miniconda3/lib/python3.13/site-packages (from lightgbm) (1.17.1)
Requirement already satisfied: lightgbm in /home/cxc/dev/miniconda3/lib/python3.13/site-packages (4.6.0)
Requirement already satisfied: numpy>=1.17.0 in /home/cxc/dev/miniconda3/lib/python3.13/site-packages (from lightgbm) (2.4.4)
Requirement already satisfied: scipy in /home/cxc/dev/miniconda3/lib/python3.13/site-packages (from lightgbm) (1.17.1)
Requirement already satisfied: lightgbm in /home/cxc/dev/miniconda3/lib/python3.13/site-packages (4.6.0)
Requirement already satisfied: numpy>=1.17.0 in /home/cxc/dev/miniconda3/lib/python3.13/site-packages (from lightgbm) (2.4.4)
Requirement already satisfied: scipy in /home/cxc/dev/miniconda3/lib/python3.13/site-packages (from lightgbm) (1.17.1)
Requirement already satisfied: lightgbm in /home/cxc/dev/miniconda3/lib/python3.13/site-packages (4.6.0)
Requirement already satisfied: numpy>=1.17.0 in /home/cxc/dev/miniconda3/lib/python3.13/site-packages (from lightgbm) (2.4.4)
Requirement already satisfied: scipy in /home/cxc/dev/miniconda3/lib/python3.13/site-packages (from lightgbm) (1.17.1)
Requirement already satisfied: lightgbm in /home/cxc/dev/miniconda3/lib/python3.13/site-packages (4.6.0)
Requirement already satisfied: numpy>=1.17.0 in /home/cxc/dev/miniconda3/lib/python3.13/site-packages (from lightgbm) (2.4.4)
Requirement already satisfied: scipy in /home/cxc/dev/miniconda3/lib/python3.13/site-packages (from lightgbm) (1.17.1)
Requirement already satisfied: lightgbm in /home/cxc/dev/miniconda3/lib/python3.13/site-packages (4.6.0)
Requirement already satisfied: numpy>=1.17.0 in /home/cxc/dev/miniconda3/lib/python3.13/site-packages (from lightgbm) (2.4.4)
Requirement already satisfied: scipy in /home/cxc/dev/miniconda3/lib/python3.13/site-packages (from lightgbm) (1.17.1)
Requirement already satisfied: lightgbm in /home/cxc/dev/miniconda3/lib/python3.13/site-packages (4.6.0)
Requirement already satisfied: numpy>=1.17.0 in /home/cxc/dev/miniconda3/lib/python3.13/site-packages (from lightgbm) (2.4.4)
Requirement already satisfied: scipy in /home/cxc/dev/miniconda3/lib/python3.13/site-packages (from lightgbm) (1.17.1)
Requirement already satisfied: lightgbm in /home/cxc/dev/miniconda3/lib/python3.13/site-packages (4.6.0)
Requirement already satisfied: numpy>=1.17.0 in /home/cxc/dev/miniconda3/lib/python3.13/site-packages (from lightgbm) (2.4.4)
Requirement already satisfied: scipy in /home/cxc/dev/miniconda3/lib/python3.13/site-packages (from lightgbm) (1.17.1)
Requirement already satisfied: lightgbm in /home/cxc/dev/miniconda3/lib/python3.13/site-packages (4.6.0)
Requirement already satisfied: numpy>=1.17.0 in /home/cxc/dev/miniconda3/lib/python3.13/site-packages (from lightgbm) (2.4.4)
Requirement already satisfied: scipy in /home/cxc/dev/miniconda3/lib/python3.13/site-packages (from lightgbm) (1.17.1)
Requirement already satisfied: lightgbm in /home/cxc/dev/miniconda3/lib/python3.13/site-packages (4.6.0)
Requirement already satisfied: numpy>=1.17.0 in /home/cxc/dev/miniconda3/lib/python3.13/site-packages (from lightgbm) (2.4.4)
Requirement already satisfied: scipy in /home/cxc/dev/miniconda3/lib/python3.13/site-packages (from lightgbm) (1.17.1)
Requirement already satisfied: lightgbm in /home/cxc/dev/miniconda3/lib/python3.13/site-packages (4.6.0)
Requirement already satisfied: numpy>=1.17.0 in /home/cxc/dev/miniconda3/lib/python3.13/site-packages (from lightgbm) (2.4.4)
Requirement already satisfied: scipy in /home/cxc/dev/miniconda3/lib/python3.13/site-packages (from lightgbm) (1.17.1)
Requirement already satisfied: lightgbm in /home/cxc/dev/miniconda3/lib/python3.13/site-packages (4.6.0)
Requirement already satisfied: numpy>=1.17.0 in /home/cxc/dev/miniconda3/lib/python3.13/site-packages (from lightgbm) (2.4.4)
Requirement already satisfied: scipy in /home/cxc/dev/miniconda3/lib/python3.13/site-packages (from lightgbm) (1.17.1)
Requirement already satisfied: lightgbm in /home/cxc/dev/miniconda3/lib/python3.13/site-packages (4.6.0)
Requirement already satisfied: numpy>=1.17.0 in /home/cxc/dev/miniconda3/lib/python3.13/site-packages (from lightgbm) (2.4.4)
Requirement already satisfied: scipy in /home/cxc/dev/miniconda3/lib/python3.13/site-packages (from lightgbm) (1.17.1)
Requirement already satisfied: lightgbm in /home/cxc/dev/miniconda3/lib/python3.13/site-packages (4.6.0)
Requirement already satisfied: numpy>=1.17.0 in /home/cxc/dev/miniconda3/lib/python3.13/site-packages (from lightgbm) (2.4.4)
Requirement already satisfied: scipy in /home/cxc/dev/miniconda3/lib/python3.13/site-packages (from lightgbm) (1.17.1)
Requirement already satisfied: lightgbm in /home/cxc/dev/miniconda3/lib/python3.13/site-packages (4.6.0)
Requirement already satisfied: numpy>=1.17.0 in /home/cxc/dev/miniconda3/lib/python3.13/site-packages (from lightgbm) (2.4.4)
Requirement already satisfied: scipy in /home/cxc/dev/miniconda3/lib/python3.13/site-packages (from lightgbm) (1.17.1)
Requirement already satisfied: lightgbm in /home/cxc/dev/miniconda3/lib/python3.13/site-packages (4.6.0)
Requirement already satisfied: numpy>=1.17.0 in /home/cxc/dev/miniconda3/lib/python3.13/site-packages (from lightgbm) (2.4.4)
Requirement already satisfied: scipy in /home/cxc/dev/miniconda3/lib/python3.13/site-packages (from lightgbm) (1.17.1)
Requirement already satisfied: lightgbm in /home/cxc/dev/miniconda3/lib/python3.13/site-packages (4.6.0)
Requirement already satisfied: numpy>=1.17.0 in /home/cxc/dev/miniconda3/lib/python3.13/site-packages (from lightgbm) (2.4.4)
Requirement already satisfied: scipy in /home/cxc/dev/miniconda3/lib/python3.13/site-packages (from lightgbm) (1.17.1)
Requirement already satisfied: lightgbm in /home/cxc/dev/miniconda3/lib/python3.13/site-packages (4.6.0)
Requirement already satisfied: numpy>=1.17.0 in /home/cxc/dev/miniconda3/lib/python3.13/site-packages (from lightgbm) (2.4.4)
Requirement already satisfied: scipy in /home/cxc/dev/miniconda3/lib/python3.13/site-packages (from lightgbm) (1.17.1)
Requirement already satisfied: lightgbm in /home/cxc/dev/miniconda3/lib/python3.13/site-packages (4.6.0)
Requirement already satisfied: numpy>=1.17.0 in /home/cxc/dev/miniconda3/lib/python3.13/site-packages (from lightgbm) (2.4.4)
Requirement already satisfied: scipy in /home/cxc/dev/miniconda3/lib/python3.13/site-packages (from lightgbm) (1.17.1)
Requirement already satisfied: lightgbm in /home/cxc/dev/miniconda3/lib/python3.13/site-packages (4.6.0)
Requirement already satisfied: numpy>=1.17.0 in /home/cxc/dev/miniconda3/lib/python3.13/site-packages (from lightgbm) (2.4.4)
Requirement already satisfied: scipy in /home/cxc/dev/miniconda3/lib/python3.13/site-packages (from lightgbm) (1.17.1)
{
  "schema": "moebench.paper_reconstruct_cv_extras.v2",
  "dataset_root": "/home/cxc/MoEBench/dataset",
  "suites_requested": [
    "phoronix_cpu"
  ],
  "eval_partial_k_list": [
    3
  ],
  "train_k_range_requested": [
    2,
    12
  ],
  "pts_suite_target": "logmean",
  "model_type": "lightgbm",
  "policies": [
    "router"
  ],
  "xi_ablations": [
    "full",
    "static_hw_only",
    "no_perf_pmu",
    "no_dynamic_proc",
    "no_gpu"
  ],
  "suite_results": [
    {
      "suite_key": "phoronix_cpu",
      "pts_suite_filter": "cpu",
      "glob_pattern": "iZbp16krl0yc7euw7sb6slZ_cpu_[0-9][0-9][0-9][0-9][0-9][0-9][0-9][0-9]T[0-9][0-9][0-9][0-9][0-9][0-9]Z/run-*.json",
      "cv_mode_effective": "random_fold",
      "folds_effective": 5,
      "sessions": [
        "iZbp16krl0yc7euw7sb6slZ_cpu_20260525T045459Z"
      ],
      "n_samples": 5,
      "num_profiles_or_subtests": 10,
      "profile_ids_head": [
        "pts/asmfish-1.1.2",
        "pts/build-linux-kernel-1.18.0",
        "pts/compress-7zip-1.13.0",
        "pts/ctx-clock-1.0.0",
        "pts/namd-1.4.0",
        "pts/openssl-4.0.0",
        "pts/radiance-1.0.0",
        "pts/rodinia-1.3.2"
      ],
      "combinations": [
        {
          "suite_key": "phoronix_cpu",
          "xi_ablation": "full",
          "benchmark": "phoronix",
          "eval_partial_k": 3,
          "policy": "router",
          "oof_metrics": {
            "mae_all_targets": 201789.10697320235,
            "rmse_all_targets": 682581.3385322103,
            "mae_subtest_index_only": 221964.7874642643,
            "rmse_subtest_index_only": 715897.3473650371,
            "mae_suite_index": 32.30206258265862,
            "rmse_suite_index": 34.54992384737082,
            "spearman_suite": -0.8999999999999998,
            "kendall_tau_suite": -0.8,
            "median_bucket_accuracy_suite": 0.2
          },
          "per_fold_metrics": [
            {
              "mae_all_targets": 244294.48966669792,
              "rmse_all_targets": 745739.9748712255,
              "mae_subtest_index_only": 268720.1571994155,
              "rmse_subtest_index_only": 782138.6839877166,
              "mae_suite_index": 37.81433952173575,
              "rmse_suite_index": 37.81433952173575,
              "spearman_suite": NaN,
              "kendall_tau_suite": NaN,
              "fold": 0,
              "n_val": 1,
              "median_bucket_accuracy_suite": NaN,
              "mean_eval_wall_saved_fraction": 0.8194872892619887
            },
            {
              "mae_all_targets": 19027.447674919953,
              "rmse_all_targets": 55723.634491240446,
              "mae_subtest_index_only": 20928.444451251125,
              "rmse_subtest_index_only": 58443.440645208146,
              "mae_suite_index": 17.479911608215843,
              "rmse_suite_index": 17.479911608215843,
              "spearman_suite": NaN,
              "kendall_tau_suite": NaN,
              "fold": 1,
              "n_val": 1,
              "median_bucket_accuracy_suite": NaN,
              "mean_eval_wall_saved_fraction": 0.9676702351082673
            },
            {
              "mae_all_targets": 193357.15555448766,
              "rmse_all_targets": 591931.551699658,
              "mae_subtest_index_only": 212687.71931209898,
              "rmse_subtest_index_only": 620823.0487199322,
              "mae_suite_index": 51.51797837450613,
              "rmse_suite_index": 51.51797837450613,
              "spearman_suite": NaN,
              "kendall_tau_suite": NaN,
              "fold": 2,
              "n_val": 1,
              "median_bucket_accuracy_suite": NaN,
              "mean_eval_wall_saved_fraction": 0.9566555531151996
            },
            {
              "mae_all_targets": 303713.2227548832,
              "rmse_all_targets": 927339.0201394317,
              "mae_subtest_index_only": 334082.45422380976,
              "rmse_subtest_index_only": 972601.3695532012,
              "mae_suite_index": 20.90806561754107,
              "rmse_suite_index": 20.90806561754107,
              "spearman_suite": NaN,
              "kendall_tau_suite": NaN,
              "fold": 3,
              "n_val": 1,
              "median_bucket_accuracy_suite": NaN,
              "mean_eval_wall_saved_fraction": 0.957012156000852
            },
            {
              "mae_all_targets": 248553.21921502298,
              "rmse_all_targets": 748339.8725375682,
              "mae_subtest_index_only": 273405.1621347462,
              "rmse_subtest_index_only": 784865.4796831886,
              "mae_suite_index": 33.790017791294304,
              "rmse_suite_index": 33.790017791294304,
              "spearman_suite": NaN,
              "kendall_tau_suite": NaN,
              "fold": 4,
              "n_val": 1,
              "median_bucket_accuracy_suite": NaN,
              "mean_eval_wall_saved_fraction": 0.941833969700702
            }
          ],
          "time_savings": {
            "mean_fraction_wall_time_saved_vs_full_suite": 0.9285318406374019,
            "description": "Eval subset; PTS ti.by_test_id.time_s_total (or execution_cost)."
          },
          "n_oof": 5
        },
        {
          "suite_key": "phoronix_cpu",
          "xi_ablation": "static_hw_only",
          "benchmark": "phoronix",
          "eval_partial_k": 3,
          "policy": "router",
          "oof_metrics": {
            "mae_all_targets": 126961.68321959305,
            "rmse_all_targets": 410045.3062415162,
            "mae_subtest_index_only": 139656.201516352,
            "rmse_subtest_index_only": 430059.1452729176,
            "mae_suite_index": 16.500252003173593,
            "rmse_suite_index": 23.42996466261165,
            "spearman_suite": -0.3,
            "kendall_tau_suite": -0.2,
            "median_bucket_accuracy_suite": 0.4
          },
          "per_fold_metrics": [
            {
              "mae_all_targets": 174658.9035593517,
              "rmse_all_targets": 529293.8057589944,
              "mae_subtest_index_only": 192120.5373998944,
              "rmse_subtest_index_only": 555128.0265985,
              "mae_suite_index": 42.56515392437177,
              "rmse_suite_index": 42.56515392437177,
              "spearman_suite": NaN,
              "kendall_tau_suite": NaN,
              "fold": 0,
              "n_val": 1,
              "median_bucket_accuracy_suite": NaN,
              "mean_eval_wall_saved_fraction": 0.8194872892619887
            },
            {
              "mae_all_targets": 68382.32793459999,
              "rmse_all_targets": 200724.0412265523,
              "mae_subtest_index_only": 75220.28087955303,
              "rmse_subtest_index_only": 210521.15047701832,
              "mae_suite_index": 2.798485069633898,
              "rmse_suite_index": 2.798485069633898,
              "spearman_suite": NaN,
              "kendall_tau_suite": NaN,
              "fold": 1,
              "n_val": 1,
              "median_bucket_accuracy_suite": NaN,
              "mean_eval_wall_saved_fraction": 0.9676702351082673
            },
            {
              "mae_all_targets": 139735.3958160746,
              "rmse_all_targets": 431448.28953676746,
              "mae_subtest_index_only": 153705.94348864278,
              "rmse_subtest_index_only": 452506.7834951288,
              "mae_suite_index": 29.91909039269558,
              "rmse_suite_index": 29.91909039269558,
              "spearman_suite": NaN,
              "kendall_tau_suite": NaN,
              "fold": 2,
              "n_val": 1,
              "median_bucket_accuracy_suite": NaN,
              "mean_eval_wall_saved_fraction": 0.9566555531151996
            },
            {
              "mae_all_targets": 168261.76903441397,
              "rmse_all_targets": 522611.51287167217,
              "mae_subtest_index_only": 185087.44382331066,
              "rmse_subtest_index_only": 548119.5788530989,
              "mae_suite_index": 5.0211454471245816,
              "rmse_suite_index": 5.0211454471245816,
              "spearman_suite": NaN,
              "kendall_tau_suite": NaN,
              "fold": 3,
              "n_val": 1,
              "median_bucket_accuracy_suite": NaN,
              "mean_eval_wall_saved_fraction": 0.957012156000852
            },
            {
              "mae_all_targets": 83770.0197535249,
              "rmse_all_targets": 246927.6662954458,
              "mae_subtest_index_only": 92146.80199035918,
              "rmse_subtest_index_only": 258979.92126773784,
              "mae_suite_index": 2.197385182042126,
              "rmse_suite_index": 2.197385182042126,
              "spearman_suite": NaN,
              "kendall_tau_suite": NaN,
              "fold": 4,
              "n_val": 1,
              "median_bucket_accuracy_suite": NaN,
              "mean_eval_wall_saved_fraction": 0.941833969700702
            }
          ],
          "time_savings": {
            "mean_fraction_wall_time_saved_vs_full_suite": 0.9285318406374019,
            "description": "Eval subset; PTS ti.by_test_id.time_s_total (or execution_cost)."
          },
          "n_oof": 5
        },
        {
          "suite_key": "phoronix_cpu",
          "xi_ablation": "no_perf_pmu",
          "benchmark": "phoronix",
          "eval_partial_k": 3,
          "policy": "router",
          "oof_metrics": {
            "mae_all_targets": 201789.10697320235,
            "rmse_all_targets": 682581.3385322103,
            "mae_subtest_index_only": 221964.7874642643,
            "rmse_subtest_index_only": 715897.3473650371,
            "mae_suite_index": 32.30206258265862,
            "rmse_suite_index": 34.54992384737082,
            "spearman_suite": -0.8999999999999998,
            "kendall_tau_suite": -0.8,
            "median_bucket_accuracy_suite": 0.2
          },
          "per_fold_metrics": [
            {
              "mae_all_targets": 244294.48966669792,
              "rmse_all_targets": 745739.9748712255,
              "mae_subtest_index_only": 268720.1571994155,
              "rmse_subtest_index_only": 782138.6839877166,
              "mae_suite_index": 37.81433952173575,
              "rmse_suite_index": 37.81433952173575,
              "spearman_suite": NaN,
              "kendall_tau_suite": NaN,
              "fold": 0,
              "n_val": 1,
              "median_bucket_accuracy_suite": NaN,
              "mean_eval_wall_saved_fraction": 0.8194872892619887
            },
            {
              "mae_all_targets": 19027.447674919953,
              "rmse_all_targets": 55723.634491240446,
              "mae_subtest_index_only": 20928.444451251125,
              "rmse_subtest_index_only": 58443.440645208146,
              "mae_suite_index": 17.479911608215843,
              "rmse_suite_index": 17.479911608215843,
              "spearman_suite": NaN,
              "kendall_tau_suite": NaN,
              "fold": 1,
              "n_val": 1,
              "median_bucket_accuracy_suite": NaN,
              "mean_eval_wall_saved_fraction": 0.9676702351082673
            },
            {
              "mae_all_targets": 193357.15555448766,
              "rmse_all_targets": 591931.551699658,
              "mae_subtest_index_only": 212687.71931209898,
              "rmse_subtest_index_only": 620823.0487199322,
              "mae_suite_index": 51.51797837450613,
              "rmse_suite_index": 51.51797837450613,
              "spearman_suite": NaN,
              "kendall_tau_suite": NaN,
              "fold": 2,
              "n_val": 1,
              "median_bucket_accuracy_suite": NaN,
              "mean_eval_wall_saved_fraction": 0.9566555531151996
            },
            {
              "mae_all_targets": 303713.2227548832,
              "rmse_all_targets": 927339.0201394317,
              "mae_subtest_index_only": 334082.45422380976,
              "rmse_subtest_index_only": 972601.3695532012,
              "mae_suite_index": 20.90806561754107,
              "rmse_suite_index": 20.90806561754107,
              "spearman_suite": NaN,
              "kendall_tau_suite": NaN,
              "fold": 3,
              "n_val": 1,
              "median_bucket_accuracy_suite": NaN,
              "mean_eval_wall_saved_fraction": 0.957012156000852
            },
            {
              "mae_all_targets": 248553.21921502298,
              "rmse_all_targets": 748339.8725375682,
              "mae_subtest_index_only": 273405.1621347462,
              "rmse_subtest_index_only": 784865.4796831886,
              "mae_suite_index": 33.790017791294304,
              "rmse_suite_index": 33.790017791294304,
              "spearman_suite": NaN,
              "kendall_tau_suite": NaN,
              "fold": 4,
              "n_val": 1,
              "median_bucket_accuracy_suite": NaN,
              "mean_eval_wall_saved_fraction": 0.941833969700702
            }
          ],
          "time_savings": {
            "mean_fraction_wall_time_saved_vs_full_suite": 0.9285318406374019,
            "description": "Eval subset; PTS ti.by_test_id.time_s_total (or execution_cost)."
          },
          "n_oof": 5
        },
        {
          "suite_key": "phoronix_cpu",
          "xi_ablation": "no_dynamic_proc",
          "benchmark": "phoronix",
          "eval_partial_k": 3,
          "policy": "router",
          "oof_metrics": {
            "mae_all_targets": 126961.68321959305,
            "rmse_all_targets": 410045.3062415162,
            "mae_subtest_index_only": 139656.201516352,
            "rmse_subtest_index_only": 430059.1452729176,
            "mae_suite_index": 16.500252003173593,
            "rmse_suite_index": 23.42996466261165,
            "spearman_suite": -0.3,
            "kendall_tau_suite": -0.2,
            "median_bucket_accuracy_suite": 0.4
          },
          "per_fold_metrics": [
            {
              "mae_all_targets": 174658.9035593517,
              "rmse_all_targets": 529293.8057589944,
              "mae_subtest_index_only": 192120.5373998944,
              "rmse_subtest_index_only": 555128.0265985,
              "mae_suite_index": 42.56515392437177,
              "rmse_suite_index": 42.56515392437177,
              "spearman_suite": NaN,
              "kendall_tau_suite": NaN,
              "fold": 0,
              "n_val": 1,
              "median_bucket_accuracy_suite": NaN,
              "mean_eval_wall_saved_fraction": 0.8194872892619887
            },
            {
              "mae_all_targets": 68382.32793459999,
              "rmse_all_targets": 200724.0412265523,
              "mae_subtest_index_only": 75220.28087955303,
              "rmse_subtest_index_only": 210521.15047701832,
              "mae_suite_index": 2.798485069633898,
              "rmse_suite_index": 2.798485069633898,
              "spearman_suite": NaN,
              "kendall_tau_suite": NaN,
              "fold": 1,
              "n_val": 1,
              "median_bucket_accuracy_suite": NaN,
              "mean_eval_wall_saved_fraction": 0.9676702351082673
            },
            {
              "mae_all_targets": 139735.3958160746,
              "rmse_all_targets": 431448.28953676746,
              "mae_subtest_index_only": 153705.94348864278,
              "rmse_subtest_index_only": 452506.7834951288,
              "mae_suite_index": 29.91909039269558,
              "rmse_suite_index": 29.91909039269558,
              "spearman_suite": NaN,
              "kendall_tau_suite": NaN,
              "fold": 2,
              "n_val": 1,
              "median_bucket_accuracy_suite": NaN,
              "mean_eval_wall_saved_fraction": 0.9566555531151996
            },
            {
              "mae_all_targets": 168261.76903441397,
              "rmse_all_targets": 522611.51287167217,
              "mae_subtest_index_only": 185087.44382331066,
              "rmse_subtest_index_only": 548119.5788530989,
              "mae_suite_index": 5.0211454471245816,
              "rmse_suite_index": 5.0211454471245816,
              "spearman_suite": NaN,
              "kendall_tau_suite": NaN,
              "fold": 3,
              "n_val": 1,
              "median_bucket_accuracy_suite": NaN,
              "mean_eval_wall_saved_fraction": 0.957012156000852
            },
            {
              "mae_all_targets": 83770.0197535249,
              "rmse_all_targets": 246927.6662954458,
              "mae_subtest_index_only": 92146.80199035918,
              "rmse_subtest_index_only": 258979.92126773784,
              "mae_suite_index": 2.197385182042126,
              "rmse_suite_index": 2.197385182042126,
              "spearman_suite": NaN,
              "kendall_tau_suite": NaN,
              "fold": 4,
              "n_val": 1,
              "median_bucket_accuracy_suite": NaN,
              "mean_eval_wall_saved_fraction": 0.941833969700702
            }
          ],
          "time_savings": {
            "mean_fraction_wall_time_saved_vs_full_suite": 0.9285318406374019,
            "description": "Eval subset; PTS ti.by_test_id.time_s_total (or execution_cost)."
          },
          "n_oof": 5
        },
        {
          "suite_key": "phoronix_cpu",
          "xi_ablation": "no_gpu",
          "benchmark": "phoronix",
          "eval_partial_k": 3,
          "policy": "router",
          "oof_metrics": {
            "mae_all_targets": 201789.10697320235,
            "rmse_all_targets": 682581.3385322103,
            "mae_subtest_index_only": 221964.7874642643,
            "rmse_subtest_index_only": 715897.3473650371,
            "mae_suite_index": 32.30206258265862,
            "rmse_suite_index": 34.54992384737082,
            "spearman_suite": -0.8999999999999998,
            "kendall_tau_suite": -0.8,
            "median_bucket_accuracy_suite": 0.2
          },
          "per_fold_metrics": [
            {
              "mae_all_targets": 244294.48966669792,
              "rmse_all_targets": 745739.9748712255,
              "mae_subtest_index_only": 268720.1571994155,
              "rmse_subtest_index_only": 782138.6839877166,
              "mae_suite_index": 37.81433952173575,
              "rmse_suite_index": 37.81433952173575,
              "spearman_suite": NaN,
              "kendall_tau_suite": NaN,
              "fold": 0,
              "n_val": 1,
              "median_bucket_accuracy_suite": NaN,
              "mean_eval_wall_saved_fraction": 0.8194872892619887
            },
            {
              "mae_all_targets": 19027.447674919953,
              "rmse_all_targets": 55723.634491240446,
              "mae_subtest_index_only": 20928.444451251125,
              "rmse_subtest_index_only": 58443.440645208146,
              "mae_suite_index": 17.479911608215843,
              "rmse_suite_index": 17.479911608215843,
              "spearman_suite": NaN,
              "kendall_tau_suite": NaN,
              "fold": 1,
              "n_val": 1,
              "median_bucket_accuracy_suite": NaN,
              "mean_eval_wall_saved_fraction": 0.9676702351082673
            },
            {
              "mae_all_targets": 193357.15555448766,
              "rmse_all_targets": 591931.551699658,
              "mae_subtest_index_only": 212687.71931209898,
              "rmse_subtest_index_only": 620823.0487199322,
              "mae_suite_index": 51.51797837450613,
              "rmse_suite_index": 51.51797837450613,
              "spearman_suite": NaN,
              "kendall_tau_suite": NaN,
              "fold": 2,
              "n_val": 1,
              "median_bucket_accuracy_suite": NaN,
              "mean_eval_wall_saved_fraction": 0.9566555531151996
            },
            {
              "mae_all_targets": 303713.2227548832,
              "rmse_all_targets": 927339.0201394317,
              "mae_subtest_index_only": 334082.45422380976,
              "rmse_subtest_index_only": 972601.3695532012,
              "mae_suite_index": 20.90806561754107,
              "rmse_suite_index": 20.90806561754107,
              "spearman_suite": NaN,
              "kendall_tau_suite": NaN,
              "fold": 3,
              "n_val": 1,
              "median_bucket_accuracy_suite": NaN,
              "mean_eval_wall_saved_fraction": 0.957012156000852
            },
            {
              "mae_all_targets": 248553.21921502298,
              "rmse_all_targets": 748339.8725375682,
              "mae_subtest_index_only": 273405.1621347462,
              "rmse_subtest_index_only": 784865.4796831886,
              "mae_suite_index": 33.790017791294304,
              "rmse_suite_index": 33.790017791294304,
              "spearman_suite": NaN,
              "kendall_tau_suite": NaN,
              "fold": 4,
              "n_val": 1,
              "median_bucket_accuracy_suite": NaN,
              "mean_eval_wall_saved_fraction": 0.941833969700702
            }
          ],
          "time_savings": {
            "mean_fraction_wall_time_saved_vs_full_suite": 0.9285318406374019,
            "description": "Eval subset; PTS ti.by_test_id.time_s_total (or execution_cost)."
          },
          "n_oof": 5
        }
      ]
    }
  ]
}
+ /home/cxc/dev/miniconda3/bin/python3 /home/cxc/MoEBench/scripts/paper_reconstruct_cv_extras.py --dataset-root /home/cxc/MoEBench/dataset --suites phoronix_cpu --cv-mode leave_one_session_out --seed 42 --model-type lightgbm --log1p-partial-value --train-aug 10 --train-k-max 12 --xi-ablations full,static_hw_only,no_perf_pmu,no_dynamic_proc,no_gpu --report-json /home/cxc/MoEBench/dataset/paper_supplementary/xi_ablation_phoronix_cpu_iZbp1acaw5wdllhz47922rZ.json --auto-install --glob-pts-cpu iZbp1acaw5wdllhz47922rZ_cpu_[0-9][0-9][0-9][0-9][0-9][0-9][0-9][0-9]T[0-9][0-9][0-9][0-9][0-9][0-9]Z/run-*.json --router-model-pts-cpu /home/cxc/MoEBench/dataset/experiments/router_recon_grid_cpu_iZbp1acaw5wdllhz47922rZ_20260525T073952Z/trained_models/router_mlp.pt --eval-partial-k 3 --policies router
[phoronix_cpu] leave_one_session_out needs >= 2 session dirs; got 1. Falling back to random_fold.
Requirement already satisfied: lightgbm in /home/cxc/dev/miniconda3/lib/python3.13/site-packages (4.6.0)
Requirement already satisfied: numpy>=1.17.0 in /home/cxc/dev/miniconda3/lib/python3.13/site-packages (from lightgbm) (2.4.4)
Requirement already satisfied: scipy in /home/cxc/dev/miniconda3/lib/python3.13/site-packages (from lightgbm) (1.17.1)
Requirement already satisfied: lightgbm in /home/cxc/dev/miniconda3/lib/python3.13/site-packages (4.6.0)
Requirement already satisfied: numpy>=1.17.0 in /home/cxc/dev/miniconda3/lib/python3.13/site-packages (from lightgbm) (2.4.4)
Requirement already satisfied: scipy in /home/cxc/dev/miniconda3/lib/python3.13/site-packages (from lightgbm) (1.17.1)
Requirement already satisfied: lightgbm in /home/cxc/dev/miniconda3/lib/python3.13/site-packages (4.6.0)
Requirement already satisfied: numpy>=1.17.0 in /home/cxc/dev/miniconda3/lib/python3.13/site-packages (from lightgbm) (2.4.4)
Requirement already satisfied: scipy in /home/cxc/dev/miniconda3/lib/python3.13/site-packages (from lightgbm) (1.17.1)
Requirement already satisfied: lightgbm in /home/cxc/dev/miniconda3/lib/python3.13/site-packages (4.6.0)
Requirement already satisfied: numpy>=1.17.0 in /home/cxc/dev/miniconda3/lib/python3.13/site-packages (from lightgbm) (2.4.4)
Requirement already satisfied: scipy in /home/cxc/dev/miniconda3/lib/python3.13/site-packages (from lightgbm) (1.17.1)
Requirement already satisfied: lightgbm in /home/cxc/dev/miniconda3/lib/python3.13/site-packages (4.6.0)
Requirement already satisfied: numpy>=1.17.0 in /home/cxc/dev/miniconda3/lib/python3.13/site-packages (from lightgbm) (2.4.4)
Requirement already satisfied: scipy in /home/cxc/dev/miniconda3/lib/python3.13/site-packages (from lightgbm) (1.17.1)
Requirement already satisfied: lightgbm in /home/cxc/dev/miniconda3/lib/python3.13/site-packages (4.6.0)
Requirement already satisfied: numpy>=1.17.0 in /home/cxc/dev/miniconda3/lib/python3.13/site-packages (from lightgbm) (2.4.4)
Requirement already satisfied: scipy in /home/cxc/dev/miniconda3/lib/python3.13/site-packages (from lightgbm) (1.17.1)
Requirement already satisfied: lightgbm in /home/cxc/dev/miniconda3/lib/python3.13/site-packages (4.6.0)
Requirement already satisfied: numpy>=1.17.0 in /home/cxc/dev/miniconda3/lib/python3.13/site-packages (from lightgbm) (2.4.4)
Requirement already satisfied: scipy in /home/cxc/dev/miniconda3/lib/python3.13/site-packages (from lightgbm) (1.17.1)
Requirement already satisfied: lightgbm in /home/cxc/dev/miniconda3/lib/python3.13/site-packages (4.6.0)
Requirement already satisfied: numpy>=1.17.0 in /home/cxc/dev/miniconda3/lib/python3.13/site-packages (from lightgbm) (2.4.4)
Requirement already satisfied: scipy in /home/cxc/dev/miniconda3/lib/python3.13/site-packages (from lightgbm) (1.17.1)
Requirement already satisfied: lightgbm in /home/cxc/dev/miniconda3/lib/python3.13/site-packages (4.6.0)
Requirement already satisfied: numpy>=1.17.0 in /home/cxc/dev/miniconda3/lib/python3.13/site-packages (from lightgbm) (2.4.4)
Requirement already satisfied: scipy in /home/cxc/dev/miniconda3/lib/python3.13/site-packages (from lightgbm) (1.17.1)
Requirement already satisfied: lightgbm in /home/cxc/dev/miniconda3/lib/python3.13/site-packages (4.6.0)
Requirement already satisfied: numpy>=1.17.0 in /home/cxc/dev/miniconda3/lib/python3.13/site-packages (from lightgbm) (2.4.4)
Requirement already satisfied: scipy in /home/cxc/dev/miniconda3/lib/python3.13/site-packages (from lightgbm) (1.17.1)
Requirement already satisfied: lightgbm in /home/cxc/dev/miniconda3/lib/python3.13/site-packages (4.6.0)
Requirement already satisfied: numpy>=1.17.0 in /home/cxc/dev/miniconda3/lib/python3.13/site-packages (from lightgbm) (2.4.4)
Requirement already satisfied: scipy in /home/cxc/dev/miniconda3/lib/python3.13/site-packages (from lightgbm) (1.17.1)
Requirement already satisfied: lightgbm in /home/cxc/dev/miniconda3/lib/python3.13/site-packages (4.6.0)
Requirement already satisfied: numpy>=1.17.0 in /home/cxc/dev/miniconda3/lib/python3.13/site-packages (from lightgbm) (2.4.4)
Requirement already satisfied: scipy in /home/cxc/dev/miniconda3/lib/python3.13/site-packages (from lightgbm) (1.17.1)
Requirement already satisfied: lightgbm in /home/cxc/dev/miniconda3/lib/python3.13/site-packages (4.6.0)
Requirement already satisfied: numpy>=1.17.0 in /home/cxc/dev/miniconda3/lib/python3.13/site-packages (from lightgbm) (2.4.4)
Requirement already satisfied: scipy in /home/cxc/dev/miniconda3/lib/python3.13/site-packages (from lightgbm) (1.17.1)
Requirement already satisfied: lightgbm in /home/cxc/dev/miniconda3/lib/python3.13/site-packages (4.6.0)
Requirement already satisfied: numpy>=1.17.0 in /home/cxc/dev/miniconda3/lib/python3.13/site-packages (from lightgbm) (2.4.4)
Requirement already satisfied: scipy in /home/cxc/dev/miniconda3/lib/python3.13/site-packages (from lightgbm) (1.17.1)
Requirement already satisfied: lightgbm in /home/cxc/dev/miniconda3/lib/python3.13/site-packages (4.6.0)
Requirement already satisfied: numpy>=1.17.0 in /home/cxc/dev/miniconda3/lib/python3.13/site-packages (from lightgbm) (2.4.4)
Requirement already satisfied: scipy in /home/cxc/dev/miniconda3/lib/python3.13/site-packages (from lightgbm) (1.17.1)
Requirement already satisfied: lightgbm in /home/cxc/dev/miniconda3/lib/python3.13/site-packages (4.6.0)
Requirement already satisfied: numpy>=1.17.0 in /home/cxc/dev/miniconda3/lib/python3.13/site-packages (from lightgbm) (2.4.4)
Requirement already satisfied: scipy in /home/cxc/dev/miniconda3/lib/python3.13/site-packages (from lightgbm) (1.17.1)
Requirement already satisfied: lightgbm in /home/cxc/dev/miniconda3/lib/python3.13/site-packages (4.6.0)
Requirement already satisfied: numpy>=1.17.0 in /home/cxc/dev/miniconda3/lib/python3.13/site-packages (from lightgbm) (2.4.4)
Requirement already satisfied: scipy in /home/cxc/dev/miniconda3/lib/python3.13/site-packages (from lightgbm) (1.17.1)
Requirement already satisfied: lightgbm in /home/cxc/dev/miniconda3/lib/python3.13/site-packages (4.6.0)
Requirement already satisfied: numpy>=1.17.0 in /home/cxc/dev/miniconda3/lib/python3.13/site-packages (from lightgbm) (2.4.4)
Requirement already satisfied: scipy in /home/cxc/dev/miniconda3/lib/python3.13/site-packages (from lightgbm) (1.17.1)
Requirement already satisfied: lightgbm in /home/cxc/dev/miniconda3/lib/python3.13/site-packages (4.6.0)
Requirement already satisfied: numpy>=1.17.0 in /home/cxc/dev/miniconda3/lib/python3.13/site-packages (from lightgbm) (2.4.4)
Requirement already satisfied: scipy in /home/cxc/dev/miniconda3/lib/python3.13/site-packages (from lightgbm) (1.17.1)
Requirement already satisfied: lightgbm in /home/cxc/dev/miniconda3/lib/python3.13/site-packages (4.6.0)
Requirement already satisfied: numpy>=1.17.0 in /home/cxc/dev/miniconda3/lib/python3.13/site-packages (from lightgbm) (2.4.4)
Requirement already satisfied: scipy in /home/cxc/dev/miniconda3/lib/python3.13/site-packages (from lightgbm) (1.17.1)
Requirement already satisfied: lightgbm in /home/cxc/dev/miniconda3/lib/python3.13/site-packages (4.6.0)
Requirement already satisfied: numpy>=1.17.0 in /home/cxc/dev/miniconda3/lib/python3.13/site-packages (from lightgbm) (2.4.4)
Requirement already satisfied: scipy in /home/cxc/dev/miniconda3/lib/python3.13/site-packages (from lightgbm) (1.17.1)
Requirement already satisfied: lightgbm in /home/cxc/dev/miniconda3/lib/python3.13/site-packages (4.6.0)
Requirement already satisfied: numpy>=1.17.0 in /home/cxc/dev/miniconda3/lib/python3.13/site-packages (from lightgbm) (2.4.4)
Requirement already satisfied: scipy in /home/cxc/dev/miniconda3/lib/python3.13/site-packages (from lightgbm) (1.17.1)
Requirement already satisfied: lightgbm in /home/cxc/dev/miniconda3/lib/python3.13/site-packages (4.6.0)
Requirement already satisfied: numpy>=1.17.0 in /home/cxc/dev/miniconda3/lib/python3.13/site-packages (from lightgbm) (2.4.4)
Requirement already satisfied: scipy in /home/cxc/dev/miniconda3/lib/python3.13/site-packages (from lightgbm) (1.17.1)
Requirement already satisfied: lightgbm in /home/cxc/dev/miniconda3/lib/python3.13/site-packages (4.6.0)
Requirement already satisfied: numpy>=1.17.0 in /home/cxc/dev/miniconda3/lib/python3.13/site-packages (from lightgbm) (2.4.4)
Requirement already satisfied: scipy in /home/cxc/dev/miniconda3/lib/python3.13/site-packages (from lightgbm) (1.17.1)
Requirement already satisfied: lightgbm in /home/cxc/dev/miniconda3/lib/python3.13/site-packages (4.6.0)
Requirement already satisfied: numpy>=1.17.0 in /home/cxc/dev/miniconda3/lib/python3.13/site-packages (from lightgbm) (2.4.4)
Requirement already satisfied: scipy in /home/cxc/dev/miniconda3/lib/python3.13/site-packages (from lightgbm) (1.17.1)
{
  "schema": "moebench.paper_reconstruct_cv_extras.v2",
  "dataset_root": "/home/cxc/MoEBench/dataset",
  "suites_requested": [
    "phoronix_cpu"
  ],
  "eval_partial_k_list": [
    3
  ],
  "train_k_range_requested": [
    2,
    12
  ],
  "pts_suite_target": "logmean",
  "model_type": "lightgbm",
  "policies": [
    "router"
  ],
  "xi_ablations": [
    "full",
    "static_hw_only",
    "no_perf_pmu",
    "no_dynamic_proc",
    "no_gpu"
  ],
  "suite_results": [
    {
      "suite_key": "phoronix_cpu",
      "pts_suite_filter": "cpu",
      "glob_pattern": "iZbp1acaw5wdllhz47922rZ_cpu_[0-9][0-9][0-9][0-9][0-9][0-9][0-9][0-9]T[0-9][0-9][0-9][0-9][0-9][0-9]Z/run-*.json",
      "cv_mode_effective": "random_fold",
      "folds_effective": 5,
      "sessions": [
        "iZbp1acaw5wdllhz47922rZ_cpu_20260525T045422Z"
      ],
      "n_samples": 5,
      "num_profiles_or_subtests": 4,
      "profile_ids_head": [
        "pts/namd-1.4.0",
        "pts/rodinia-1.3.2",
        "pts/stockfish-1.7.0",
        "pts/x264-2.7.0"
      ],
      "combinations": [
        {
          "suite_key": "phoronix_cpu",
          "xi_ablation": "full",
          "benchmark": "phoronix",
          "eval_partial_k": 3,
          "policy": "router",
          "oof_metrics": {
            "mae_all_targets": 4076.8942812353343,
            "rmse_all_targets": 11031.19758954628,
            "mae_subtest_index_only": 5095.924118718634,
            "rmse_subtest_index_only": 12333.25383204588,
            "mae_suite_index": 0.774931302134803,
            "rmse_suite_index": 0.9774256221907787,
            "spearman_suite": -0.7,
            "kendall_tau_suite": -0.6,
            "median_bucket_accuracy_suite": 0.4
          },
          "per_fold_metrics": [
            {
              "mae_all_targets": 637.693568731476,
              "rmse_all_targets": 1425.1052780423663,
              "mae_subtest_index_only": 796.7751641848248,
              "rmse_subtest_index_only": 1593.3159917543805,
              "mae_suite_index": 1.3671869180811882,
              "rmse_suite_index": 1.3671869180811882,
              "spearman_suite": NaN,
              "kendall_tau_suite": NaN,
              "fold": 0,
              "n_val": 1,
              "median_bucket_accuracy_suite": NaN,
              "mean_eval_wall_saved_fraction": 0.05098008970312541
            },
            {
              "mae_all_targets": 1053.658586763932,
              "rmse_all_targets": 2355.836189711907,
              "mae_subtest_index_only": 1317.013125104356,
              "rmse_subtest_index_only": 2633.9049292814916,
              "mae_suite_index": 0.2404334022352259,
              "rmse_suite_index": 0.2404334022352259,
              "spearman_suite": NaN,
              "kendall_tau_suite": NaN,
              "fold": 1,
              "n_val": 1,
              "median_bucket_accuracy_suite": NaN,
              "mean_eval_wall_saved_fraction": 0.05119274809160314
            },
            {
              "mae_all_targets": 6403.4644337093205,
              "rmse_all_targets": 14318.386408620321,
              "mae_subtest_index_only": 8004.262757592567,
              "rmse_subtest_index_only": 16008.442668318019,
              "mae_suite_index": 0.2711381763344889,
              "rmse_suite_index": 0.2711381763344889,
              "spearman_suite": NaN,
              "kendall_tau_suite": NaN,
              "fold": 2,
              "n_val": 1,
              "median_bucket_accuracy_suite": NaN,
              "mean_eval_wall_saved_fraction": 0.051191937001870434
            },
            {
              "mae_all_targets": 4792.8372808377335,
              "rmse_all_targets": 10716.175199626901,
              "mae_subtest_index_only": 5990.640541568388,
              "rmse_subtest_index_only": 11981.048075057379,
              "mae_suite_index": 1.624237915118556,
              "rmse_suite_index": 1.624237915118556,
              "spearman_suite": NaN,
              "kendall_tau_suite": NaN,
              "fold": 3,
              "n_val": 1,
              "median_bucket_accuracy_suite": NaN,
              "mean_eval_wall_saved_fraction": 0.05009385675477157
            },
            {
              "mae_all_targets": 7496.81753613421,
              "rmse_all_targets": 16763.147432273454,
              "mae_subtest_index_only": 9370.929005143036,
              "rmse_subtest_index_only": 18741.76858678597,
              "mae_suite_index": 0.371660098904556,
              "rmse_suite_index": 0.371660098904556,
              "spearman_suite": NaN,
              "kendall_tau_suite": NaN,
              "fold": 4,
              "n_val": 1,
              "median_bucket_accuracy_suite": NaN,
              "mean_eval_wall_saved_fraction": 0.05132065143013549
            }
          ],
          "time_savings": {
            "mean_fraction_wall_time_saved_vs_full_suite": 0.05095585659630121,
            "description": "Eval subset; PTS ti.by_test_id.time_s_total (or execution_cost)."
          },
          "n_oof": 5
        },
        {
          "suite_key": "phoronix_cpu",
          "xi_ablation": "static_hw_only",
          "benchmark": "phoronix",
          "eval_partial_k": 3,
          "policy": "router",
          "oof_metrics": {
            "mae_all_targets": 2563.2127770585967,
            "rmse_all_targets": 7179.434133050064,
            "mae_subtest_index_only": 3203.9071326521835,
            "rmse_subtest_index_only": 8026.851375080705,
            "mae_suite_index": 0.43535468424997814,
            "rmse_suite_index": 0.6028942989916071,
            "spearman_suite": -0.09999999999999999,
            "kendall_tau_suite": 0.0,
            "median_bucket_accuracy_suite": 0.6
          },
          "per_fold_metrics": [
            {
              "mae_all_targets": 818.5239089737148,
              "rmse_all_targets": 1830.0042952537267,
              "mae_subtest_index_only": 1023.045413494008,
              "rmse_subtest_index_only": 2046.0069899371686,
              "mae_suite_index": 0.4378908925421001,
              "rmse_suite_index": 0.4378908925421001,
              "spearman_suite": NaN,
              "kendall_tau_suite": NaN,
              "fold": 0,
              "n_val": 1,
              "median_bucket_accuracy_suite": NaN,
              "mean_eval_wall_saved_fraction": 0.05098008970312541
            },
            {
              "mae_all_targets": 212.90867391764087,
              "rmse_all_targets": 475.8445191234101,
              "mae_subtest_index_only": 266.05343593619295,
              "rmse_subtest_index_only": 532.0103202114012,
              "mae_suite_index": 0.3296258434324386,
              "rmse_suite_index": 0.3296258434324386,
              "spearman_suite": NaN,
              "kendall_tau_suite": NaN,
              "fold": 1,
              "n_val": 1,
              "median_bucket_accuracy_suite": NaN,
              "mean_eval_wall_saved_fraction": 0.05119274809160314
            },
            {
              "mae_all_targets": 3280.0324483288337,
              "rmse_all_targets": 7334.323855058387,
              "mae_subtest_index_only": 4100.0250394810355,
              "rmse_subtest_index_only": 8200.023354395678,
              "mae_suite_index": 0.062083720027374056,
              "rmse_suite_index": 0.062083720027374056,
              "spearman_suite": NaN,
              "kendall_tau_suite": NaN,
              "fold": 2,
              "n_val": 1,
              "median_bucket_accuracy_suite": NaN,
              "mean_eval_wall_saved_fraction": 0.051191937001870434
            },
            {
              "mae_all_targets": 2854.274274027753,
              "rmse_all_targets": 6381.658990711567,
              "mae_subtest_index_only": 3567.5368647833216,
              "rmse_subtest_index_only": 7134.91162998342,
              "mae_suite_index": 1.223911005479863,
              "rmse_suite_index": 1.223911005479863,
              "spearman_suite": NaN,
              "kendall_tau_suite": NaN,
              "fold": 3,
              "n_val": 1,
              "median_bucket_accuracy_suite": NaN,
              "mean_eval_wall_saved_fraction": 0.05009385675477157
            },
            {
              "mae_all_targets": 5650.32458004504,
              "rmse_all_targets": 12634.403458113344,
              "mae_subtest_index_only": 7062.874909566358,
              "rmse_subtest_index_only": 14125.692493615477,
              "mae_suite_index": 0.12326195976811505,
              "rmse_suite_index": 0.12326195976811505,
              "spearman_suite": NaN,
              "kendall_tau_suite": NaN,
              "fold": 4,
              "n_val": 1,
              "median_bucket_accuracy_suite": NaN,
              "mean_eval_wall_saved_fraction": 0.05132065143013549
            }
          ],
          "time_savings": {
            "mean_fraction_wall_time_saved_vs_full_suite": 0.05095585659630121,
            "description": "Eval subset; PTS ti.by_test_id.time_s_total (or execution_cost)."
          },
          "n_oof": 5
        },
        {
          "suite_key": "phoronix_cpu",
          "xi_ablation": "no_perf_pmu",
          "benchmark": "phoronix",
          "eval_partial_k": 3,
          "policy": "router",
          "oof_metrics": {
            "mae_all_targets": 4076.8942812353343,
            "rmse_all_targets": 11031.19758954628,
            "mae_subtest_index_only": 5095.924118718634,
            "rmse_subtest_index_only": 12333.25383204588,
            "mae_suite_index": 0.774931302134803,
            "rmse_suite_index": 0.9774256221907787,
            "spearman_suite": -0.7,
            "kendall_tau_suite": -0.6,
            "median_bucket_accuracy_suite": 0.4
          },
          "per_fold_metrics": [
            {
              "mae_all_targets": 637.693568731476,
              "rmse_all_targets": 1425.1052780423663,
              "mae_subtest_index_only": 796.7751641848248,
              "rmse_subtest_index_only": 1593.3159917543805,
              "mae_suite_index": 1.3671869180811882,
              "rmse_suite_index": 1.3671869180811882,
              "spearman_suite": NaN,
              "kendall_tau_suite": NaN,
              "fold": 0,
              "n_val": 1,
              "median_bucket_accuracy_suite": NaN,
              "mean_eval_wall_saved_fraction": 0.05098008970312541
            },
            {
              "mae_all_targets": 1053.658586763932,
              "rmse_all_targets": 2355.836189711907,
              "mae_subtest_index_only": 1317.013125104356,
              "rmse_subtest_index_only": 2633.9049292814916,
              "mae_suite_index": 0.2404334022352259,
              "rmse_suite_index": 0.2404334022352259,
              "spearman_suite": NaN,
              "kendall_tau_suite": NaN,
              "fold": 1,
              "n_val": 1,
              "median_bucket_accuracy_suite": NaN,
              "mean_eval_wall_saved_fraction": 0.05119274809160314
            },
            {
              "mae_all_targets": 6403.4644337093205,
              "rmse_all_targets": 14318.386408620321,
              "mae_subtest_index_only": 8004.262757592567,
              "rmse_subtest_index_only": 16008.442668318019,
              "mae_suite_index": 0.2711381763344889,
              "rmse_suite_index": 0.2711381763344889,
              "spearman_suite": NaN,
              "kendall_tau_suite": NaN,
              "fold": 2,
              "n_val": 1,
              "median_bucket_accuracy_suite": NaN,
              "mean_eval_wall_saved_fraction": 0.051191937001870434
            },
            {
              "mae_all_targets": 4792.8372808377335,
              "rmse_all_targets": 10716.175199626901,
              "mae_subtest_index_only": 5990.640541568388,
              "rmse_subtest_index_only": 11981.048075057379,
              "mae_suite_index": 1.624237915118556,
              "rmse_suite_index": 1.624237915118556,
              "spearman_suite": NaN,
              "kendall_tau_suite": NaN,
              "fold": 3,
              "n_val": 1,
              "median_bucket_accuracy_suite": NaN,
              "mean_eval_wall_saved_fraction": 0.05009385675477157
            },
            {
              "mae_all_targets": 7496.81753613421,
              "rmse_all_targets": 16763.147432273454,
              "mae_subtest_index_only": 9370.929005143036,
              "rmse_subtest_index_only": 18741.76858678597,
              "mae_suite_index": 0.371660098904556,
              "rmse_suite_index": 0.371660098904556,
              "spearman_suite": NaN,
              "kendall_tau_suite": NaN,
              "fold": 4,
              "n_val": 1,
              "median_bucket_accuracy_suite": NaN,
              "mean_eval_wall_saved_fraction": 0.05132065143013549
            }
          ],
          "time_savings": {
            "mean_fraction_wall_time_saved_vs_full_suite": 0.05095585659630121,
            "description": "Eval subset; PTS ti.by_test_id.time_s_total (or execution_cost)."
          },
          "n_oof": 5
        },
        {
          "suite_key": "phoronix_cpu",
          "xi_ablation": "no_dynamic_proc",
          "benchmark": "phoronix",
          "eval_partial_k": 3,
          "policy": "router",
          "oof_metrics": {
            "mae_all_targets": 2563.2127770585967,
            "rmse_all_targets": 7179.434133050064,
            "mae_subtest_index_only": 3203.9071326521835,
            "rmse_subtest_index_only": 8026.851375080705,
            "mae_suite_index": 0.43535468424997814,
            "rmse_suite_index": 0.6028942989916071,
            "spearman_suite": -0.09999999999999999,
            "kendall_tau_suite": 0.0,
            "median_bucket_accuracy_suite": 0.6
          },
          "per_fold_metrics": [
            {
              "mae_all_targets": 818.5239089737148,
              "rmse_all_targets": 1830.0042952537267,
              "mae_subtest_index_only": 1023.045413494008,
              "rmse_subtest_index_only": 2046.0069899371686,
              "mae_suite_index": 0.4378908925421001,
              "rmse_suite_index": 0.4378908925421001,
              "spearman_suite": NaN,
              "kendall_tau_suite": NaN,
              "fold": 0,
              "n_val": 1,
              "median_bucket_accuracy_suite": NaN,
              "mean_eval_wall_saved_fraction": 0.05098008970312541
            },
            {
              "mae_all_targets": 212.90867391764087,
              "rmse_all_targets": 475.8445191234101,
              "mae_subtest_index_only": 266.05343593619295,
              "rmse_subtest_index_only": 532.0103202114012,
              "mae_suite_index": 0.3296258434324386,
              "rmse_suite_index": 0.3296258434324386,
              "spearman_suite": NaN,
              "kendall_tau_suite": NaN,
              "fold": 1,
              "n_val": 1,
              "median_bucket_accuracy_suite": NaN,
              "mean_eval_wall_saved_fraction": 0.05119274809160314
            },
            {
              "mae_all_targets": 3280.0324483288337,
              "rmse_all_targets": 7334.323855058387,
              "mae_subtest_index_only": 4100.0250394810355,
              "rmse_subtest_index_only": 8200.023354395678,
              "mae_suite_index": 0.062083720027374056,
              "rmse_suite_index": 0.062083720027374056,
              "spearman_suite": NaN,
              "kendall_tau_suite": NaN,
              "fold": 2,
              "n_val": 1,
              "median_bucket_accuracy_suite": NaN,
              "mean_eval_wall_saved_fraction": 0.051191937001870434
            },
            {
              "mae_all_targets": 2854.274274027753,
              "rmse_all_targets": 6381.658990711567,
              "mae_subtest_index_only": 3567.5368647833216,
              "rmse_subtest_index_only": 7134.91162998342,
              "mae_suite_index": 1.223911005479863,
              "rmse_suite_index": 1.223911005479863,
              "spearman_suite": NaN,
              "kendall_tau_suite": NaN,
              "fold": 3,
              "n_val": 1,
              "median_bucket_accuracy_suite": NaN,
              "mean_eval_wall_saved_fraction": 0.05009385675477157
            },
            {
              "mae_all_targets": 5650.32458004504,
              "rmse_all_targets": 12634.403458113344,
              "mae_subtest_index_only": 7062.874909566358,
              "rmse_subtest_index_only": 14125.692493615477,
              "mae_suite_index": 0.12326195976811505,
              "rmse_suite_index": 0.12326195976811505,
              "spearman_suite": NaN,
              "kendall_tau_suite": NaN,
              "fold": 4,
              "n_val": 1,
              "median_bucket_accuracy_suite": NaN,
              "mean_eval_wall_saved_fraction": 0.05132065143013549
            }
          ],
          "time_savings": {
            "mean_fraction_wall_time_saved_vs_full_suite": 0.05095585659630121,
            "description": "Eval subset; PTS ti.by_test_id.time_s_total (or execution_cost)."
          },
          "n_oof": 5
        },
        {
          "suite_key": "phoronix_cpu",
          "xi_ablation": "no_gpu",
          "benchmark": "phoronix",
          "eval_partial_k": 3,
          "policy": "router",
          "oof_metrics": {
            "mae_all_targets": 4076.8942812353343,
            "rmse_all_targets": 11031.19758954628,
            "mae_subtest_index_only": 5095.924118718634,
            "rmse_subtest_index_only": 12333.25383204588,
            "mae_suite_index": 0.774931302134803,
            "rmse_suite_index": 0.9774256221907787,
            "spearman_suite": -0.7,
            "kendall_tau_suite": -0.6,
            "median_bucket_accuracy_suite": 0.4
          },
          "per_fold_metrics": [
            {
              "mae_all_targets": 637.693568731476,
              "rmse_all_targets": 1425.1052780423663,
              "mae_subtest_index_only": 796.7751641848248,
              "rmse_subtest_index_only": 1593.3159917543805,
              "mae_suite_index": 1.3671869180811882,
              "rmse_suite_index": 1.3671869180811882,
              "spearman_suite": NaN,
              "kendall_tau_suite": NaN,
              "fold": 0,
              "n_val": 1,
              "median_bucket_accuracy_suite": NaN,
              "mean_eval_wall_saved_fraction": 0.05098008970312541
            },
            {
              "mae_all_targets": 1053.658586763932,
              "rmse_all_targets": 2355.836189711907,
              "mae_subtest_index_only": 1317.013125104356,
              "rmse_subtest_index_only": 2633.9049292814916,
              "mae_suite_index": 0.2404334022352259,
              "rmse_suite_index": 0.2404334022352259,
              "spearman_suite": NaN,
              "kendall_tau_suite": NaN,
              "fold": 1,
              "n_val": 1,
              "median_bucket_accuracy_suite": NaN,
              "mean_eval_wall_saved_fraction": 0.05119274809160314
            },
            {
              "mae_all_targets": 6403.4644337093205,
              "rmse_all_targets": 14318.386408620321,
              "mae_subtest_index_only": 8004.262757592567,
              "rmse_subtest_index_only": 16008.442668318019,
              "mae_suite_index": 0.2711381763344889,
              "rmse_suite_index": 0.2711381763344889,
              "spearman_suite": NaN,
              "kendall_tau_suite": NaN,
              "fold": 2,
              "n_val": 1,
              "median_bucket_accuracy_suite": NaN,
              "mean_eval_wall_saved_fraction": 0.051191937001870434
            },
            {
              "mae_all_targets": 4792.8372808377335,
              "rmse_all_targets": 10716.175199626901,
              "mae_subtest_index_only": 5990.640541568388,
              "rmse_subtest_index_only": 11981.048075057379,
              "mae_suite_index": 1.624237915118556,
              "rmse_suite_index": 1.624237915118556,
              "spearman_suite": NaN,
              "kendall_tau_suite": NaN,
              "fold": 3,
              "n_val": 1,
              "median_bucket_accuracy_suite": NaN,
              "mean_eval_wall_saved_fraction": 0.05009385675477157
            },
            {
              "mae_all_targets": 7496.81753613421,
              "rmse_all_targets": 16763.147432273454,
              "mae_subtest_index_only": 9370.929005143036,
              "rmse_subtest_index_only": 18741.76858678597,
              "mae_suite_index": 0.371660098904556,
              "rmse_suite_index": 0.371660098904556,
              "spearman_suite": NaN,
              "kendall_tau_suite": NaN,
              "fold": 4,
              "n_val": 1,
              "median_bucket_accuracy_suite": NaN,
              "mean_eval_wall_saved_fraction": 0.05132065143013549
            }
          ],
          "time_savings": {
            "mean_fraction_wall_time_saved_vs_full_suite": 0.05095585659630121,
            "description": "Eval subset; PTS ti.by_test_id.time_s_total (or execution_cost)."
          },
          "n_oof": 5
        }
      ]
    }
  ]
}
+ /home/cxc/dev/miniconda3/bin/python3 /home/cxc/MoEBench/scripts/paper_reconstruct_cv_extras.py --dataset-root /home/cxc/MoEBench/dataset --suites phoronix_gpu --cv-mode leave_one_session_out --seed 42 --model-type lightgbm --log1p-partial-value --train-aug 10 --train-k-max 12 --xi-ablations full,static_hw_only,no_perf_pmu,no_dynamic_proc,no_gpu --report-json /home/cxc/MoEBench/dataset/paper_supplementary/xi_ablation_phoronix_gpu_aces-System-Product-Name.json --auto-install --glob-pts-gpu aces-System-Product-Name_pts_nvidia-gpu-compute_[0-9][0-9][0-9][0-9][0-9][0-9][0-9][0-9]T[0-9][0-9][0-9][0-9][0-9][0-9]Z/run-*.json --router-model-pts-gpu /home/cxc/MoEBench/dataset/experiments/router_recon_grid_pts_nvidia-gpu-compute_aces-System-Product-Name_20260526T174453Z/trained_models/router_lgbm.pkl --eval-partial-k 3 --policies router
[phoronix_gpu] leave_one_session_out needs >= 2 session dirs; got 1. Falling back to random_fold.
/home/cxc/dev/miniconda3/lib/python3.13/site-packages/sklearn/utils/validation.py:2691: UserWarning: X does not have valid feature names, but LGBMRanker was fitted with feature names
  warnings.warn(
Requirement already satisfied: lightgbm in /home/cxc/dev/miniconda3/lib/python3.13/site-packages (4.6.0)
Requirement already satisfied: numpy>=1.17.0 in /home/cxc/dev/miniconda3/lib/python3.13/site-packages (from lightgbm) (2.4.4)
Requirement already satisfied: scipy in /home/cxc/dev/miniconda3/lib/python3.13/site-packages (from lightgbm) (1.17.1)
/home/cxc/dev/miniconda3/lib/python3.13/site-packages/sklearn/utils/validation.py:2691: UserWarning: X does not have valid feature names, but LGBMRanker was fitted with feature names
  warnings.warn(
Requirement already satisfied: lightgbm in /home/cxc/dev/miniconda3/lib/python3.13/site-packages (4.6.0)
Requirement already satisfied: numpy>=1.17.0 in /home/cxc/dev/miniconda3/lib/python3.13/site-packages (from lightgbm) (2.4.4)
Requirement already satisfied: scipy in /home/cxc/dev/miniconda3/lib/python3.13/site-packages (from lightgbm) (1.17.1)
/home/cxc/dev/miniconda3/lib/python3.13/site-packages/sklearn/utils/validation.py:2691: UserWarning: X does not have valid feature names, but LGBMRanker was fitted with feature names
  warnings.warn(
Requirement already satisfied: lightgbm in /home/cxc/dev/miniconda3/lib/python3.13/site-packages (4.6.0)
Requirement already satisfied: numpy>=1.17.0 in /home/cxc/dev/miniconda3/lib/python3.13/site-packages (from lightgbm) (2.4.4)
Requirement already satisfied: scipy in /home/cxc/dev/miniconda3/lib/python3.13/site-packages (from lightgbm) (1.17.1)
/home/cxc/dev/miniconda3/lib/python3.13/site-packages/sklearn/utils/validation.py:2691: UserWarning: X does not have valid feature names, but LGBMRanker was fitted with feature names
  warnings.warn(
Requirement already satisfied: lightgbm in /home/cxc/dev/miniconda3/lib/python3.13/site-packages (4.6.0)
Requirement already satisfied: numpy>=1.17.0 in /home/cxc/dev/miniconda3/lib/python3.13/site-packages (from lightgbm) (2.4.4)
Requirement already satisfied: scipy in /home/cxc/dev/miniconda3/lib/python3.13/site-packages (from lightgbm) (1.17.1)
/home/cxc/dev/miniconda3/lib/python3.13/site-packages/sklearn/utils/validation.py:2691: UserWarning: X does not have valid feature names, but LGBMRanker was fitted with feature names
  warnings.warn(
Requirement already satisfied: lightgbm in /home/cxc/dev/miniconda3/lib/python3.13/site-packages (4.6.0)
Requirement already satisfied: numpy>=1.17.0 in /home/cxc/dev/miniconda3/lib/python3.13/site-packages (from lightgbm) (2.4.4)
Requirement already satisfied: scipy in /home/cxc/dev/miniconda3/lib/python3.13/site-packages (from lightgbm) (1.17.1)
/home/cxc/dev/miniconda3/lib/python3.13/site-packages/sklearn/utils/validation.py:2691: UserWarning: X does not have valid feature names, but LGBMRanker was fitted with feature names
  warnings.warn(
Requirement already satisfied: lightgbm in /home/cxc/dev/miniconda3/lib/python3.13/site-packages (4.6.0)
Requirement already satisfied: numpy>=1.17.0 in /home/cxc/dev/miniconda3/lib/python3.13/site-packages (from lightgbm) (2.4.4)
Requirement already satisfied: scipy in /home/cxc/dev/miniconda3/lib/python3.13/site-packages (from lightgbm) (1.17.1)
/home/cxc/dev/miniconda3/lib/python3.13/site-packages/sklearn/utils/validation.py:2691: UserWarning: X does not have valid feature names, but LGBMRanker was fitted with feature names
  warnings.warn(
Requirement already satisfied: lightgbm in /home/cxc/dev/miniconda3/lib/python3.13/site-packages (4.6.0)
Requirement already satisfied: numpy>=1.17.0 in /home/cxc/dev/miniconda3/lib/python3.13/site-packages (from lightgbm) (2.4.4)
Requirement already satisfied: scipy in /home/cxc/dev/miniconda3/lib/python3.13/site-packages (from lightgbm) (1.17.1)
/home/cxc/dev/miniconda3/lib/python3.13/site-packages/sklearn/utils/validation.py:2691: UserWarning: X does not have valid feature names, but LGBMRanker was fitted with feature names
  warnings.warn(
Requirement already satisfied: lightgbm in /home/cxc/dev/miniconda3/lib/python3.13/site-packages (4.6.0)
Requirement already satisfied: numpy>=1.17.0 in /home/cxc/dev/miniconda3/lib/python3.13/site-packages (from lightgbm) (2.4.4)
Requirement already satisfied: scipy in /home/cxc/dev/miniconda3/lib/python3.13/site-packages (from lightgbm) (1.17.1)
/home/cxc/dev/miniconda3/lib/python3.13/site-packages/sklearn/utils/validation.py:2691: UserWarning: X does not have valid feature names, but LGBMRanker was fitted with feature names
  warnings.warn(
Requirement already satisfied: lightgbm in /home/cxc/dev/miniconda3/lib/python3.13/site-packages (4.6.0)
Requirement already satisfied: numpy>=1.17.0 in /home/cxc/dev/miniconda3/lib/python3.13/site-packages (from lightgbm) (2.4.4)
Requirement already satisfied: scipy in /home/cxc/dev/miniconda3/lib/python3.13/site-packages (from lightgbm) (1.17.1)
/home/cxc/dev/miniconda3/lib/python3.13/site-packages/sklearn/utils/validation.py:2691: UserWarning: X does not have valid feature names, but LGBMRanker was fitted with feature names
  warnings.warn(
Requirement already satisfied: lightgbm in /home/cxc/dev/miniconda3/lib/python3.13/site-packages (4.6.0)
Requirement already satisfied: numpy>=1.17.0 in /home/cxc/dev/miniconda3/lib/python3.13/site-packages (from lightgbm) (2.4.4)
Requirement already satisfied: scipy in /home/cxc/dev/miniconda3/lib/python3.13/site-packages (from lightgbm) (1.17.1)
/home/cxc/dev/miniconda3/lib/python3.13/site-packages/sklearn/utils/validation.py:2691: UserWarning: X does not have valid feature names, but LGBMRanker was fitted with feature names
  warnings.warn(
Requirement already satisfied: lightgbm in /home/cxc/dev/miniconda3/lib/python3.13/site-packages (4.6.0)
Requirement already satisfied: numpy>=1.17.0 in /home/cxc/dev/miniconda3/lib/python3.13/site-packages (from lightgbm) (2.4.4)
Requirement already satisfied: scipy in /home/cxc/dev/miniconda3/lib/python3.13/site-packages (from lightgbm) (1.17.1)
/home/cxc/dev/miniconda3/lib/python3.13/site-packages/sklearn/utils/validation.py:2691: UserWarning: X does not have valid feature names, but LGBMRanker was fitted with feature names
  warnings.warn(
Requirement already satisfied: lightgbm in /home/cxc/dev/miniconda3/lib/python3.13/site-packages (4.6.0)
Requirement already satisfied: numpy>=1.17.0 in /home/cxc/dev/miniconda3/lib/python3.13/site-packages (from lightgbm) (2.4.4)
Requirement already satisfied: scipy in /home/cxc/dev/miniconda3/lib/python3.13/site-packages (from lightgbm) (1.17.1)
/home/cxc/dev/miniconda3/lib/python3.13/site-packages/sklearn/utils/validation.py:2691: UserWarning: X does not have valid feature names, but LGBMRanker was fitted with feature names
  warnings.warn(
Requirement already satisfied: lightgbm in /home/cxc/dev/miniconda3/lib/python3.13/site-packages (4.6.0)
Requirement already satisfied: numpy>=1.17.0 in /home/cxc/dev/miniconda3/lib/python3.13/site-packages (from lightgbm) (2.4.4)
Requirement already satisfied: scipy in /home/cxc/dev/miniconda3/lib/python3.13/site-packages (from lightgbm) (1.17.1)
/home/cxc/dev/miniconda3/lib/python3.13/site-packages/sklearn/utils/validation.py:2691: UserWarning: X does not have valid feature names, but LGBMRanker was fitted with feature names
  warnings.warn(
Requirement already satisfied: lightgbm in /home/cxc/dev/miniconda3/lib/python3.13/site-packages (4.6.0)
Requirement already satisfied: numpy>=1.17.0 in /home/cxc/dev/miniconda3/lib/python3.13/site-packages (from lightgbm) (2.4.4)
Requirement already satisfied: scipy in /home/cxc/dev/miniconda3/lib/python3.13/site-packages (from lightgbm) (1.17.1)
/home/cxc/dev/miniconda3/lib/python3.13/site-packages/sklearn/utils/validation.py:2691: UserWarning: X does not have valid feature names, but LGBMRanker was fitted with feature names
  warnings.warn(
Requirement already satisfied: lightgbm in /home/cxc/dev/miniconda3/lib/python3.13/site-packages (4.6.0)
Requirement already satisfied: numpy>=1.17.0 in /home/cxc/dev/miniconda3/lib/python3.13/site-packages (from lightgbm) (2.4.4)
Requirement already satisfied: scipy in /home/cxc/dev/miniconda3/lib/python3.13/site-packages (from lightgbm) (1.17.1)
/home/cxc/dev/miniconda3/lib/python3.13/site-packages/sklearn/utils/validation.py:2691: UserWarning: X does not have valid feature names, but LGBMRanker was fitted with feature names
  warnings.warn(
Requirement already satisfied: lightgbm in /home/cxc/dev/miniconda3/lib/python3.13/site-packages (4.6.0)
Requirement already satisfied: numpy>=1.17.0 in /home/cxc/dev/miniconda3/lib/python3.13/site-packages (from lightgbm) (2.4.4)
Requirement already satisfied: scipy in /home/cxc/dev/miniconda3/lib/python3.13/site-packages (from lightgbm) (1.17.1)
/home/cxc/dev/miniconda3/lib/python3.13/site-packages/sklearn/utils/validation.py:2691: UserWarning: X does not have valid feature names, but LGBMRanker was fitted with feature names
  warnings.warn(
Requirement already satisfied: lightgbm in /home/cxc/dev/miniconda3/lib/python3.13/site-packages (4.6.0)
Requirement already satisfied: numpy>=1.17.0 in /home/cxc/dev/miniconda3/lib/python3.13/site-packages (from lightgbm) (2.4.4)
Requirement already satisfied: scipy in /home/cxc/dev/miniconda3/lib/python3.13/site-packages (from lightgbm) (1.17.1)
/home/cxc/dev/miniconda3/lib/python3.13/site-packages/sklearn/utils/validation.py:2691: UserWarning: X does not have valid feature names, but LGBMRanker was fitted with feature names
  warnings.warn(
Requirement already satisfied: lightgbm in /home/cxc/dev/miniconda3/lib/python3.13/site-packages (4.6.0)
Requirement already satisfied: numpy>=1.17.0 in /home/cxc/dev/miniconda3/lib/python3.13/site-packages (from lightgbm) (2.4.4)
Requirement already satisfied: scipy in /home/cxc/dev/miniconda3/lib/python3.13/site-packages (from lightgbm) (1.17.1)
/home/cxc/dev/miniconda3/lib/python3.13/site-packages/sklearn/utils/validation.py:2691: UserWarning: X does not have valid feature names, but LGBMRanker was fitted with feature names
  warnings.warn(
Requirement already satisfied: lightgbm in /home/cxc/dev/miniconda3/lib/python3.13/site-packages (4.6.0)
Requirement already satisfied: numpy>=1.17.0 in /home/cxc/dev/miniconda3/lib/python3.13/site-packages (from lightgbm) (2.4.4)
Requirement already satisfied: scipy in /home/cxc/dev/miniconda3/lib/python3.13/site-packages (from lightgbm) (1.17.1)
/home/cxc/dev/miniconda3/lib/python3.13/site-packages/sklearn/utils/validation.py:2691: UserWarning: X does not have valid feature names, but LGBMRanker was fitted with feature names
  warnings.warn(
Requirement already satisfied: lightgbm in /home/cxc/dev/miniconda3/lib/python3.13/site-packages (4.6.0)
Requirement already satisfied: numpy>=1.17.0 in /home/cxc/dev/miniconda3/lib/python3.13/site-packages (from lightgbm) (2.4.4)
Requirement already satisfied: scipy in /home/cxc/dev/miniconda3/lib/python3.13/site-packages (from lightgbm) (1.17.1)
/home/cxc/dev/miniconda3/lib/python3.13/site-packages/sklearn/utils/validation.py:2691: UserWarning: X does not have valid feature names, but LGBMRanker was fitted with feature names
  warnings.warn(
Requirement already satisfied: lightgbm in /home/cxc/dev/miniconda3/lib/python3.13/site-packages (4.6.0)
Requirement already satisfied: numpy>=1.17.0 in /home/cxc/dev/miniconda3/lib/python3.13/site-packages (from lightgbm) (2.4.4)
Requirement already satisfied: scipy in /home/cxc/dev/miniconda3/lib/python3.13/site-packages (from lightgbm) (1.17.1)
/home/cxc/dev/miniconda3/lib/python3.13/site-packages/sklearn/utils/validation.py:2691: UserWarning: X does not have valid feature names, but LGBMRanker was fitted with feature names
  warnings.warn(
Requirement already satisfied: lightgbm in /home/cxc/dev/miniconda3/lib/python3.13/site-packages (4.6.0)
Requirement already satisfied: numpy>=1.17.0 in /home/cxc/dev/miniconda3/lib/python3.13/site-packages (from lightgbm) (2.4.4)
Requirement already satisfied: scipy in /home/cxc/dev/miniconda3/lib/python3.13/site-packages (from lightgbm) (1.17.1)
/home/cxc/dev/miniconda3/lib/python3.13/site-packages/sklearn/utils/validation.py:2691: UserWarning: X does not have valid feature names, but LGBMRanker was fitted with feature names
  warnings.warn(
Requirement already satisfied: lightgbm in /home/cxc/dev/miniconda3/lib/python3.13/site-packages (4.6.0)
Requirement already satisfied: numpy>=1.17.0 in /home/cxc/dev/miniconda3/lib/python3.13/site-packages (from lightgbm) (2.4.4)
Requirement already satisfied: scipy in /home/cxc/dev/miniconda3/lib/python3.13/site-packages (from lightgbm) (1.17.1)
/home/cxc/dev/miniconda3/lib/python3.13/site-packages/sklearn/utils/validation.py:2691: UserWarning: X does not have valid feature names, but LGBMRanker was fitted with feature names
  warnings.warn(
Requirement already satisfied: lightgbm in /home/cxc/dev/miniconda3/lib/python3.13/site-packages (4.6.0)
Requirement already satisfied: numpy>=1.17.0 in /home/cxc/dev/miniconda3/lib/python3.13/site-packages (from lightgbm) (2.4.4)
Requirement already satisfied: scipy in /home/cxc/dev/miniconda3/lib/python3.13/site-packages (from lightgbm) (1.17.1)
/home/cxc/dev/miniconda3/lib/python3.13/site-packages/sklearn/utils/validation.py:2691: UserWarning: X does not have valid feature names, but LGBMRanker was fitted with feature names
  warnings.warn(
Requirement already satisfied: lightgbm in /home/cxc/dev/miniconda3/lib/python3.13/site-packages (4.6.0)
Requirement already satisfied: numpy>=1.17.0 in /home/cxc/dev/miniconda3/lib/python3.13/site-packages (from lightgbm) (2.4.4)
Requirement already satisfied: scipy in /home/cxc/dev/miniconda3/lib/python3.13/site-packages (from lightgbm) (1.17.1)
{
  "schema": "moebench.paper_reconstruct_cv_extras.v2",
  "dataset_root": "/home/cxc/MoEBench/dataset",
  "suites_requested": [
    "phoronix_gpu"
  ],
  "eval_partial_k_list": [
    3
  ],
  "train_k_range_requested": [
    2,
    12
  ],
  "pts_suite_target": "logmean",
  "model_type": "lightgbm",
  "policies": [
    "router"
  ],
  "xi_ablations": [
    "full",
    "static_hw_only",
    "no_perf_pmu",
    "no_dynamic_proc",
    "no_gpu"
  ],
  "suite_results": [
    {
      "suite_key": "phoronix_gpu",
      "pts_suite_filter": "pts/nvidia-gpu-compute",
      "glob_pattern": "aces-System-Product-Name_pts_nvidia-gpu-compute_[0-9][0-9][0-9][0-9][0-9][0-9][0-9][0-9]T[0-9][0-9][0-9][0-9][0-9][0-9]Z/run-*.json",
      "cv_mode_effective": "random_fold",
      "folds_effective": 5,
      "sessions": [
        "aces-System-Product-Name_pts_nvidia-gpu-compute_20260522T041557Z"
      ],
      "n_samples": 5,
      "num_profiles_or_subtests": 10,
      "profile_ids_head": [
        "pts/blender-5.1.0",
        "pts/cl-mem-1.0.1",
        "pts/clpeak-1.1.0",
        "pts/fahbench-1.0.2",
        "pts/financebench-1.1.1",
        "pts/hashcat-1.3.1",
        "pts/luxcorerender-1.4.0",
        "pts/ncnn-1.6.0"
      ],
      "combinations": [
        {
          "suite_key": "phoronix_gpu",
          "xi_ablation": "full",
          "benchmark": "phoronix",
          "eval_partial_k": 3,
          "policy": "router",
          "oof_metrics": {
            "mae_all_targets": 5009.324203655671,
            "rmse_all_targets": 22301.52246246053,
            "mae_subtest_index_only": 5510.039002949173,
            "rmse_subtest_index_only": 23390.034071082082,
            "mae_suite_index": 2.1762107206451504,
            "rmse_suite_index": 2.667609559314022,
            "spearman_suite": -0.8999999999999998,
            "kendall_tau_suite": -0.8,
            "median_bucket_accuracy_suite": 0.0
          },
          "per_fold_metrics": [
            {
              "mae_all_targets": 2032.883359621438,
              "rmse_all_targets": 6733.11837728831,
              "mae_subtest_index_only": 2235.8787545758987,
              "rmse_subtest_index_only": 7061.754069117033,
              "mae_suite_index": 2.929410076829953,
              "rmse_suite_index": 2.929410076829953,
              "spearman_suite": NaN,
              "kendall_tau_suite": NaN,
              "fold": 0,
              "n_val": 1,
              "median_bucket_accuracy_suite": NaN,
              "mean_eval_wall_saved_fraction": 0.9495400420374264
            },
            {
              "mae_all_targets": 669.6395287122236,
              "rmse_all_targets": 2211.7970184929286,
              "mae_subtest_index_only": 736.1149733521185,
              "rmse_subtest_index_only": 2319.7517689857914,
              "mae_suite_index": 4.885082313276371,
              "rmse_suite_index": 4.885082313276371,
              "spearman_suite": NaN,
              "kendall_tau_suite": NaN,
              "fold": 1,
              "n_val": 1,
              "median_bucket_accuracy_suite": NaN,
              "mean_eval_wall_saved_fraction": 0.9835901205397195
            },
            {
              "mae_all_targets": 5257.299044519481,
              "rmse_all_targets": 17428.893271478722,
              "mae_subtest_index_only": 5782.9277517808605,
              "rmse_subtest_index_only": 18279.577474138925,
              "mae_suite_index": 1.011971905690018,
              "rmse_suite_index": 1.011971905690018,
              "spearman_suite": NaN,
              "kendall_tau_suite": NaN,
              "fold": 2,
              "n_val": 1,
              "median_bucket_accuracy_suite": NaN,
              "mean_eval_wall_saved_fraction": 0.9622965332065729
            },
            {
              "mae_all_targets": 3643.1932149941717,
              "rmse_all_targets": 12074.966715678502,
              "mae_subtest_index_only": 4007.4113488615285,
              "rmse_subtest_index_only": 12664.331928721256,
              "mae_suite_index": 1.0118763206053245,
              "rmse_suite_index": 1.0118763206053245,
              "spearman_suite": NaN,
              "kendall_tau_suite": NaN,
              "fold": 3,
              "n_val": 1,
              "median_bucket_accuracy_suite": NaN,
              "mean_eval_wall_saved_fraction": 0.9475144412187255
            },
            {
              "mae_all_targets": 13443.60587043104,
              "rmse_all_targets": 44575.68226882485,
              "mae_subtest_index_only": 14787.862186175462,
              "rmse_subtest_index_only": 46751.36997560204,
              "mae_suite_index": 1.0427129868240854,
              "rmse_suite_index": 1.0427129868240854,
              "spearman_suite": NaN,
              "kendall_tau_suite": NaN,
              "fold": 4,
              "n_val": 1,
              "median_bucket_accuracy_suite": NaN,
              "mean_eval_wall_saved_fraction": 0.9665083309420162
            }
          ],
          "time_savings": {
            "mean_fraction_wall_time_saved_vs_full_suite": 0.9618898935888922,
            "description": "Eval subset; PTS ti.by_test_id.time_s_total (or execution_cost)."
          },
          "n_oof": 5
        },
        {
          "suite_key": "phoronix_gpu",
          "xi_ablation": "static_hw_only",
          "benchmark": "phoronix",
          "eval_partial_k": 3,
          "policy": "router",
          "oof_metrics": {
            "mae_all_targets": 11823.287265444631,
            "rmse_all_targets": 40914.11057344619,
            "mae_subtest_index_only": 13005.43870867174,
            "rmse_subtest_index_only": 42911.081178960994,
            "mae_suite_index": 1.7728331735797043,
            "rmse_suite_index": 2.1689152228140127,
            "spearman_suite": 0.0,
            "kendall_tau_suite": -0.2,
            "median_bucket_accuracy_suite": 0.6
          },
          "per_fold_metrics": [
            {
              "mae_all_targets": 13323.173228966714,
              "rmse_all_targets": 44185.03032518247,
              "mae_subtest_index_only": 14655.406317043424,
              "rmse_subtest_index_only": 46341.65076095228,
              "mae_suite_index": 0.8423481996411226,
              "rmse_suite_index": 0.8423481996411226,
              "spearman_suite": NaN,
              "kendall_tau_suite": NaN,
              "fold": 0,
              "n_val": 1,
              "median_bucket_accuracy_suite": NaN,
              "mean_eval_wall_saved_fraction": 0.9495400420374264
            },
            {
              "mae_all_targets": 10569.338863647643,
              "rmse_all_targets": 35047.26162733469,
              "mae_subtest_index_only": 11625.864306795507,
              "rmse_subtest_index_only": 36757.87807619031,
              "mae_suite_index": 4.084432168992748,
              "rmse_suite_index": 4.084432168992748,
              "spearman_suite": NaN,
              "kendall_tau_suite": NaN,
              "fold": 1,
              "n_val": 1,
              "median_bucket_accuracy_suite": NaN,
              "mean_eval_wall_saved_fraction": 0.9835901205397195
            },
            {
              "mae_all_targets": 16246.060045818745,
              "rmse_all_targets": 53875.00975481411,
              "mae_subtest_index_only": 17870.45560362933,
              "rmse_subtest_index_only": 56504.58692218331,
              "mae_suite_index": 2.1044677128986393,
              "rmse_suite_index": 2.1044677128986393,
              "spearman_suite": NaN,
              "kendall_tau_suite": NaN,
              "fold": 2,
              "n_val": 1,
              "median_bucket_accuracy_suite": NaN,
              "mean_eval_wall_saved_fraction": 0.9622965332065729
            },
            {
              "mae_all_targets": 13222.001255523644,
              "rmse_all_targets": 43846.707048237105,
              "mae_subtest_index_only": 14544.119797846826,
              "rmse_subtest_index_only": 45986.81431459196,
              "mae_suite_index": 0.8158322918067427,
              "rmse_suite_index": 0.8158322918067427,
              "spearman_suite": NaN,
              "kendall_tau_suite": NaN,
              "fold": 3,
              "n_val": 1,
              "median_bucket_accuracy_suite": NaN,
              "mean_eval_wall_saved_fraction": 0.9475144412187255
            },
            {
              "mae_all_targets": 5755.862933266433,
              "rmse_all_targets": 19082.56724378361,
              "mae_subtest_index_only": 6331.34751804362,
              "rmse_subtest_index_only": 20013.9653684978,
              "mae_suite_index": 1.017085494559268,
              "rmse_suite_index": 1.017085494559268,
              "spearman_suite": NaN,
              "kendall_tau_suite": NaN,
              "fold": 4,
              "n_val": 1,
              "median_bucket_accuracy_suite": NaN,
              "mean_eval_wall_saved_fraction": 0.9665083309420162
            }
          ],
          "time_savings": {
            "mean_fraction_wall_time_saved_vs_full_suite": 0.9618898935888922,
            "description": "Eval subset; PTS ti.by_test_id.time_s_total (or execution_cost)."
          },
          "n_oof": 5
        },
        {
          "suite_key": "phoronix_gpu",
          "xi_ablation": "no_perf_pmu",
          "benchmark": "phoronix",
          "eval_partial_k": 3,
          "policy": "router",
          "oof_metrics": {
            "mae_all_targets": 5009.324203655671,
            "rmse_all_targets": 22301.52246246053,
            "mae_subtest_index_only": 5510.039002949173,
            "rmse_subtest_index_only": 23390.034071082082,
            "mae_suite_index": 2.1762107206451504,
            "rmse_suite_index": 2.667609559314022,
            "spearman_suite": -0.8999999999999998,
            "kendall_tau_suite": -0.8,
            "median_bucket_accuracy_suite": 0.0
          },
          "per_fold_metrics": [
            {
              "mae_all_targets": 2032.883359621438,
              "rmse_all_targets": 6733.11837728831,
              "mae_subtest_index_only": 2235.8787545758987,
              "rmse_subtest_index_only": 7061.754069117033,
              "mae_suite_index": 2.929410076829953,
              "rmse_suite_index": 2.929410076829953,
              "spearman_suite": NaN,
              "kendall_tau_suite": NaN,
              "fold": 0,
              "n_val": 1,
              "median_bucket_accuracy_suite": NaN,
              "mean_eval_wall_saved_fraction": 0.9495400420374264
            },
            {
              "mae_all_targets": 669.6395287122236,
              "rmse_all_targets": 2211.7970184929286,
              "mae_subtest_index_only": 736.1149733521185,
              "rmse_subtest_index_only": 2319.7517689857914,
              "mae_suite_index": 4.885082313276371,
              "rmse_suite_index": 4.885082313276371,
              "spearman_suite": NaN,
              "kendall_tau_suite": NaN,
              "fold": 1,
              "n_val": 1,
              "median_bucket_accuracy_suite": NaN,
              "mean_eval_wall_saved_fraction": 0.9835901205397195
            },
            {
              "mae_all_targets": 5257.299044519481,
              "rmse_all_targets": 17428.893271478722,
              "mae_subtest_index_only": 5782.9277517808605,
              "rmse_subtest_index_only": 18279.577474138925,
              "mae_suite_index": 1.011971905690018,
              "rmse_suite_index": 1.011971905690018,
              "spearman_suite": NaN,
              "kendall_tau_suite": NaN,
              "fold": 2,
              "n_val": 1,
              "median_bucket_accuracy_suite": NaN,
              "mean_eval_wall_saved_fraction": 0.9622965332065729
            },
            {
              "mae_all_targets": 3643.1932149941717,
              "rmse_all_targets": 12074.966715678502,
              "mae_subtest_index_only": 4007.4113488615285,
              "rmse_subtest_index_only": 12664.331928721256,
              "mae_suite_index": 1.0118763206053245,
              "rmse_suite_index": 1.0118763206053245,
              "spearman_suite": NaN,
              "kendall_tau_suite": NaN,
              "fold": 3,
              "n_val": 1,
              "median_bucket_accuracy_suite": NaN,
              "mean_eval_wall_saved_fraction": 0.9475144412187255
            },
            {
              "mae_all_targets": 13443.60587043104,
              "rmse_all_targets": 44575.68226882485,
              "mae_subtest_index_only": 14787.862186175462,
              "rmse_subtest_index_only": 46751.36997560204,
              "mae_suite_index": 1.0427129868240854,
              "rmse_suite_index": 1.0427129868240854,
              "spearman_suite": NaN,
              "kendall_tau_suite": NaN,
              "fold": 4,
              "n_val": 1,
              "median_bucket_accuracy_suite": NaN,
              "mean_eval_wall_saved_fraction": 0.9665083309420162
            }
          ],
          "time_savings": {
            "mean_fraction_wall_time_saved_vs_full_suite": 0.9618898935888922,
            "description": "Eval subset; PTS ti.by_test_id.time_s_total (or execution_cost)."
          },
          "n_oof": 5
        },
        {
          "suite_key": "phoronix_gpu",
          "xi_ablation": "no_dynamic_proc",
          "benchmark": "phoronix",
          "eval_partial_k": 3,
          "policy": "router",
          "oof_metrics": {
            "mae_all_targets": 11823.287265444631,
            "rmse_all_targets": 40914.11057344619,
            "mae_subtest_index_only": 13005.43870867174,
            "rmse_subtest_index_only": 42911.081178960994,
            "mae_suite_index": 1.7728331735797043,
            "rmse_suite_index": 2.1689152228140127,
            "spearman_suite": 0.0,
            "kendall_tau_suite": -0.2,
            "median_bucket_accuracy_suite": 0.6
          },
          "per_fold_metrics": [
            {
              "mae_all_targets": 13323.173228966714,
              "rmse_all_targets": 44185.03032518247,
              "mae_subtest_index_only": 14655.406317043424,
              "rmse_subtest_index_only": 46341.65076095228,
              "mae_suite_index": 0.8423481996411226,
              "rmse_suite_index": 0.8423481996411226,
              "spearman_suite": NaN,
              "kendall_tau_suite": NaN,
              "fold": 0,
              "n_val": 1,
              "median_bucket_accuracy_suite": NaN,
              "mean_eval_wall_saved_fraction": 0.9495400420374264
            },
            {
              "mae_all_targets": 10569.338863647643,
              "rmse_all_targets": 35047.26162733469,
              "mae_subtest_index_only": 11625.864306795507,
              "rmse_subtest_index_only": 36757.87807619031,
              "mae_suite_index": 4.084432168992748,
              "rmse_suite_index": 4.084432168992748,
              "spearman_suite": NaN,
              "kendall_tau_suite": NaN,
              "fold": 1,
              "n_val": 1,
              "median_bucket_accuracy_suite": NaN,
              "mean_eval_wall_saved_fraction": 0.9835901205397195
            },
            {
              "mae_all_targets": 16246.060045818745,
              "rmse_all_targets": 53875.00975481411,
              "mae_subtest_index_only": 17870.45560362933,
              "rmse_subtest_index_only": 56504.58692218331,
              "mae_suite_index": 2.1044677128986393,
              "rmse_suite_index": 2.1044677128986393,
              "spearman_suite": NaN,
              "kendall_tau_suite": NaN,
              "fold": 2,
              "n_val": 1,
              "median_bucket_accuracy_suite": NaN,
              "mean_eval_wall_saved_fraction": 0.9622965332065729
            },
            {
              "mae_all_targets": 13222.001255523644,
              "rmse_all_targets": 43846.707048237105,
              "mae_subtest_index_only": 14544.119797846826,
              "rmse_subtest_index_only": 45986.81431459196,
              "mae_suite_index": 0.8158322918067427,
              "rmse_suite_index": 0.8158322918067427,
              "spearman_suite": NaN,
              "kendall_tau_suite": NaN,
              "fold": 3,
              "n_val": 1,
              "median_bucket_accuracy_suite": NaN,
              "mean_eval_wall_saved_fraction": 0.9475144412187255
            },
            {
              "mae_all_targets": 5755.862933266433,
              "rmse_all_targets": 19082.56724378361,
              "mae_subtest_index_only": 6331.34751804362,
              "rmse_subtest_index_only": 20013.9653684978,
              "mae_suite_index": 1.017085494559268,
              "rmse_suite_index": 1.017085494559268,
              "spearman_suite": NaN,
              "kendall_tau_suite": NaN,
              "fold": 4,
              "n_val": 1,
              "median_bucket_accuracy_suite": NaN,
              "mean_eval_wall_saved_fraction": 0.9665083309420162
            }
          ],
          "time_savings": {
            "mean_fraction_wall_time_saved_vs_full_suite": 0.9618898935888922,
            "description": "Eval subset; PTS ti.by_test_id.time_s_total (or execution_cost)."
          },
          "n_oof": 5
        },
        {
          "suite_key": "phoronix_gpu",
          "xi_ablation": "no_gpu",
          "benchmark": "phoronix",
          "eval_partial_k": 3,
          "policy": "router",
          "oof_metrics": {
            "mae_all_targets": 4558.151802822612,
            "rmse_all_targets": 21689.318028216585,
            "mae_subtest_index_only": 5013.757607327164,
            "rmse_subtest_index_only": 22747.948642893763,
            "mae_suite_index": 2.0937577770856195,
            "rmse_suite_index": 2.68756552795345,
            "spearman_suite": -0.7,
            "kendall_tau_suite": -0.6,
            "median_bucket_accuracy_suite": 0.4
          },
          "per_fold_metrics": [
            {
              "mae_all_targets": 870.4704669783418,
              "rmse_all_targets": 2877.577178831945,
              "mae_subtest_index_only": 957.2036602815348,
              "rmse_subtest_index_only": 3018.028243258887,
              "mae_suite_index": 3.138533946411883,
              "rmse_suite_index": 3.138533946411883,
              "spearman_suite": NaN,
              "kendall_tau_suite": NaN,
              "fold": 0,
              "n_val": 1,
              "median_bucket_accuracy_suite": NaN,
              "mean_eval_wall_saved_fraction": 0.9495400420374264
            },
            {
              "mae_all_targets": 477.266751885735,
              "rmse_all_targets": 1573.5527696703539,
              "mae_subtest_index_only": 524.5029404717241,
              "rmse_subtest_index_only": 1650.355339028505,
              "mae_suite_index": 4.904866025845138,
              "rmse_suite_index": 4.904866025845138,
              "spearman_suite": NaN,
              "kendall_tau_suite": NaN,
              "fold": 1,
              "n_val": 1,
              "median_bucket_accuracy_suite": NaN,
              "mean_eval_wall_saved_fraction": 0.9835901205397195
            },
            {
              "mae_all_targets": 4356.932062106287,
              "rmse_all_targets": 14442.292398835112,
              "mae_subtest_index_only": 4792.524258411453,
              "rmse_subtest_index_only": 15147.20405239084,
              "mae_suite_index": 1.0100990546241349,
              "rmse_suite_index": 1.0100990546241349,
              "spearman_suite": NaN,
              "kendall_tau_suite": NaN,
              "fold": 2,
              "n_val": 1,
              "median_bucket_accuracy_suite": NaN,
              "mean_eval_wall_saved_fraction": 0.9622965332065729
            },
            {
              "mae_all_targets": 3643.1942997681635,
              "rmse_all_targets": 12074.966715675946,
              "mae_subtest_index_only": 4007.4125421129197,
              "rmse_subtest_index_only": 12664.331928718575,
              "mae_suite_index": 1.0118763206053245,
              "rmse_suite_index": 1.0118763206053245,
              "spearman_suite": NaN,
              "kendall_tau_suite": NaN,
              "fold": 3,
              "n_val": 1,
              "median_bucket_accuracy_suite": NaN,
              "mean_eval_wall_saved_fraction": 0.9475144412187255
            },
            {
              "mae_all_targets": 13442.895433374533,
              "rmse_all_targets": 44575.68208102261,
              "mae_subtest_index_only": 14787.14463535819,
              "rmse_subtest_index_only": 46751.369779622146,
              "mae_suite_index": 0.40341353794161705,
              "rmse_suite_index": 0.40341353794161705,
              "spearman_suite": NaN,
              "kendall_tau_suite": NaN,
              "fold": 4,
              "n_val": 1,
              "median_bucket_accuracy_suite": NaN,
              "mean_eval_wall_saved_fraction": 0.9665083309420162
            }
          ],
          "time_savings": {
            "mean_fraction_wall_time_saved_vs_full_suite": 0.9618898935888922,
            "description": "Eval subset; PTS ti.by_test_id.time_s_total (or execution_cost)."
          },
          "n_oof": 5
        }
      ]
    }
  ]
}
Wrote /home/cxc/MoEBench/dataset/paper_supplementary/xi_ablation_three_suites_merged.json and /home/cxc/MoEBench/dataset/paper_supplementary/xi_ablation_three_suites_summary.json
